candidate_count,dataset,depth,method,mrr@10,ndcg@10,qrels_split,query_id,recall@100,seed,top1_doc_id
20,scifact,20,bm25_no_rerank,1.0,1.0,test,100,1.0,1,4381486
20,scifact,20,bm25_no_rerank,1.0,1.0,test,1062,1.0,1,20381484
20,scifact,20,bm25_no_rerank,0.0,0.0,test,1088,0.0,1,11915280
20,scifact,20,bm25_no_rerank,1.0,1.0,test,1089,1.0,1,17628888
20,scifact,20,bm25_no_rerank,0.3333333333333333,0.5,test,1099,1.0,1,21557614
20,scifact,20,bm25_no_rerank,0.1,0.2890648263178879,test,1179,1.0,1,10627801
20,scifact,20,bm25_no_rerank,0.0,0.0,test,1221,0.0,1,21479575
20,scifact,20,bm25_no_rerank,1.0,1.0,test,124,1.0,1,4883040
20,scifact,20,bm25_no_rerank,1.0,1.0,test,1271,1.0,1,13768432
20,scifact,20,bm25_no_rerank,0.0,0.0,test,1281,0.0,1,29214508
20,scifact,20,bm25_no_rerank,1.0,0.6984152163370878,test,179,0.75,1,16322674
20,scifact,20,bm25_no_rerank,1.0,1.0,test,218,1.0,1,21366394
20,scifact,20,bm25_no_rerank,0.5,0.6309297535714575,test,269,1.0,1,36838958
20,scifact,20,bm25_no_rerank,1.0,1.0,test,298,1.0,1,39381118
20,scifact,20,bm25_no_rerank,1.0,1.0,test,436,1.0,1,14637235
20,scifact,20,bm25_no_rerank,0.0,0.0,test,54,1.0,1,3973445
20,scifact,20,bm25_no_rerank,1.0,1.0,test,552,1.0,1,1471041
20,scifact,20,bm25_no_rerank,1.0,1.0,test,649,1.0,1,12789595
20,scifact,20,bm25_no_rerank,1.0,1.0,test,692,1.0,1,24088502
20,scifact,20,bm25_no_rerank,1.0,1.0,test,70,1.0,1,5956380
20,scifact,20,bm25_no_rerank,0.5,0.6309297535714575,test,729,1.0,1,18038250
20,scifact,20,bm25_no_rerank,1.0,1.0,test,770,1.0,1,15476777
20,scifact,20,bm25_no_rerank,0.3333333333333333,0.5,test,784,1.0,1,16999023
20,scifact,20,bm25_no_rerank,0.5,0.6309297535714575,test,957,1.0,1,13492264
20,scifact,20,fp32_reranker_cpu,1.0,1.0,test,100,1.0,1,4381486
20,scifact,20,fp32_reranker_cpu,1.0,1.0,test,1062,1.0,1,20381484
20,scifact,20,fp32_reranker_cpu,0.0,0.0,test,1088,0.0,1,11915280
20,scifact,20,fp32_reranker_cpu,1.0,1.0,test,1089,1.0,1,17628888
20,scifact,20,fp32_reranker_cpu,0.3333333333333333,0.5,test,1099,1.0,1,22420524
20,scifact,20,fp32_reranker_cpu,0.14285714285714285,0.3333333333333333,test,1179,1.0,1,10627801
20,scifact,20,fp32_reranker_cpu,0.0,0.0,test,1221,0.0,1,1836154
20,scifact,20,fp32_reranker_cpu,0.5,0.6309297535714575,test,124,1.0,1,7111021
20,scifact,20,fp32_reranker_cpu,1.0,1.0,test,1271,1.0,1,13768432
20,scifact,20,fp32_reranker_cpu,0.0,0.0,test,1281,0.0,1,29214508
20,scifact,20,fp32_reranker_cpu,1.0,0.7598336331031966,test,179,0.75,1,16322674
20,scifact,20,fp32_reranker_cpu,1.0,1.0,test,218,1.0,1,21366394
20,scifact,20,fp32_reranker_cpu,0.5,0.6309297535714575,test,269,1.0,1,36838958
20,scifact,20,fp32_reranker_cpu,1.0,1.0,test,298,1.0,1,39381118
20,scifact,20,fp32_reranker_cpu,1.0,1.0,test,436,1.0,1,14637235
20,scifact,20,fp32_reranker_cpu,0.14285714285714285,0.3333333333333333,test,54,1.0,1,3973445
20,scifact,20,fp32_reranker_cpu,1.0,1.0,test,552,1.0,1,1471041
20,scifact,20,fp32_reranker_cpu,0.5,0.6309297535714575,test,649,1.0,1,15041758
20,scifact,20,fp32_reranker_cpu,1.0,1.0,test,692,1.0,1,24088502
20,scifact,20,fp32_reranker_cpu,0.0,0.0,test,70,1.0,1,21307488
20,scifact,20,fp32_reranker_cpu,1.0,1.0,test,729,1.0,1,26851674
20,scifact,20,fp32_reranker_cpu,1.0,1.0,test,770,1.0,1,15476777
20,scifact,20,fp32_reranker_cpu,1.0,1.0,test,784,1.0,1,2356950
20,scifact,20,fp32_reranker_cpu,1.0,1.0,test,957,1.0,1,123859
20,scifact,20,dynamic_int8_reranker_cpu,1.0,1.0,test,100,1.0,1,4381486
20,scifact,20,dynamic_int8_reranker_cpu,1.0,1.0,test,1062,1.0,1,20381484
20,scifact,20,dynamic_int8_reranker_cpu,0.0,0.0,test,1088,0.0,1,11915280
20,scifact,20,dynamic_int8_reranker_cpu,1.0,1.0,test,1089,1.0,1,17628888
20,scifact,20,dynamic_int8_reranker_cpu,0.3333333333333333,0.5,test,1099,1.0,1,22420524
20,scifact,20,dynamic_int8_reranker_cpu,0.16666666666666666,0.3562071871080222,test,1179,1.0,1,10627801
20,scifact,20,dynamic_int8_reranker_cpu,0.0,0.0,test,1221,0.0,1,4325398
20,scifact,20,dynamic_int8_reranker_cpu,0.5,0.6309297535714575,test,124,1.0,1,7111021
20,scifact,20,dynamic_int8_reranker_cpu,1.0,1.0,test,1271,1.0,1,13768432
20,scifact,20,dynamic_int8_reranker_cpu,0.0,0.0,test,1281,0.0,1,29214508
20,scifact,20,dynamic_int8_reranker_cpu,1.0,0.7598336331031966,test,179,0.75,1,16322674
20,scifact,20,dynamic_int8_reranker_cpu,1.0,1.0,test,218,1.0,1,21366394
20,scifact,20,dynamic_int8_reranker_cpu,0.5,0.6309297535714575,test,269,1.0,1,36838958
20,scifact,20,dynamic_int8_reranker_cpu,1.0,1.0,test,298,1.0,1,39381118
20,scifact,20,dynamic_int8_reranker_cpu,1.0,1.0,test,436,1.0,1,14637235
20,scifact,20,dynamic_int8_reranker_cpu,0.1,0.2890648263178879,test,54,1.0,1,3973445
20,scifact,20,dynamic_int8_reranker_cpu,1.0,1.0,test,552,1.0,1,1471041
20,scifact,20,dynamic_int8_reranker_cpu,0.5,0.6309297535714575,test,649,1.0,1,15041758
20,scifact,20,dynamic_int8_reranker_cpu,1.0,1.0,test,692,1.0,1,24088502
20,scifact,20,dynamic_int8_reranker_cpu,0.0,0.0,test,70,1.0,1,21307488
20,scifact,20,dynamic_int8_reranker_cpu,1.0,1.0,test,729,1.0,1,26851674
20,scifact,20,dynamic_int8_reranker_cpu,1.0,1.0,test,770,1.0,1,15476777
20,scifact,20,dynamic_int8_reranker_cpu,1.0,1.0,test,784,1.0,1,2356950
20,scifact,20,dynamic_int8_reranker_cpu,1.0,1.0,test,957,1.0,1,123859
20,scifact,20,bm25_no_rerank,1.0,1.0,test,1089,1.0,2,17628888
20,scifact,20,bm25_no_rerank,1.0,1.0,test,1107,1.0,2,20532591
20,scifact,20,bm25_no_rerank,1.0,1.0,test,115,1.0,2,33872649
20,scifact,20,bm25_no_rerank,1.0,1.0,test,1202,1.0,2,3475317
20,scifact,20,bm25_no_rerank,0.0,0.0,test,1213,0.0,2,23901235
20,scifact,20,bm25_no_rerank,1.0,0.3391602052736161,test,133,0.4,2,16280642
20,scifact,20,bm25_no_rerank,1.0,1.0,test,1339,1.0,2,15482274
20,scifact,20,bm25_no_rerank,1.0,1.0,test,180,1.0,2,16966326
20,scifact,20,bm25_no_rerank,0.25,0.2640681225725909,test,261,0.5,2,35271381
20,scifact,20,bm25_no_rerank,1.0,1.0,test,3,1.0,2,14717500
20,scifact,20,bm25_no_rerank,1.0,1.0,test,411,1.0,2,14924526
20,scifact,20,bm25_no_rerank,0.0,0.0,test,437,0.0,2,39851630
20,scifact,20,bm25_no_rerank,1.0,1.0,test,521,1.0,2,34873974
20,scifact,20,bm25_no_rerank,0.5,0.6309297535714575,test,527,1.0,2,1617327
20,scifact,20,bm25_no_rerank,1.0,1.0,test,533,1.0,2,12991445
20,scifact,20,bm25_no_rerank,0.0,0.0,test,54,1.0,2,3973445
20,scifact,20,bm25_no_rerank,1.0,1.0,test,56,1.0,2,4709641
20,scifact,20,bm25_no_rerank,0.5,0.6309297535714575,test,644,1.0,2,24921368
20,scifact,20,bm25_no_rerank,1.0,1.0,test,691,1.0,2,10991183
20,scifact,20,bm25_no_rerank,1.0,1.0,test,723,1.0,2,5531479
20,scifact,20,bm25_no_rerank,1.0,1.0,test,805,1.0,2,22180793
20,scifact,20,bm25_no_rerank,1.0,1.0,test,814,1.0,2,33387953
20,scifact,20,bm25_no_rerank,1.0,1.0,test,882,1.0,2,14803797
20,scifact,20,bm25_no_rerank,1.0,1.0,test,985,1.0,2,6828370
20,scifact,20,fp32_reranker_cpu,1.0,1.0,test,1089,1.0,2,17628888
20,scifact,20,fp32_reranker_cpu,1.0,1.0,test,1107,1.0,2,20532591
20,scifact,20,fp32_reranker_cpu,1.0,1.0,test,115,1.0,2,33872649
20,scifact,20,fp32_reranker_cpu,0.5,0.6309297535714575,test,1202,1.0,2,34615397
20,scifact,20,fp32_reranker_cpu,0.0,0.0,test,1213,0.0,2,10648422
20,scifact,20,fp32_reranker_cpu,1.0,0.5531464700081437,test,133,0.4,2,12640810
20,scifact,20,fp32_reranker_cpu,1.0,1.0,test,1339,1.0,2,15482274
20,scifact,20,fp32_reranker_cpu,1.0,1.0,test,180,1.0,2,16966326
20,scifact,20,fp32_reranker_cpu,0.3333333333333333,0.3065735963827292,test,261,0.5,2,32322418
20,scifact,20,fp32_reranker_cpu,1.0,1.0,test,3,1.0,2,14717500
20,scifact,20,fp32_reranker_cpu,1.0,1.0,test,411,1.0,2,14924526
20,scifact,20,fp32_reranker_cpu,0.0,0.0,test,437,0.0,2,5765455
20,scifact,20,fp32_reranker_cpu,1.0,1.0,test,521,1.0,2,34873974
20,scifact,20,fp32_reranker_cpu,0.25,0.43067655807339306,test,527,1.0,2,1617327
20,scifact,20,fp32_reranker_cpu,1.0,1.0,test,533,1.0,2,12991445
20,scifact,20,fp32_reranker_cpu,0.14285714285714285,0.3333333333333333,test,54,1.0,2,3973445
20,scifact,20,fp32_reranker_cpu,1.0,1.0,test,56,1.0,2,4709641
20,scifact,20,fp32_reranker_cpu,1.0,1.0,test,644,1.0,2,13619127
20,scifact,20,fp32_reranker_cpu,0.5,0.6309297535714575,test,691,1.0,2,33076846
20,scifact,20,fp32_reranker_cpu,1.0,1.0,test,723,1.0,2,5531479
20,scifact,20,fp32_reranker_cpu,1.0,1.0,test,805,1.0,2,22180793
20,scifact,20,fp32_reranker_cpu,1.0,1.0,test,814,1.0,2,33387953
20,scifact,20,fp32_reranker_cpu,1.0,1.0,test,882,1.0,2,14803797
20,scifact,20,fp32_reranker_cpu,1.0,1.0,test,985,1.0,2,6828370
20,scifact,20,dynamic_int8_reranker_cpu,1.0,1.0,test,1089,1.0,2,17628888
20,scifact,20,dynamic_int8_reranker_cpu,1.0,1.0,test,1107,1.0,2,20532591
20,scifact,20,dynamic_int8_reranker_cpu,1.0,1.0,test,115,1.0,2,33872649
20,scifact,20,dynamic_int8_reranker_cpu,0.5,0.6309297535714575,test,1202,1.0,2,34615397
20,scifact,20,dynamic_int8_reranker_cpu,0.0,0.0,test,1213,0.0,2,10648422
20,scifact,20,dynamic_int8_reranker_cpu,1.0,0.48522855511632257,test,133,0.4,2,12640810
20,scifact,20,dynamic_int8_reranker_cpu,1.0,1.0,test,1339,1.0,2,15482274
20,scifact,20,dynamic_int8_reranker_cpu,1.0,1.0,test,180,1.0,2,16966326
20,scifact,20,dynamic_int8_reranker_cpu,0.3333333333333333,0.3065735963827292,test,261,0.5,2,32322418
20,scifact,20,dynamic_int8_reranker_cpu,1.0,1.0,test,3,1.0,2,14717500
20,scifact,20,dynamic_int8_reranker_cpu,1.0,1.0,test,411,1.0,2,14924526
20,scifact,20,dynamic_int8_reranker_cpu,0.0,0.0,test,437,0.0,2,5765455
20,scifact,20,dynamic_int8_reranker_cpu,1.0,1.0,test,521,1.0,2,34873974
20,scifact,20,dynamic_int8_reranker_cpu,0.3333333333333333,0.5,test,527,1.0,2,1617327
20,scifact,20,dynamic_int8_reranker_cpu,1.0,1.0,test,533,1.0,2,12991445
20,scifact,20,dynamic_int8_reranker_cpu,0.1,0.2890648263178879,test,54,1.0,2,3973445
20,scifact,20,dynamic_int8_reranker_cpu,1.0,1.0,test,56,1.0,2,4709641
20,scifact,20,dynamic_int8_reranker_cpu,1.0,1.0,test,644,1.0,2,13619127
20,scifact,20,dynamic_int8_reranker_cpu,0.5,0.6309297535714575,test,691,1.0,2,33076846
20,scifact,20,dynamic_int8_reranker_cpu,1.0,1.0,test,723,1.0,2,5531479
20,scifact,20,dynamic_int8_reranker_cpu,1.0,1.0,test,805,1.0,2,22180793
20,scifact,20,dynamic_int8_reranker_cpu,1.0,1.0,test,814,1.0,2,33387953
20,scifact,20,dynamic_int8_reranker_cpu,1.0,1.0,test,882,1.0,2,14803797
20,scifact,20,dynamic_int8_reranker_cpu,1.0,1.0,test,985,1.0,2,6828370
20,scifact,20,bm25_no_rerank,0.5,0.6309297535714575,test,1021,1.0,3,10559501
20,scifact,20,bm25_no_rerank,1.0,1.0,test,1024,1.0,3,5373138
20,scifact,20,bm25_no_rerank,0.1,0.2890648263178879,test,1179,1.0,3,10627801
20,scifact,20,bm25_no_rerank,1.0,1.0,test,118,1.0,3,6372244
20,scifact,20,bm25_no_rerank,0.3333333333333333,0.5,test,128,1.0,3,23513718
20,scifact,20,bm25_no_rerank,0.0,0.0,test,1316,0.0,3,27243019
20,scifact,20,bm25_no_rerank,1.0,0.3391602052736161,test,133,0.4,3,16280642
20,scifact,20,bm25_no_rerank,1.0,1.0,test,1389,1.0,3,23895668
20,scifact,20,bm25_no_rerank,1.0,1.0,test,219,1.0,3,21366394
20,scifact,20,bm25_no_rerank,1.0,1.0,test,230,1.0,3,3067015
20,scifact,20,bm25_no_rerank,1.0,1.0,test,233,1.0,3,4388470
20,scifact,20,bm25_no_rerank,1.0,0.46927872602275644,test,275,0.6666666666666666,3,4961038
20,scifact,20,bm25_no_rerank,1.0,1.0,test,532,1.0,3,12991445
20,scifact,20,bm25_no_rerank,1.0,1.0,test,552,1.0,3,1471041
20,scifact,20,bm25_no_rerank,1.0,1.0,test,569,1.0,3,23460562
20,scifact,20,bm25_no_rerank,0.5,0.6052602440527057,test,728,1.0,3,22406695
20,scifact,20,bm25_no_rerank,1.0,1.0,test,742,1.0,3,32159283
20,scifact,20,bm25_no_rerank,1.0,1.0,test,743,1.0,3,32159283
20,scifact,20,bm25_no_rerank,0.0,0.0,test,834,0.0,3,12631182
20,scifact,20,bm25_no_rerank,1.0,1.0,test,879,1.0,3,8426046
20,scifact,20,bm25_no_rerank,1.0,1.0,test,882,1.0,3,14803797
20,scifact,20,bm25_no_rerank,1.0,1.0,test,904,1.0,3,7370282
20,scifact,20,bm25_no_rerank,1.0,1.0,test,907,1.0,3,6923961
20,scifact,20,bm25_no_rerank,1.0,1.0,test,985,1.0,3,6828370
20,scifact,20,fp32_reranker_cpu,1.0,1.0,test,1021,1.0,3,9433958
20,scifact,20,fp32_reranker_cpu,1.0,1.0,test,1024,1.0,3,5373138
20,scifact,20,fp32_reranker_cpu,0.14285714285714285,0.3333333333333333,test,1179,1.0,3,10627801
20,scifact,20,fp32_reranker_cpu,1.0,1.0,test,118,1.0,3,6372244
20,scifact,20,fp32_reranker_cpu,0.0,0.0,test,128,1.0,3,79447
20,scifact,20,fp32_reranker_cpu,0.0,0.0,test,1316,0.0,3,24879055
20,scifact,20,fp32_reranker_cpu,1.0,0.5531464700081437,test,133,0.4,3,12640810
20,scifact,20,fp32_reranker_cpu,1.0,1.0,test,1389,1.0,3,23895668
20,scifact,20,fp32_reranker_cpu,1.0,1.0,test,219,1.0,3,21366394
20,scifact,20,fp32_reranker_cpu,1.0,1.0,test,230,1.0,3,3067015
20,scifact,20,fp32_reranker_cpu,1.0,1.0,test,233,1.0,3,4388470
20,scifact,20,fp32_reranker_cpu,0.5,0.4776237035032179,test,275,0.6666666666666666,3,4920376
20,scifact,20,fp32_reranker_cpu,1.0,1.0,test,532,1.0,3,12991445
20,scifact,20,fp32_reranker_cpu,1.0,1.0,test,552,1.0,3,1471041
20,scifact,20,fp32_reranker_cpu,1.0,1.0,test,569,1.0,3,23460562
20,scifact,20,fp32_reranker_cpu,0.5,0.5912352048230277,test,728,1.0,3,22406695
20,scifact,20,fp32_reranker_cpu,1.0,1.0,test,742,1.0,3,32159283
20,scifact,20,fp32_reranker_cpu,0.5,0.6309297535714575,test,743,1.0,3,10576136
20,scifact,20,fp32_reranker_cpu,0.0,0.0,test,834,0.0,3,23100962
20,scifact,20,fp32_reranker_cpu,1.0,1.0,test,879,1.0,3,8426046
20,scifact,20,fp32_reranker_cpu,1.0,1.0,test,882,1.0,3,14803797
20,scifact,20,fp32_reranker_cpu,1.0,1.0,test,904,1.0,3,7370282
20,scifact,20,fp32_reranker_cpu,1.0,1.0,test,907,1.0,3,6923961
20,scifact,20,fp32_reranker_cpu,1.0,1.0,test,985,1.0,3,6828370
20,scifact,20,dynamic_int8_reranker_cpu,1.0,1.0,test,1021,1.0,3,9433958
20,scifact,20,dynamic_int8_reranker_cpu,1.0,1.0,test,1024,1.0,3,5373138
20,scifact,20,dynamic_int8_reranker_cpu,0.16666666666666666,0.3562071871080222,test,1179,1.0,3,10627801
20,scifact,20,dynamic_int8_reranker_cpu,1.0,1.0,test,118,1.0,3,6372244
20,scifact,20,dynamic_int8_reranker_cpu,0.0,0.0,test,128,1.0,3,79447
20,scifact,20,dynamic_int8_reranker_cpu,0.0,0.0,test,1316,0.0,3,24879055
20,scifact,20,dynamic_int8_reranker_cpu,1.0,0.48522855511632257,test,133,0.4,3,12640810
20,scifact,20,dynamic_int8_reranker_cpu,1.0,1.0,test,1389,1.0,3,23895668
20,scifact,20,dynamic_int8_reranker_cpu,1.0,1.0,test,219,1.0,3,21366394
20,scifact,20,dynamic_int8_reranker_cpu,1.0,1.0,test,230,1.0,3,3067015
20,scifact,20,dynamic_int8_reranker_cpu,1.0,1.0,test,233,1.0,3,4388470
20,scifact,20,dynamic_int8_reranker_cpu,0.5,0.4776237035032179,test,275,0.6666666666666666,3,4920376
20,scifact,20,dynamic_int8_reranker_cpu,1.0,1.0,test,532,1.0,3,12991445
20,scifact,20,dynamic_int8_reranker_cpu,1.0,1.0,test,552,1.0,3,1471041
20,scifact,20,dynamic_int8_reranker_cpu,0.5,0.6309297535714575,test,569,1.0,3,3155731
20,scifact,20,dynamic_int8_reranker_cpu,0.5,0.5912352048230277,test,728,1.0,3,22406695
20,scifact,20,dynamic_int8_reranker_cpu,1.0,1.0,test,742,1.0,3,32159283
20,scifact,20,dynamic_int8_reranker_cpu,0.5,0.6309297535714575,test,743,1.0,3,10576136
20,scifact,20,dynamic_int8_reranker_cpu,0.0,0.0,test,834,0.0,3,23100962
20,scifact,20,dynamic_int8_reranker_cpu,1.0,1.0,test,879,1.0,3,8426046
20,scifact,20,dynamic_int8_reranker_cpu,1.0,1.0,test,882,1.0,3,14803797
20,scifact,20,dynamic_int8_reranker_cpu,1.0,1.0,test,904,1.0,3,7370282
20,scifact,20,dynamic_int8_reranker_cpu,1.0,1.0,test,907,1.0,3,6923961
20,scifact,20,dynamic_int8_reranker_cpu,1.0,1.0,test,985,1.0,3,6828370
20,scifact,20,bm25_no_rerank,0.0,0.0,test,1049,0.0,4,24737389
20,scifact,20,bm25_no_rerank,0.0,0.0,test,1088,0.0,4,11915280
20,scifact,20,bm25_no_rerank,1.0,1.0,test,1163,1.0,4,15305881
20,scifact,20,bm25_no_rerank,0.2,0.38685280723454163,test,1180,1.0,4,10627801
20,scifact,20,bm25_no_rerank,0.0,0.0,test,1213,0.0,4,23901235
20,scifact,20,bm25_no_rerank,1.0,1.0,test,124,1.0,4,4883040
20,scifact,20,bm25_no_rerank,0.1,0.2890648263178879,test,1245,1.0,4,11748341
20,scifact,20,bm25_no_rerank,0.0,0.0,test,132,0.0,4,21181273
20,scifact,20,bm25_no_rerank,1.0,1.0,test,1352,1.0,4,12885341
20,scifact,20,bm25_no_rerank,0.1111111111111111,0.3010299956639812,test,183,1.0,4,8137081
20,scifact,20,bm25_no_rerank,0.25,0.43067655807339306,test,212,1.0,4,23017040
20,scifact,20,bm25_no_rerank,0.5,0.6309297535714575,test,232,1.0,4,7655029
20,scifact,20,bm25_no_rerank,1.0,1.0,test,279,1.0,4,14376683
20,scifact,20,bm25_no_rerank,1.0,1.0,test,294,1.0,4,10874408
20,scifact,20,bm25_no_rerank,0.3333333333333333,0.5,test,314,1.0,4,544971
20,scifact,20,bm25_no_rerank,0.125,0.19342640361727081,test,36,0.5,4,42441846
20,scifact,20,bm25_no_rerank,1.0,1.0,test,399,1.0,4,791050
20,scifact,20,bm25_no_rerank,1.0,1.0,test,521,1.0,4,34873974
20,scifact,20,bm25_no_rerank,0.0,0.0,test,560,0.0,4,22517564
20,scifact,20,bm25_no_rerank,0.0,0.0,test,575,1.0,4,16686383
20,scifact,20,bm25_no_rerank,0.5,0.6309297535714575,test,75,1.0,4,13965483
20,scifact,20,bm25_no_rerank,1.0,1.0,test,832,1.0,4,30303335
20,scifact,20,bm25_no_rerank,0.0,0.0,test,870,0.0,4,43220289
20,scifact,20,bm25_no_rerank,1.0,1.0,test,904,1.0,4,7370282
20,scifact,20,fp32_reranker_cpu,0.0,0.0,test,1049,0.0,4,8925851
20,scifact,20,fp32_reranker_cpu,0.0,0.0,test,1088,0.0,4,11915280
20,scifact,20,fp32_reranker_cpu,1.0,1.0,test,1163,1.0,4,15305881
20,scifact,20,fp32_reranker_cpu,1.0,1.0,test,1180,1.0,4,31272411
20,scifact,20,fp32_reranker_cpu,0.0,0.0,test,1213,0.0,4,10648422
20,scifact,20,fp32_reranker_cpu,0.5,0.6309297535714575,test,124,1.0,4,7111021
20,scifact,20,fp32_reranker_cpu,0.0,0.0,test,1245,1.0,4,49429882
20,scifact,20,fp32_reranker_cpu,0.0,0.0,test,132,0.0,4,3866315
20,scifact,20,fp32_reranker_cpu,1.0,1.0,test,1352,1.0,4,12885341
20,scifact,20,fp32_reranker_cpu,1.0,1.0,test,183,1.0,4,12827098
20,scifact,20,fp32_reranker_cpu,0.5,0.6309297535714575,test,212,1.0,4,11935250
20,scifact,20,fp32_reranker_cpu,0.5,0.6309297535714575,test,232,1.0,4,7655029
20,scifact,20,fp32_reranker_cpu,1.0,1.0,test,279,1.0,4,14376683
20,scifact,20,fp32_reranker_cpu,1.0,1.0,test,294,1.0,4,10874408
20,scifact,20,fp32_reranker_cpu,0.1,0.2890648263178879,test,314,1.0,4,544971
20,scifact,20,fp32_reranker_cpu,0.2,0.23719771276929622,test,36,0.5,4,37424881
20,scifact,20,fp32_reranker_cpu,1.0,1.0,test,399,1.0,4,791050
20,scifact,20,fp32_reranker_cpu,1.0,1.0,test,521,1.0,4,34873974
20,scifact,20,fp32_reranker_cpu,0.0,0.0,test,560,0.0,4,11233339
20,scifact,20,fp32_reranker_cpu,1.0,1.0,test,575,1.0,4,10300888
20,scifact,20,fp32_reranker_cpu,1.0,1.0,test,75,1.0,4,4387784
20,scifact,20,fp32_reranker_cpu,1.0,1.0,test,832,1.0,4,30303335
20,scifact,20,fp32_reranker_cpu,0.0,0.0,test,870,0.0,4,1831916
20,scifact,20,fp32_reranker_cpu,1.0,1.0,test,904,1.0,4,7370282
20,scifact,20,dynamic_int8_reranker_cpu,0.0,0.0,test,1049,0.0,4,8925851
20,scifact,20,dynamic_int8_reranker_cpu,0.0,0.0,test,1088,0.0,4,11915280
20,scifact,20,dynamic_int8_reranker_cpu,1.0,1.0,test,1163,1.0,4,15305881
20,scifact,20,dynamic_int8_reranker_cpu,1.0,1.0,test,1180,1.0,4,31272411
20,scifact,20,dynamic_int8_reranker_cpu,0.0,0.0,test,1213,0.0,4,10648422
20,scifact,20,dynamic_int8_reranker_cpu,0.5,0.6309297535714575,test,124,1.0,4,7111021
20,scifact,20,dynamic_int8_reranker_cpu,0.0,0.0,test,1245,1.0,4,49429882
20,scifact,20,dynamic_int8_reranker_cpu,0.0,0.0,test,132,0.0,4,3866315
20,scifact,20,dynamic_int8_reranker_cpu,1.0,1.0,test,1352,1.0,4,12885341
20,scifact,20,dynamic_int8_reranker_cpu,1.0,1.0,test,183,1.0,4,12827098
20,scifact,20,dynamic_int8_reranker_cpu,0.25,0.43067655807339306,test,212,1.0,4,11935250
20,scifact,20,dynamic_int8_reranker_cpu,0.5,0.6309297535714575,test,232,1.0,4,7655029
20,scifact,20,dynamic_int8_reranker_cpu,1.0,1.0,test,279,1.0,4,14376683
20,scifact,20,dynamic_int8_reranker_cpu,1.0,1.0,test,294,1.0,4,10874408
20,scifact,20,dynamic_int8_reranker_cpu,0.1111111111111111,0.3010299956639812,test,314,1.0,4,544971
20,scifact,20,dynamic_int8_reranker_cpu,0.2,0.23719771276929622,test,36,0.5,4,33409100
20,scifact,20,dynamic_int8_reranker_cpu,1.0,1.0,test,399,1.0,4,791050
20,scifact,20,dynamic_int8_reranker_cpu,1.0,1.0,test,521,1.0,4,34873974
20,scifact,20,dynamic_int8_reranker_cpu,0.0,0.0,test,560,0.0,4,11233339
20,scifact,20,dynamic_int8_reranker_cpu,1.0,1.0,test,575,1.0,4,10300888
20,scifact,20,dynamic_int8_reranker_cpu,1.0,1.0,test,75,1.0,4,4387784
20,scifact,20,dynamic_int8_reranker_cpu,1.0,1.0,test,832,1.0,4,30303335
20,scifact,20,dynamic_int8_reranker_cpu,0.0,0.0,test,870,0.0,4,43220289
20,scifact,20,dynamic_int8_reranker_cpu,1.0,1.0,test,904,1.0,4,7370282
20,scifact,20,bm25_no_rerank,0.5,0.6309297535714575,test,1021,1.0,5,10559501
20,scifact,20,bm25_no_rerank,1.0,1.0,test,1089,1.0,5,17628888
20,scifact,20,bm25_no_rerank,1.0,1.0,test,1144,1.0,5,10071552
20,scifact,20,bm25_no_rerank,1.0,1.0,test,1187,1.0,5,52873726
20,scifact,20,bm25_no_rerank,1.0,1.0,test,124,1.0,5,4883040
20,scifact,20,bm25_no_rerank,0.5,0.6309297535714575,test,1266,1.0,5,13831842
20,scifact,20,bm25_no_rerank,1.0,1.0,test,1320,1.0,5,16284655
20,scifact,20,bm25_no_rerank,1.0,0.3391602052736161,test,133,0.4,5,16280642
20,scifact,20,bm25_no_rerank,1.0,1.0,test,137,1.0,5,26016929
20,scifact,20,bm25_no_rerank,0.3333333333333333,0.5,test,185,1.0,5,21874312
20,scifact,20,bm25_no_rerank,1.0,1.0,test,248,1.0,5,1568684
20,scifact,20,bm25_no_rerank,0.5,0.6309297535714575,test,249,1.0,5,25050364
20,scifact,20,bm25_no_rerank,0.5,0.6309297535714575,test,269,1.0,5,36838958
20,scifact,20,bm25_no_rerank,1.0,1.0,test,327,1.0,5,17997584
20,scifact,20,bm25_no_rerank,0.0,0.0,test,517,0.0,5,19658917
20,scifact,20,bm25_no_rerank,1.0,1.0,test,533,1.0,5,12991445
20,scifact,20,bm25_no_rerank,0.0,0.0,test,54,1.0,5,3973445
20,scifact,20,bm25_no_rerank,1.0,1.0,test,552,1.0,5,1471041
20,scifact,20,bm25_no_rerank,0.16666666666666666,0.3562071871080222,test,587,1.0,5,2559303
20,scifact,20,bm25_no_rerank,1.0,1.0,test,723,1.0,5,5531479
20,scifact,20,bm25_no_rerank,0.5,0.6052602440527057,test,728,1.0,5,22406695
20,scifact,20,bm25_no_rerank,1.0,1.0,test,847,1.0,5,16787954
20,scifact,20,bm25_no_rerank,1.0,1.0,test,882,1.0,5,14803797
20,scifact,20,bm25_no_rerank,1.0,0.9197207891481876,test,967,1.0,5,2119889
20,scifact,20,fp32_reranker_cpu,1.0,1.0,test,1021,1.0,5,9433958
20,scifact,20,fp32_reranker_cpu,1.0,1.0,test,1089,1.0,5,17628888
20,scifact,20,fp32_reranker_cpu,1.0,1.0,test,1144,1.0,5,10071552
20,scifact,20,fp32_reranker_cpu,1.0,1.0,test,1187,1.0,5,52873726
20,scifact,20,fp32_reranker_cpu,0.5,0.6309297535714575,test,124,1.0,5,7111021
20,scifact,20,fp32_reranker_cpu,0.16666666666666666,0.3562071871080222,test,1266,1.0,5,27123743
20,scifact,20,fp32_reranker_cpu,1.0,1.0,test,1320,1.0,5,16284655
20,scifact,20,fp32_reranker_cpu,1.0,0.5531464700081437,test,133,0.4,5,12640810
20,scifact,20,fp32_reranker_cpu,1.0,1.0,test,137,1.0,5,26016929
20,scifact,20,fp32_reranker_cpu,0.25,0.43067655807339306,test,185,1.0,5,21874312
20,scifact,20,fp32_reranker_cpu,1.0,1.0,test,248,1.0,5,1568684
20,scifact,20,fp32_reranker_cpu,1.0,1.0,test,249,1.0,5,1568684
20,scifact,20,fp32_reranker_cpu,0.5,0.6309297535714575,test,269,1.0,5,36838958
20,scifact,20,fp32_reranker_cpu,1.0,1.0,test,327,1.0,5,17997584
20,scifact,20,fp32_reranker_cpu,0.0,0.0,test,517,0.0,5,23577867
20,scifact,20,fp32_reranker_cpu,1.0,1.0,test,533,1.0,5,12991445
20,scifact,20,fp32_reranker_cpu,0.14285714285714285,0.3333333333333333,test,54,1.0,5,3973445
20,scifact,20,fp32_reranker_cpu,1.0,1.0,test,552,1.0,5,1471041
20,scifact,20,fp32_reranker_cpu,0.5,0.6309297535714575,test,587,1.0,5,7142113
20,scifact,20,fp32_reranker_cpu,1.0,1.0,test,723,1.0,5,5531479
20,scifact,20,fp32_reranker_cpu,0.5,0.5912352048230277,test,728,1.0,5,22406695
20,scifact,20,fp32_reranker_cpu,1.0,1.0,test,847,1.0,5,16787954
20,scifact,20,fp32_reranker_cpu,1.0,1.0,test,882,1.0,5,14803797
20,scifact,20,fp32_reranker_cpu,1.0,0.9197207891481876,test,967,1.0,5,8997410
20,scifact,20,dynamic_int8_reranker_cpu,1.0,1.0,test,1021,1.0,5,9433958
20,scifact,20,dynamic_int8_reranker_cpu,1.0,1.0,test,1089,1.0,5,17628888
20,scifact,20,dynamic_int8_reranker_cpu,1.0,1.0,test,1144,1.0,5,10071552
20,scifact,20,dynamic_int8_reranker_cpu,1.0,1.0,test,1187,1.0,5,52873726
20,scifact,20,dynamic_int8_reranker_cpu,0.5,0.6309297535714575,test,124,1.0,5,7111021
20,scifact,20,dynamic_int8_reranker_cpu,0.14285714285714285,0.3333333333333333,test,1266,1.0,5,27123743
20,scifact,20,dynamic_int8_reranker_cpu,1.0,1.0,test,1320,1.0,5,16284655
20,scifact,20,dynamic_int8_reranker_cpu,1.0,0.48522855511632257,test,133,0.4,5,12640810
20,scifact,20,dynamic_int8_reranker_cpu,1.0,1.0,test,137,1.0,5,26016929
20,scifact,20,dynamic_int8_reranker_cpu,0.25,0.43067655807339306,test,185,1.0,5,21874312
20,scifact,20,dynamic_int8_reranker_cpu,1.0,1.0,test,248,1.0,5,1568684
20,scifact,20,dynamic_int8_reranker_cpu,1.0,1.0,test,249,1.0,5,1568684
20,scifact,20,dynamic_int8_reranker_cpu,0.5,0.6309297535714575,test,269,1.0,5,36838958
20,scifact,20,dynamic_int8_reranker_cpu,1.0,1.0,test,327,1.0,5,17997584
20,scifact,20,dynamic_int8_reranker_cpu,0.0,0.0,test,517,0.0,5,25599283
20,scifact,20,dynamic_int8_reranker_cpu,1.0,1.0,test,533,1.0,5,12991445
20,scifact,20,dynamic_int8_reranker_cpu,0.1,0.2890648263178879,test,54,1.0,5,3973445
20,scifact,20,dynamic_int8_reranker_cpu,1.0,1.0,test,552,1.0,5,1471041
20,scifact,20,dynamic_int8_reranker_cpu,0.5,0.6309297535714575,test,587,1.0,5,40558887
20,scifact,20,dynamic_int8_reranker_cpu,1.0,1.0,test,723,1.0,5,5531479
20,scifact,20,dynamic_int8_reranker_cpu,0.5,0.5912352048230277,test,728,1.0,5,22406695
20,scifact,20,dynamic_int8_reranker_cpu,1.0,1.0,test,847,1.0,5,16787954
20,scifact,20,dynamic_int8_reranker_cpu,1.0,1.0,test,882,1.0,5,14803797
20,scifact,20,dynamic_int8_reranker_cpu,1.0,1.0,test,967,1.0,5,8997410
50,scifact,50,bm25_no_rerank,1.0,1.0,test,100,1.0,1,4381486
50,scifact,50,bm25_no_rerank,1.0,1.0,test,1062,1.0,1,20381484
50,scifact,50,bm25_no_rerank,0.0,0.0,test,1088,0.0,1,11915280
50,scifact,50,bm25_no_rerank,1.0,1.0,test,1089,1.0,1,17628888
50,scifact,50,bm25_no_rerank,0.3333333333333333,0.5,test,1099,1.0,1,21557614
50,scifact,50,bm25_no_rerank,0.1,0.2890648263178879,test,1179,1.0,1,10627801
50,scifact,50,bm25_no_rerank,0.0,0.0,test,1221,0.0,1,21479575
50,scifact,50,bm25_no_rerank,1.0,1.0,test,124,1.0,1,4883040
50,scifact,50,bm25_no_rerank,1.0,1.0,test,1271,1.0,1,13768432
50,scifact,50,bm25_no_rerank,0.0,0.0,test,1281,0.0,1,29214508
50,scifact,50,bm25_no_rerank,1.0,0.6984152163370878,test,179,0.75,1,16322674
50,scifact,50,bm25_no_rerank,1.0,1.0,test,218,1.0,1,21366394
50,scifact,50,bm25_no_rerank,0.5,0.6309297535714575,test,269,1.0,1,36838958
50,scifact,50,bm25_no_rerank,1.0,1.0,test,298,1.0,1,39381118
50,scifact,50,bm25_no_rerank,1.0,1.0,test,436,1.0,1,14637235
50,scifact,50,bm25_no_rerank,0.0,0.0,test,54,1.0,1,3973445
50,scifact,50,bm25_no_rerank,1.0,1.0,test,552,1.0,1,1471041
50,scifact,50,bm25_no_rerank,1.0,1.0,test,649,1.0,1,12789595
50,scifact,50,bm25_no_rerank,1.0,1.0,test,692,1.0,1,24088502
50,scifact,50,bm25_no_rerank,1.0,1.0,test,70,1.0,1,5956380
50,scifact,50,bm25_no_rerank,0.5,0.6309297535714575,test,729,1.0,1,18038250
50,scifact,50,bm25_no_rerank,1.0,1.0,test,770,1.0,1,15476777
50,scifact,50,bm25_no_rerank,0.3333333333333333,0.5,test,784,1.0,1,16999023
50,scifact,50,bm25_no_rerank,0.5,0.6309297535714575,test,957,1.0,1,13492264
50,scifact,50,fp32_reranker_cpu,1.0,1.0,test,100,1.0,1,4381486
50,scifact,50,fp32_reranker_cpu,1.0,1.0,test,1062,1.0,1,20381484
50,scifact,50,fp32_reranker_cpu,0.0,0.0,test,1088,0.0,1,11915280
50,scifact,50,fp32_reranker_cpu,1.0,1.0,test,1089,1.0,1,17628888
50,scifact,50,fp32_reranker_cpu,0.3333333333333333,0.5,test,1099,1.0,1,22420524
50,scifact,50,fp32_reranker_cpu,0.1,0.2890648263178879,test,1179,1.0,1,10627801
50,scifact,50,fp32_reranker_cpu,0.0,0.0,test,1221,0.0,1,1836154
50,scifact,50,fp32_reranker_cpu,0.5,0.6309297535714575,test,124,1.0,1,7111021
50,scifact,50,fp32_reranker_cpu,1.0,1.0,test,1271,1.0,1,13768432
50,scifact,50,fp32_reranker_cpu,0.0,0.0,test,1281,0.0,1,29214508
50,scifact,50,fp32_reranker_cpu,1.0,0.7598336331031966,test,179,0.75,1,16322674
50,scifact,50,fp32_reranker_cpu,1.0,1.0,test,218,1.0,1,21366394
50,scifact,50,fp32_reranker_cpu,0.5,0.6309297535714575,test,269,1.0,1,36838958
50,scifact,50,fp32_reranker_cpu,1.0,1.0,test,298,1.0,1,39381118
50,scifact,50,fp32_reranker_cpu,1.0,1.0,test,436,1.0,1,14637235
50,scifact,50,fp32_reranker_cpu,0.14285714285714285,0.3333333333333333,test,54,1.0,1,3973445
50,scifact,50,fp32_reranker_cpu,1.0,1.0,test,552,1.0,1,1471041
50,scifact,50,fp32_reranker_cpu,0.5,0.6309297535714575,test,649,1.0,1,15041758
50,scifact,50,fp32_reranker_cpu,1.0,1.0,test,692,1.0,1,24088502
50,scifact,50,fp32_reranker_cpu,0.0,0.0,test,70,1.0,1,21307488
50,scifact,50,fp32_reranker_cpu,1.0,1.0,test,729,1.0,1,26851674
50,scifact,50,fp32_reranker_cpu,1.0,1.0,test,770,1.0,1,15476777
50,scifact,50,fp32_reranker_cpu,1.0,1.0,test,784,1.0,1,2356950
50,scifact,50,fp32_reranker_cpu,1.0,1.0,test,957,1.0,1,123859
50,scifact,50,dynamic_int8_reranker_cpu,1.0,1.0,test,100,1.0,1,4381486
50,scifact,50,dynamic_int8_reranker_cpu,1.0,1.0,test,1062,1.0,1,20381484
50,scifact,50,dynamic_int8_reranker_cpu,0.0,0.0,test,1088,0.0,1,11915280
50,scifact,50,dynamic_int8_reranker_cpu,1.0,1.0,test,1089,1.0,1,17628888
50,scifact,50,dynamic_int8_reranker_cpu,0.3333333333333333,0.5,test,1099,1.0,1,22420524
50,scifact,50,dynamic_int8_reranker_cpu,0.1,0.2890648263178879,test,1179,1.0,1,10627801
50,scifact,50,dynamic_int8_reranker_cpu,0.0,0.0,test,1221,0.0,1,1836154
50,scifact,50,dynamic_int8_reranker_cpu,0.5,0.6309297535714575,test,124,1.0,1,7111021
50,scifact,50,dynamic_int8_reranker_cpu,1.0,1.0,test,1271,1.0,1,13768432
50,scifact,50,dynamic_int8_reranker_cpu,0.0,0.0,test,1281,0.0,1,29214508
50,scifact,50,dynamic_int8_reranker_cpu,1.0,0.7598336331031966,test,179,0.75,1,16322674
50,scifact,50,dynamic_int8_reranker_cpu,1.0,1.0,test,218,1.0,1,21366394
50,scifact,50,dynamic_int8_reranker_cpu,0.5,0.6309297535714575,test,269,1.0,1,36838958
50,scifact,50,dynamic_int8_reranker_cpu,1.0,1.0,test,298,1.0,1,39381118
50,scifact,50,dynamic_int8_reranker_cpu,1.0,1.0,test,436,1.0,1,14637235
50,scifact,50,dynamic_int8_reranker_cpu,0.1,0.2890648263178879,test,54,1.0,1,3973445
50,scifact,50,dynamic_int8_reranker_cpu,1.0,1.0,test,552,1.0,1,1471041
50,scifact,50,dynamic_int8_reranker_cpu,0.5,0.6309297535714575,test,649,1.0,1,15041758
50,scifact,50,dynamic_int8_reranker_cpu,1.0,1.0,test,692,1.0,1,24088502
50,scifact,50,dynamic_int8_reranker_cpu,0.0,0.0,test,70,1.0,1,21307488
50,scifact,50,dynamic_int8_reranker_cpu,1.0,1.0,test,729,1.0,1,26851674
50,scifact,50,dynamic_int8_reranker_cpu,1.0,1.0,test,770,1.0,1,15476777
50,scifact,50,dynamic_int8_reranker_cpu,1.0,1.0,test,784,1.0,1,2356950
50,scifact,50,dynamic_int8_reranker_cpu,1.0,1.0,test,957,1.0,1,123859
50,scifact,50,bm25_no_rerank,1.0,1.0,test,1089,1.0,2,17628888
50,scifact,50,bm25_no_rerank,1.0,1.0,test,1107,1.0,2,20532591
50,scifact,50,bm25_no_rerank,1.0,1.0,test,115,1.0,2,33872649
50,scifact,50,bm25_no_rerank,1.0,1.0,test,1202,1.0,2,3475317
50,scifact,50,bm25_no_rerank,0.0,0.0,test,1213,0.0,2,23901235
50,scifact,50,bm25_no_rerank,1.0,0.3391602052736161,test,133,0.8,2,16280642
50,scifact,50,bm25_no_rerank,1.0,1.0,test,1339,1.0,2,15482274
50,scifact,50,bm25_no_rerank,1.0,1.0,test,180,1.0,2,16966326
50,scifact,50,bm25_no_rerank,0.25,0.2640681225725909,test,261,0.5,2,35271381
50,scifact,50,bm25_no_rerank,1.0,1.0,test,3,1.0,2,14717500
50,scifact,50,bm25_no_rerank,1.0,1.0,test,411,1.0,2,14924526
50,scifact,50,bm25_no_rerank,0.0,0.0,test,437,0.0,2,39851630
50,scifact,50,bm25_no_rerank,1.0,1.0,test,521,1.0,2,34873974
50,scifact,50,bm25_no_rerank,0.5,0.6309297535714575,test,527,1.0,2,1617327
50,scifact,50,bm25_no_rerank,1.0,1.0,test,533,1.0,2,12991445
50,scifact,50,bm25_no_rerank,0.0,0.0,test,54,1.0,2,3973445
50,scifact,50,bm25_no_rerank,1.0,1.0,test,56,1.0,2,4709641
50,scifact,50,bm25_no_rerank,0.5,0.6309297535714575,test,644,1.0,2,24921368
50,scifact,50,bm25_no_rerank,1.0,1.0,test,691,1.0,2,10991183
50,scifact,50,bm25_no_rerank,1.0,1.0,test,723,1.0,2,5531479
50,scifact,50,bm25_no_rerank,1.0,1.0,test,805,1.0,2,22180793
50,scifact,50,bm25_no_rerank,1.0,1.0,test,814,1.0,2,33387953
50,scifact,50,bm25_no_rerank,1.0,1.0,test,882,1.0,2,14803797
50,scifact,50,bm25_no_rerank,1.0,1.0,test,985,1.0,2,6828370
50,scifact,50,fp32_reranker_cpu,1.0,1.0,test,1089,1.0,2,17628888
50,scifact,50,fp32_reranker_cpu,1.0,1.0,test,1107,1.0,2,20532591
50,scifact,50,fp32_reranker_cpu,1.0,1.0,test,115,1.0,2,33872649
50,scifact,50,fp32_reranker_cpu,0.5,0.6309297535714575,test,1202,1.0,2,34615397
50,scifact,50,fp32_reranker_cpu,0.0,0.0,test,1213,0.0,2,10648422
50,scifact,50,fp32_reranker_cpu,1.0,0.6552438651310554,test,133,0.8,2,12640810
50,scifact,50,fp32_reranker_cpu,1.0,1.0,test,1339,1.0,2,15482274
50,scifact,50,fp32_reranker_cpu,1.0,1.0,test,180,1.0,2,16966326
50,scifact,50,fp32_reranker_cpu,0.3333333333333333,0.3065735963827292,test,261,0.5,2,32322418
50,scifact,50,fp32_reranker_cpu,1.0,1.0,test,3,1.0,2,14717500
50,scifact,50,fp32_reranker_cpu,1.0,1.0,test,411,1.0,2,14924526
50,scifact,50,fp32_reranker_cpu,0.0,0.0,test,437,0.0,2,5765455
50,scifact,50,fp32_reranker_cpu,1.0,1.0,test,521,1.0,2,34873974
50,scifact,50,fp32_reranker_cpu,0.0,0.0,test,527,1.0,2,1617327
50,scifact,50,fp32_reranker_cpu,1.0,1.0,test,533,1.0,2,12991445
50,scifact,50,fp32_reranker_cpu,0.14285714285714285,0.3333333333333333,test,54,1.0,2,3973445
50,scifact,50,fp32_reranker_cpu,1.0,1.0,test,56,1.0,2,4709641
50,scifact,50,fp32_reranker_cpu,1.0,1.0,test,644,1.0,2,13619127
50,scifact,50,fp32_reranker_cpu,0.5,0.6309297535714575,test,691,1.0,2,33076846
50,scifact,50,fp32_reranker_cpu,1.0,1.0,test,723,1.0,2,5531479
50,scifact,50,fp32_reranker_cpu,1.0,1.0,test,805,1.0,2,22180793
50,scifact,50,fp32_reranker_cpu,1.0,1.0,test,814,1.0,2,33387953
50,scifact,50,fp32_reranker_cpu,1.0,1.0,test,882,1.0,2,14803797
50,scifact,50,fp32_reranker_cpu,1.0,1.0,test,985,1.0,2,6828370
50,scifact,50,dynamic_int8_reranker_cpu,1.0,1.0,test,1089,1.0,2,17628888
50,scifact,50,dynamic_int8_reranker_cpu,1.0,1.0,test,1107,1.0,2,20532591
50,scifact,50,dynamic_int8_reranker_cpu,1.0,1.0,test,115,1.0,2,33872649
50,scifact,50,dynamic_int8_reranker_cpu,0.5,0.6309297535714575,test,1202,1.0,2,34615397
50,scifact,50,dynamic_int8_reranker_cpu,0.0,0.0,test,1213,0.0,2,21498497
50,scifact,50,dynamic_int8_reranker_cpu,1.0,0.6904118169110937,test,133,0.8,2,12640810
50,scifact,50,dynamic_int8_reranker_cpu,1.0,1.0,test,1339,1.0,2,15482274
50,scifact,50,dynamic_int8_reranker_cpu,1.0,1.0,test,180,1.0,2,16966326
50,scifact,50,dynamic_int8_reranker_cpu,0.3333333333333333,0.3065735963827292,test,261,0.5,2,32322418
50,scifact,50,dynamic_int8_reranker_cpu,1.0,1.0,test,3,1.0,2,14717500
50,scifact,50,dynamic_int8_reranker_cpu,1.0,1.0,test,411,1.0,2,14924526
50,scifact,50,dynamic_int8_reranker_cpu,0.0,0.0,test,437,0.0,2,5765455
50,scifact,50,dynamic_int8_reranker_cpu,1.0,1.0,test,521,1.0,2,34873974
50,scifact,50,dynamic_int8_reranker_cpu,0.1,0.2890648263178879,test,527,1.0,2,1617327
50,scifact,50,dynamic_int8_reranker_cpu,1.0,1.0,test,533,1.0,2,12991445
50,scifact,50,dynamic_int8_reranker_cpu,0.1,0.2890648263178879,test,54,1.0,2,3973445
50,scifact,50,dynamic_int8_reranker_cpu,1.0,1.0,test,56,1.0,2,4709641
50,scifact,50,dynamic_int8_reranker_cpu,1.0,1.0,test,644,1.0,2,13619127
50,scifact,50,dynamic_int8_reranker_cpu,0.5,0.6309297535714575,test,691,1.0,2,33076846
50,scifact,50,dynamic_int8_reranker_cpu,1.0,1.0,test,723,1.0,2,5531479
50,scifact,50,dynamic_int8_reranker_cpu,1.0,1.0,test,805,1.0,2,22180793
50,scifact,50,dynamic_int8_reranker_cpu,1.0,1.0,test,814,1.0,2,33387953
50,scifact,50,dynamic_int8_reranker_cpu,1.0,1.0,test,882,1.0,2,14803797
50,scifact,50,dynamic_int8_reranker_cpu,1.0,1.0,test,985,1.0,2,6828370
50,scifact,50,bm25_no_rerank,0.5,0.6309297535714575,test,1021,1.0,3,10559501
50,scifact,50,bm25_no_rerank,1.0,1.0,test,1024,1.0,3,5373138
50,scifact,50,bm25_no_rerank,0.1,0.2890648263178879,test,1179,1.0,3,10627801
50,scifact,50,bm25_no_rerank,1.0,1.0,test,118,1.0,3,6372244
50,scifact,50,bm25_no_rerank,0.3333333333333333,0.5,test,128,1.0,3,23513718
50,scifact,50,bm25_no_rerank,0.0,0.0,test,1316,1.0,3,27243019
50,scifact,50,bm25_no_rerank,1.0,0.3391602052736161,test,133,0.8,3,16280642
50,scifact,50,bm25_no_rerank,1.0,1.0,test,1389,1.0,3,23895668
50,scifact,50,bm25_no_rerank,1.0,1.0,test,219,1.0,3,21366394
50,scifact,50,bm25_no_rerank,1.0,1.0,test,230,1.0,3,3067015
50,scifact,50,bm25_no_rerank,1.0,1.0,test,233,1.0,3,4388470
50,scifact,50,bm25_no_rerank,1.0,0.46927872602275644,test,275,0.6666666666666666,3,4961038
50,scifact,50,bm25_no_rerank,1.0,1.0,test,532,1.0,3,12991445
50,scifact,50,bm25_no_rerank,1.0,1.0,test,552,1.0,3,1471041
50,scifact,50,bm25_no_rerank,1.0,1.0,test,569,1.0,3,23460562
50,scifact,50,bm25_no_rerank,0.5,0.6052602440527057,test,728,1.0,3,22406695
50,scifact,50,bm25_no_rerank,1.0,1.0,test,742,1.0,3,32159283
50,scifact,50,bm25_no_rerank,1.0,1.0,test,743,1.0,3,32159283
50,scifact,50,bm25_no_rerank,0.0,0.0,test,834,1.0,3,12631182
50,scifact,50,bm25_no_rerank,1.0,1.0,test,879,1.0,3,8426046
50,scifact,50,bm25_no_rerank,1.0,1.0,test,882,1.0,3,14803797
50,scifact,50,bm25_no_rerank,1.0,1.0,test,904,1.0,3,7370282
50,scifact,50,bm25_no_rerank,1.0,1.0,test,907,1.0,3,6923961
50,scifact,50,bm25_no_rerank,1.0,1.0,test,985,1.0,3,6828370
50,scifact,50,fp32_reranker_cpu,1.0,1.0,test,1021,1.0,3,9433958
50,scifact,50,fp32_reranker_cpu,1.0,1.0,test,1024,1.0,3,5373138
50,scifact,50,fp32_reranker_cpu,0.1,0.2890648263178879,test,1179,1.0,3,10627801
50,scifact,50,fp32_reranker_cpu,1.0,1.0,test,118,1.0,3,6372244
50,scifact,50,fp32_reranker_cpu,0.0,0.0,test,128,1.0,3,79447
50,scifact,50,fp32_reranker_cpu,0.0,0.0,test,1316,1.0,3,24879055
50,scifact,50,fp32_reranker_cpu,1.0,0.6552438651310554,test,133,0.8,3,12640810
50,scifact,50,fp32_reranker_cpu,1.0,1.0,test,1389,1.0,3,23895668
50,scifact,50,fp32_reranker_cpu,1.0,1.0,test,219,1.0,3,21366394
50,scifact,50,fp32_reranker_cpu,1.0,1.0,test,230,1.0,3,3067015
50,scifact,50,fp32_reranker_cpu,1.0,1.0,test,233,1.0,3,4388470
50,scifact,50,fp32_reranker_cpu,0.5,0.4776237035032179,test,275,0.6666666666666666,3,4920376
50,scifact,50,fp32_reranker_cpu,1.0,1.0,test,532,1.0,3,12991445
50,scifact,50,fp32_reranker_cpu,1.0,1.0,test,552,1.0,3,1471041
50,scifact,50,fp32_reranker_cpu,1.0,1.0,test,569,1.0,3,23460562
50,scifact,50,fp32_reranker_cpu,0.5,0.5802792108518124,test,728,1.0,3,22406695
50,scifact,50,fp32_reranker_cpu,0.25,0.43067655807339306,test,742,1.0,3,3984231
50,scifact,50,fp32_reranker_cpu,0.25,0.43067655807339306,test,743,1.0,3,3984231
50,scifact,50,fp32_reranker_cpu,0.25,0.43067655807339306,test,834,1.0,3,23100962
50,scifact,50,fp32_reranker_cpu,1.0,1.0,test,879,1.0,3,8426046
50,scifact,50,fp32_reranker_cpu,1.0,1.0,test,882,1.0,3,14803797
50,scifact,50,fp32_reranker_cpu,1.0,1.0,test,904,1.0,3,7370282
50,scifact,50,fp32_reranker_cpu,1.0,1.0,test,907,1.0,3,6923961
50,scifact,50,fp32_reranker_cpu,1.0,1.0,test,985,1.0,3,6828370
50,scifact,50,dynamic_int8_reranker_cpu,1.0,1.0,test,1021,1.0,3,9433958
50,scifact,50,dynamic_int8_reranker_cpu,1.0,1.0,test,1024,1.0,3,5373138
50,scifact,50,dynamic_int8_reranker_cpu,0.1,0.2890648263178879,test,1179,1.0,3,10627801
50,scifact,50,dynamic_int8_reranker_cpu,1.0,1.0,test,118,1.0,3,6372244
50,scifact,50,dynamic_int8_reranker_cpu,0.0,0.0,test,128,1.0,3,79447
50,scifact,50,dynamic_int8_reranker_cpu,0.0,0.0,test,1316,1.0,3,24879055
50,scifact,50,dynamic_int8_reranker_cpu,1.0,0.6904118169110937,test,133,0.8,3,12640810
50,scifact,50,dynamic_int8_reranker_cpu,1.0,1.0,test,1389,1.0,3,23895668
50,scifact,50,dynamic_int8_reranker_cpu,1.0,1.0,test,219,1.0,3,21366394
50,scifact,50,dynamic_int8_reranker_cpu,1.0,1.0,test,230,1.0,3,3067015
50,scifact,50,dynamic_int8_reranker_cpu,1.0,1.0,test,233,1.0,3,4388470
50,scifact,50,dynamic_int8_reranker_cpu,0.5,0.4776237035032179,test,275,0.6666666666666666,3,4920376
50,scifact,50,dynamic_int8_reranker_cpu,1.0,1.0,test,532,1.0,3,12991445
50,scifact,50,dynamic_int8_reranker_cpu,1.0,1.0,test,552,1.0,3,1471041
50,scifact,50,dynamic_int8_reranker_cpu,0.5,0.6309297535714575,test,569,1.0,3,3155731
50,scifact,50,dynamic_int8_reranker_cpu,0.5,0.5802792108518124,test,728,1.0,3,22406695
50,scifact,50,dynamic_int8_reranker_cpu,0.25,0.43067655807339306,test,742,1.0,3,3984231
50,scifact,50,dynamic_int8_reranker_cpu,0.25,0.43067655807339306,test,743,1.0,3,3984231
50,scifact,50,dynamic_int8_reranker_cpu,0.25,0.43067655807339306,test,834,1.0,3,23100962
50,scifact,50,dynamic_int8_reranker_cpu,1.0,1.0,test,879,1.0,3,8426046
50,scifact,50,dynamic_int8_reranker_cpu,1.0,1.0,test,882,1.0,3,14803797
50,scifact,50,dynamic_int8_reranker_cpu,1.0,1.0,test,904,1.0,3,7370282
50,scifact,50,dynamic_int8_reranker_cpu,1.0,1.0,test,907,1.0,3,6923961
50,scifact,50,dynamic_int8_reranker_cpu,1.0,1.0,test,985,1.0,3,6828370
50,scifact,50,bm25_no_rerank,0.0,0.0,test,1049,0.0,4,24737389
50,scifact,50,bm25_no_rerank,0.0,0.0,test,1088,0.0,4,11915280
50,scifact,50,bm25_no_rerank,1.0,1.0,test,1163,1.0,4,15305881
50,scifact,50,bm25_no_rerank,0.2,0.38685280723454163,test,1180,1.0,4,10627801
50,scifact,50,bm25_no_rerank,0.0,0.0,test,1213,0.0,4,23901235
50,scifact,50,bm25_no_rerank,1.0,1.0,test,124,1.0,4,4883040
50,scifact,50,bm25_no_rerank,0.1,0.2890648263178879,test,1245,1.0,4,11748341
50,scifact,50,bm25_no_rerank,0.0,0.0,test,132,0.0,4,21181273
50,scifact,50,bm25_no_rerank,1.0,1.0,test,1352,1.0,4,12885341
50,scifact,50,bm25_no_rerank,0.1111111111111111,0.3010299956639812,test,183,1.0,4,8137081
50,scifact,50,bm25_no_rerank,0.25,0.43067655807339306,test,212,1.0,4,23017040
50,scifact,50,bm25_no_rerank,0.5,0.6309297535714575,test,232,1.0,4,7655029
50,scifact,50,bm25_no_rerank,1.0,1.0,test,279,1.0,4,14376683
50,scifact,50,bm25_no_rerank,1.0,1.0,test,294,1.0,4,10874408
50,scifact,50,bm25_no_rerank,0.3333333333333333,0.5,test,314,1.0,4,544971
50,scifact,50,bm25_no_rerank,0.125,0.19342640361727081,test,36,1.0,4,42441846
50,scifact,50,bm25_no_rerank,1.0,1.0,test,399,1.0,4,791050
50,scifact,50,bm25_no_rerank,1.0,1.0,test,521,1.0,4,34873974
50,scifact,50,bm25_no_rerank,0.0,0.0,test,560,0.0,4,22517564
50,scifact,50,bm25_no_rerank,0.0,0.0,test,575,1.0,4,16686383
50,scifact,50,bm25_no_rerank,0.5,0.6309297535714575,test,75,1.0,4,13965483
50,scifact,50,bm25_no_rerank,1.0,1.0,test,832,1.0,4,30303335
50,scifact,50,bm25_no_rerank,0.0,0.0,test,870,0.0,4,43220289
50,scifact,50,bm25_no_rerank,1.0,1.0,test,904,1.0,4,7370282
50,scifact,50,fp32_reranker_cpu,0.0,0.0,test,1049,0.0,4,8925851
50,scifact,50,fp32_reranker_cpu,0.0,0.0,test,1088,0.0,4,11915280
50,scifact,50,fp32_reranker_cpu,1.0,1.0,test,1163,1.0,4,15305881
50,scifact,50,fp32_reranker_cpu,1.0,1.0,test,1180,1.0,4,31272411
50,scifact,50,fp32_reranker_cpu,0.0,0.0,test,1213,0.0,4,10648422
50,scifact,50,fp32_reranker_cpu,0.5,0.6309297535714575,test,124,1.0,4,7111021
50,scifact,50,fp32_reranker_cpu,0.0,0.0,test,1245,1.0,4,49429882
50,scifact,50,fp32_reranker_cpu,0.0,0.0,test,132,0.0,4,3866315
50,scifact,50,fp32_reranker_cpu,1.0,1.0,test,1352,1.0,4,12885341
50,scifact,50,fp32_reranker_cpu,1.0,1.0,test,183,1.0,4,12827098
50,scifact,50,fp32_reranker_cpu,0.5,0.6309297535714575,test,212,1.0,4,11935250
50,scifact,50,fp32_reranker_cpu,0.5,0.6309297535714575,test,232,1.0,4,7655029
50,scifact,50,fp32_reranker_cpu,1.0,1.0,test,279,1.0,4,14376683
50,scifact,50,fp32_reranker_cpu,1.0,1.0,test,294,1.0,4,10874408
50,scifact,50,fp32_reranker_cpu,0.0,0.0,test,314,1.0,4,544971
50,scifact,50,fp32_reranker_cpu,0.2,0.41443699955334395,test,36,1.0,4,37424881
50,scifact,50,fp32_reranker_cpu,1.0,1.0,test,399,1.0,4,791050
50,scifact,50,fp32_reranker_cpu,1.0,1.0,test,521,1.0,4,34873974
50,scifact,50,fp32_reranker_cpu,0.0,0.0,test,560,0.0,4,11233339
50,scifact,50,fp32_reranker_cpu,1.0,1.0,test,575,1.0,4,10300888
50,scifact,50,fp32_reranker_cpu,1.0,1.0,test,75,1.0,4,4387784
50,scifact,50,fp32_reranker_cpu,1.0,1.0,test,832,1.0,4,30303335
50,scifact,50,fp32_reranker_cpu,0.0,0.0,test,870,0.0,4,1831916
50,scifact,50,fp32_reranker_cpu,1.0,1.0,test,904,1.0,4,7370282
50,scifact,50,dynamic_int8_reranker_cpu,0.0,0.0,test,1049,0.0,4,8925851
50,scifact,50,dynamic_int8_reranker_cpu,0.0,0.0,test,1088,0.0,4,11915280
50,scifact,50,dynamic_int8_reranker_cpu,1.0,1.0,test,1163,1.0,4,15305881
50,scifact,50,dynamic_int8_reranker_cpu,1.0,1.0,test,1180,1.0,4,31272411
50,scifact,50,dynamic_int8_reranker_cpu,0.0,0.0,test,1213,0.0,4,21498497
50,scifact,50,dynamic_int8_reranker_cpu,0.5,0.6309297535714575,test,124,1.0,4,7111021
50,scifact,50,dynamic_int8_reranker_cpu,0.0,0.0,test,1245,1.0,4,49429882
50,scifact,50,dynamic_int8_reranker_cpu,0.0,0.0,test,132,0.0,4,3866315
50,scifact,50,dynamic_int8_reranker_cpu,1.0,1.0,test,1352,1.0,4,12885341
50,scifact,50,dynamic_int8_reranker_cpu,1.0,1.0,test,183,1.0,4,12827098
50,scifact,50,dynamic_int8_reranker_cpu,0.25,0.43067655807339306,test,212,1.0,4,11935250
50,scifact,50,dynamic_int8_reranker_cpu,0.5,0.6309297535714575,test,232,1.0,4,7655029
50,scifact,50,dynamic_int8_reranker_cpu,1.0,1.0,test,279,1.0,4,14376683
50,scifact,50,dynamic_int8_reranker_cpu,1.0,1.0,test,294,1.0,4,10874408
50,scifact,50,dynamic_int8_reranker_cpu,0.0,0.0,test,314,1.0,4,544971
50,scifact,50,dynamic_int8_reranker_cpu,0.2,0.41443699955334395,test,36,1.0,4,33409100
50,scifact,50,dynamic_int8_reranker_cpu,1.0,1.0,test,399,1.0,4,791050
50,scifact,50,dynamic_int8_reranker_cpu,1.0,1.0,test,521,1.0,4,34873974
50,scifact,50,dynamic_int8_reranker_cpu,0.0,0.0,test,560,0.0,4,11233339
50,scifact,50,dynamic_int8_reranker_cpu,1.0,1.0,test,575,1.0,4,10300888
50,scifact,50,dynamic_int8_reranker_cpu,1.0,1.0,test,75,1.0,4,4387784
50,scifact,50,dynamic_int8_reranker_cpu,1.0,1.0,test,832,1.0,4,30303335
50,scifact,50,dynamic_int8_reranker_cpu,0.0,0.0,test,870,0.0,4,43220289
50,scifact,50,dynamic_int8_reranker_cpu,1.0,1.0,test,904,1.0,4,7370282
50,scifact,50,bm25_no_rerank,0.5,0.6309297535714575,test,1021,1.0,5,10559501
50,scifact,50,bm25_no_rerank,1.0,1.0,test,1089,1.0,5,17628888
50,scifact,50,bm25_no_rerank,1.0,1.0,test,1144,1.0,5,10071552
50,scifact,50,bm25_no_rerank,1.0,1.0,test,1187,1.0,5,52873726
50,scifact,50,bm25_no_rerank,1.0,1.0,test,124,1.0,5,4883040
50,scifact,50,bm25_no_rerank,0.5,0.6309297535714575,test,1266,1.0,5,13831842
50,scifact,50,bm25_no_rerank,1.0,1.0,test,1320,1.0,5,16284655
50,scifact,50,bm25_no_rerank,1.0,0.3391602052736161,test,133,0.8,5,16280642
50,scifact,50,bm25_no_rerank,1.0,1.0,test,137,1.0,5,26016929
50,scifact,50,bm25_no_rerank,0.3333333333333333,0.5,test,185,1.0,5,21874312
50,scifact,50,bm25_no_rerank,1.0,1.0,test,248,1.0,5,1568684
50,scifact,50,bm25_no_rerank,0.5,0.6309297535714575,test,249,1.0,5,25050364
50,scifact,50,bm25_no_rerank,0.5,0.6309297535714575,test,269,1.0,5,36838958
50,scifact,50,bm25_no_rerank,1.0,1.0,test,327,1.0,5,17997584
50,scifact,50,bm25_no_rerank,0.0,0.0,test,517,1.0,5,19658917
50,scifact,50,bm25_no_rerank,1.0,1.0,test,533,1.0,5,12991445
50,scifact,50,bm25_no_rerank,0.0,0.0,test,54,1.0,5,3973445
50,scifact,50,bm25_no_rerank,1.0,1.0,test,552,1.0,5,1471041
50,scifact,50,bm25_no_rerank,0.16666666666666666,0.3562071871080222,test,587,1.0,5,2559303
50,scifact,50,bm25_no_rerank,1.0,1.0,test,723,1.0,5,5531479
50,scifact,50,bm25_no_rerank,0.5,0.6052602440527057,test,728,1.0,5,22406695
50,scifact,50,bm25_no_rerank,1.0,1.0,test,847,1.0,5,16787954
50,scifact,50,bm25_no_rerank,1.0,1.0,test,882,1.0,5,14803797
50,scifact,50,bm25_no_rerank,1.0,0.9197207891481876,test,967,1.0,5,2119889
50,scifact,50,fp32_reranker_cpu,1.0,1.0,test,1021,1.0,5,9433958
50,scifact,50,fp32_reranker_cpu,1.0,1.0,test,1089,1.0,5,17628888
50,scifact,50,fp32_reranker_cpu,1.0,1.0,test,1144,1.0,5,10071552
50,scifact,50,fp32_reranker_cpu,1.0,1.0,test,1187,1.0,5,52873726
50,scifact,50,fp32_reranker_cpu,0.5,0.6309297535714575,test,124,1.0,5,7111021
50,scifact,50,fp32_reranker_cpu,0.14285714285714285,0.3333333333333333,test,1266,1.0,5,27123743
50,scifact,50,fp32_reranker_cpu,1.0,1.0,test,1320,1.0,5,16284655
50,scifact,50,fp32_reranker_cpu,1.0,0.6552438651310554,test,133,0.8,5,12640810
50,scifact,50,fp32_reranker_cpu,1.0,1.0,test,137,1.0,5,26016929
50,scifact,50,fp32_reranker_cpu,0.25,0.43067655807339306,test,185,1.0,5,21874312
50,scifact,50,fp32_reranker_cpu,1.0,1.0,test,248,1.0,5,1568684
50,scifact,50,fp32_reranker_cpu,1.0,1.0,test,249,1.0,5,1568684
50,scifact,50,fp32_reranker_cpu,0.5,0.6309297535714575,test,269,1.0,5,36838958
50,scifact,50,fp32_reranker_cpu,1.0,1.0,test,327,1.0,5,17997584
50,scifact,50,fp32_reranker_cpu,0.0,0.0,test,517,1.0,5,23577867
50,scifact,50,fp32_reranker_cpu,1.0,1.0,test,533,1.0,5,12991445
50,scifact,50,fp32_reranker_cpu,0.14285714285714285,0.3333333333333333,test,54,1.0,5,3973445
50,scifact,50,fp32_reranker_cpu,1.0,1.0,test,552,1.0,5,1471041
50,scifact,50,fp32_reranker_cpu,0.5,0.6309297535714575,test,587,1.0,5,7142113
50,scifact,50,fp32_reranker_cpu,1.0,1.0,test,723,1.0,5,5531479
50,scifact,50,fp32_reranker_cpu,0.5,0.5802792108518124,test,728,1.0,5,22406695
50,scifact,50,fp32_reranker_cpu,1.0,1.0,test,847,1.0,5,16787954
50,scifact,50,fp32_reranker_cpu,1.0,1.0,test,882,1.0,5,14803797
50,scifact,50,fp32_reranker_cpu,1.0,0.9197207891481876,test,967,1.0,5,8997410
50,scifact,50,dynamic_int8_reranker_cpu,1.0,1.0,test,1021,1.0,5,9433958
50,scifact,50,dynamic_int8_reranker_cpu,1.0,1.0,test,1089,1.0,5,17628888
50,scifact,50,dynamic_int8_reranker_cpu,1.0,1.0,test,1144,1.0,5,10071552
50,scifact,50,dynamic_int8_reranker_cpu,1.0,1.0,test,1187,1.0,5,52873726
50,scifact,50,dynamic_int8_reranker_cpu,0.5,0.6309297535714575,test,124,1.0,5,7111021
50,scifact,50,dynamic_int8_reranker_cpu,0.125,0.31546487678572877,test,1266,1.0,5,27123743
50,scifact,50,dynamic_int8_reranker_cpu,1.0,1.0,test,1320,1.0,5,16284655
50,scifact,50,dynamic_int8_reranker_cpu,1.0,0.6904118169110937,test,133,0.8,5,12640810
50,scifact,50,dynamic_int8_reranker_cpu,1.0,1.0,test,137,1.0,5,26016929
50,scifact,50,dynamic_int8_reranker_cpu,0.25,0.43067655807339306,test,185,1.0,5,21874312
50,scifact,50,dynamic_int8_reranker_cpu,1.0,1.0,test,248,1.0,5,1568684
50,scifact,50,dynamic_int8_reranker_cpu,1.0,1.0,test,249,1.0,5,1568684
50,scifact,50,dynamic_int8_reranker_cpu,0.5,0.6309297535714575,test,269,1.0,5,36838958
50,scifact,50,dynamic_int8_reranker_cpu,1.0,1.0,test,327,1.0,5,17997584
50,scifact,50,dynamic_int8_reranker_cpu,0.0,0.0,test,517,1.0,5,25599283
50,scifact,50,dynamic_int8_reranker_cpu,1.0,1.0,test,533,1.0,5,12991445
50,scifact,50,dynamic_int8_reranker_cpu,0.1,0.2890648263178879,test,54,1.0,5,3973445
50,scifact,50,dynamic_int8_reranker_cpu,1.0,1.0,test,552,1.0,5,1471041
50,scifact,50,dynamic_int8_reranker_cpu,0.5,0.6309297535714575,test,587,1.0,5,40558887
50,scifact,50,dynamic_int8_reranker_cpu,1.0,1.0,test,723,1.0,5,5531479
50,scifact,50,dynamic_int8_reranker_cpu,0.5,0.5802792108518124,test,728,1.0,5,22406695
50,scifact,50,dynamic_int8_reranker_cpu,1.0,1.0,test,847,1.0,5,16787954
50,scifact,50,dynamic_int8_reranker_cpu,1.0,1.0,test,882,1.0,5,14803797
50,scifact,50,dynamic_int8_reranker_cpu,1.0,1.0,test,967,1.0,5,8997410
100,scifact,100,bm25_no_rerank,1.0,1.0,test,100,1.0,1,4381486
100,scifact,100,bm25_no_rerank,1.0,1.0,test,1062,1.0,1,20381484
100,scifact,100,bm25_no_rerank,0.0,0.0,test,1088,0.0,1,11915280
100,scifact,100,bm25_no_rerank,1.0,1.0,test,1089,1.0,1,17628888
100,scifact,100,bm25_no_rerank,0.3333333333333333,0.5,test,1099,1.0,1,21557614
100,scifact,100,bm25_no_rerank,0.1,0.2890648263178879,test,1179,1.0,1,10627801
100,scifact,100,bm25_no_rerank,0.0,0.0,test,1221,0.0,1,21479575
100,scifact,100,bm25_no_rerank,1.0,1.0,test,124,1.0,1,4883040
100,scifact,100,bm25_no_rerank,1.0,1.0,test,1271,1.0,1,13768432
100,scifact,100,bm25_no_rerank,0.0,0.0,test,1281,0.0,1,29214508
100,scifact,100,bm25_no_rerank,1.0,0.6984152163370878,test,179,1.0,1,16322674
100,scifact,100,bm25_no_rerank,1.0,1.0,test,218,1.0,1,21366394
100,scifact,100,bm25_no_rerank,0.5,0.6309297535714575,test,269,1.0,1,36838958
100,scifact,100,bm25_no_rerank,1.0,1.0,test,298,1.0,1,39381118
100,scifact,100,bm25_no_rerank,1.0,1.0,test,436,1.0,1,14637235
100,scifact,100,bm25_no_rerank,0.0,0.0,test,54,1.0,1,3973445
100,scifact,100,bm25_no_rerank,1.0,1.0,test,552,1.0,1,1471041
100,scifact,100,bm25_no_rerank,1.0,1.0,test,649,1.0,1,12789595
100,scifact,100,bm25_no_rerank,1.0,1.0,test,692,1.0,1,24088502
100,scifact,100,bm25_no_rerank,1.0,1.0,test,70,1.0,1,5956380
100,scifact,100,bm25_no_rerank,0.5,0.6309297535714575,test,729,1.0,1,18038250
100,scifact,100,bm25_no_rerank,1.0,1.0,test,770,1.0,1,15476777
100,scifact,100,bm25_no_rerank,0.3333333333333333,0.5,test,784,1.0,1,16999023
100,scifact,100,bm25_no_rerank,0.5,0.6309297535714575,test,957,1.0,1,13492264
100,scifact,100,fp32_reranker_cpu,1.0,1.0,test,100,1.0,1,4381486
100,scifact,100,fp32_reranker_cpu,1.0,1.0,test,1062,1.0,1,20381484
100,scifact,100,fp32_reranker_cpu,0.0,0.0,test,1088,0.0,1,11915280
100,scifact,100,fp32_reranker_cpu,1.0,1.0,test,1089,1.0,1,17628888
100,scifact,100,fp32_reranker_cpu,0.25,0.43067655807339306,test,1099,1.0,1,22420524
100,scifact,100,fp32_reranker_cpu,0.0,0.0,test,1179,1.0,1,10627801
100,scifact,100,fp32_reranker_cpu,0.0,0.0,test,1221,0.0,1,1836154
100,scifact,100,fp32_reranker_cpu,0.5,0.6309297535714575,test,124,1.0,1,7111021
100,scifact,100,fp32_reranker_cpu,1.0,1.0,test,1271,1.0,1,13768432
100,scifact,100,fp32_reranker_cpu,0.0,0.0,test,1281,0.0,1,29214508
100,scifact,100,fp32_reranker_cpu,1.0,0.9493885684853097,test,179,1.0,1,16322674
100,scifact,100,fp32_reranker_cpu,1.0,1.0,test,218,1.0,1,21366394
100,scifact,100,fp32_reranker_cpu,0.5,0.6309297535714575,test,269,1.0,1,36838958
100,scifact,100,fp32_reranker_cpu,1.0,1.0,test,298,1.0,1,39381118
100,scifact,100,fp32_reranker_cpu,1.0,1.0,test,436,1.0,1,14637235
100,scifact,100,fp32_reranker_cpu,0.14285714285714285,0.3333333333333333,test,54,1.0,1,3973445
100,scifact,100,fp32_reranker_cpu,1.0,1.0,test,552,1.0,1,1471041
100,scifact,100,fp32_reranker_cpu,0.5,0.6309297535714575,test,649,1.0,1,15041758
100,scifact,100,fp32_reranker_cpu,1.0,1.0,test,692,1.0,1,24088502
100,scifact,100,fp32_reranker_cpu,0.0,0.0,test,70,1.0,1,21307488
100,scifact,100,fp32_reranker_cpu,1.0,1.0,test,729,1.0,1,26851674
100,scifact,100,fp32_reranker_cpu,1.0,1.0,test,770,1.0,1,15476777
100,scifact,100,fp32_reranker_cpu,1.0,1.0,test,784,1.0,1,2356950
100,scifact,100,fp32_reranker_cpu,1.0,1.0,test,957,1.0,1,123859
100,scifact,100,dynamic_int8_reranker_cpu,1.0,1.0,test,100,1.0,1,4381486
100,scifact,100,dynamic_int8_reranker_cpu,1.0,1.0,test,1062,1.0,1,20381484
100,scifact,100,dynamic_int8_reranker_cpu,0.0,0.0,test,1088,0.0,1,11915280
100,scifact,100,dynamic_int8_reranker_cpu,1.0,1.0,test,1089,1.0,1,17628888
100,scifact,100,dynamic_int8_reranker_cpu,0.25,0.43067655807339306,test,1099,1.0,1,22420524
100,scifact,100,dynamic_int8_reranker_cpu,0.0,0.0,test,1179,1.0,1,10627801
100,scifact,100,dynamic_int8_reranker_cpu,0.0,0.0,test,1221,0.0,1,1836154
100,scifact,100,dynamic_int8_reranker_cpu,0.5,0.6309297535714575,test,124,1.0,1,7111021
100,scifact,100,dynamic_int8_reranker_cpu,1.0,1.0,test,1271,1.0,1,13768432
100,scifact,100,dynamic_int8_reranker_cpu,0.0,0.0,test,1281,0.0,1,29214508
100,scifact,100,dynamic_int8_reranker_cpu,1.0,0.9493885684853097,test,179,1.0,1,16322674
100,scifact,100,dynamic_int8_reranker_cpu,1.0,1.0,test,218,1.0,1,21366394
100,scifact,100,dynamic_int8_reranker_cpu,0.5,0.6309297535714575,test,269,1.0,1,36838958
100,scifact,100,dynamic_int8_reranker_cpu,1.0,1.0,test,298,1.0,1,39381118
100,scifact,100,dynamic_int8_reranker_cpu,1.0,1.0,test,436,1.0,1,14637235
100,scifact,100,dynamic_int8_reranker_cpu,0.1,0.2890648263178879,test,54,1.0,1,3973445
100,scifact,100,dynamic_int8_reranker_cpu,1.0,1.0,test,552,1.0,1,1471041
100,scifact,100,dynamic_int8_reranker_cpu,0.5,0.6309297535714575,test,649,1.0,1,15041758
100,scifact,100,dynamic_int8_reranker_cpu,1.0,1.0,test,692,1.0,1,24088502
100,scifact,100,dynamic_int8_reranker_cpu,0.0,0.0,test,70,1.0,1,21307488
100,scifact,100,dynamic_int8_reranker_cpu,1.0,1.0,test,729,1.0,1,26851674
100,scifact,100,dynamic_int8_reranker_cpu,1.0,1.0,test,770,1.0,1,15476777
100,scifact,100,dynamic_int8_reranker_cpu,1.0,1.0,test,784,1.0,1,2356950
100,scifact,100,dynamic_int8_reranker_cpu,1.0,1.0,test,957,1.0,1,123859
100,scifact,100,bm25_no_rerank,1.0,1.0,test,1089,1.0,2,17628888
100,scifact,100,bm25_no_rerank,1.0,1.0,test,1107,1.0,2,20532591
100,scifact,100,bm25_no_rerank,1.0,1.0,test,115,1.0,2,33872649
100,scifact,100,bm25_no_rerank,1.0,1.0,test,1202,1.0,2,3475317
100,scifact,100,bm25_no_rerank,0.0,0.0,test,1213,0.0,2,23901235
100,scifact,100,bm25_no_rerank,1.0,0.3391602052736161,test,133,0.8,2,16280642
100,scifact,100,bm25_no_rerank,1.0,1.0,test,1339,1.0,2,15482274
100,scifact,100,bm25_no_rerank,1.0,1.0,test,180,1.0,2,16966326
100,scifact,100,bm25_no_rerank,0.25,0.2640681225725909,test,261,0.5,2,35271381
100,scifact,100,bm25_no_rerank,1.0,1.0,test,3,1.0,2,14717500
100,scifact,100,bm25_no_rerank,1.0,1.0,test,411,1.0,2,14924526
100,scifact,100,bm25_no_rerank,0.0,0.0,test,437,0.0,2,39851630
100,scifact,100,bm25_no_rerank,1.0,1.0,test,521,1.0,2,34873974
100,scifact,100,bm25_no_rerank,0.5,0.6309297535714575,test,527,1.0,2,1617327
100,scifact,100,bm25_no_rerank,1.0,1.0,test,533,1.0,2,12991445
100,scifact,100,bm25_no_rerank,0.0,0.0,test,54,1.0,2,3973445
100,scifact,100,bm25_no_rerank,1.0,1.0,test,56,1.0,2,4709641
100,scifact,100,bm25_no_rerank,0.5,0.6309297535714575,test,644,1.0,2,24921368
100,scifact,100,bm25_no_rerank,1.0,1.0,test,691,1.0,2,10991183
100,scifact,100,bm25_no_rerank,1.0,1.0,test,723,1.0,2,5531479
100,scifact,100,bm25_no_rerank,1.0,1.0,test,805,1.0,2,22180793
100,scifact,100,bm25_no_rerank,1.0,1.0,test,814,1.0,2,33387953
100,scifact,100,bm25_no_rerank,1.0,1.0,test,882,1.0,2,14803797
100,scifact,100,bm25_no_rerank,1.0,1.0,test,985,1.0,2,6828370
100,scifact,100,fp32_reranker_cpu,1.0,1.0,test,1089,1.0,2,17628888
100,scifact,100,fp32_reranker_cpu,1.0,1.0,test,1107,1.0,2,20532591
100,scifact,100,fp32_reranker_cpu,1.0,1.0,test,115,1.0,2,33872649
100,scifact,100,fp32_reranker_cpu,0.5,0.6309297535714575,test,1202,1.0,2,34615397
100,scifact,100,fp32_reranker_cpu,0.0,0.0,test,1213,0.0,2,10648422
100,scifact,100,fp32_reranker_cpu,1.0,0.5531464700081437,test,133,0.8,2,12640810
100,scifact,100,fp32_reranker_cpu,1.0,1.0,test,1339,1.0,2,15482274
100,scifact,100,fp32_reranker_cpu,1.0,1.0,test,180,1.0,2,16966326
100,scifact,100,fp32_reranker_cpu,0.3333333333333333,0.3065735963827292,test,261,0.5,2,32322418
100,scifact,100,fp32_reranker_cpu,1.0,1.0,test,3,1.0,2,14717500
100,scifact,100,fp32_reranker_cpu,1.0,1.0,test,411,1.0,2,14924526
100,scifact,100,fp32_reranker_cpu,0.0,0.0,test,437,0.0,2,5765455
100,scifact,100,fp32_reranker_cpu,1.0,1.0,test,521,1.0,2,34873974
100,scifact,100,fp32_reranker_cpu,0.0,0.0,test,527,1.0,2,1617327
100,scifact,100,fp32_reranker_cpu,1.0,1.0,test,533,1.0,2,12991445
100,scifact,100,fp32_reranker_cpu,0.14285714285714285,0.3333333333333333,test,54,1.0,2,3973445
100,scifact,100,fp32_reranker_cpu,1.0,1.0,test,56,1.0,2,4709641
100,scifact,100,fp32_reranker_cpu,1.0,1.0,test,644,1.0,2,13619127
100,scifact,100,fp32_reranker_cpu,0.5,0.6309297535714575,test,691,1.0,2,33076846
100,scifact,100,fp32_reranker_cpu,1.0,1.0,test,723,1.0,2,5531479
100,scifact,100,fp32_reranker_cpu,1.0,1.0,test,805,1.0,2,22180793
100,scifact,100,fp32_reranker_cpu,1.0,1.0,test,814,1.0,2,33387953
100,scifact,100,fp32_reranker_cpu,1.0,1.0,test,882,1.0,2,14803797
100,scifact,100,fp32_reranker_cpu,1.0,1.0,test,985,1.0,2,6828370
100,scifact,100,dynamic_int8_reranker_cpu,1.0,1.0,test,1089,1.0,2,17628888
100,scifact,100,dynamic_int8_reranker_cpu,1.0,1.0,test,1107,1.0,2,20532591
100,scifact,100,dynamic_int8_reranker_cpu,1.0,1.0,test,115,1.0,2,33872649
100,scifact,100,dynamic_int8_reranker_cpu,0.5,0.6309297535714575,test,1202,1.0,2,34615397
100,scifact,100,dynamic_int8_reranker_cpu,0.0,0.0,test,1213,0.0,2,21498497
100,scifact,100,dynamic_int8_reranker_cpu,1.0,0.5773584151532217,test,133,0.8,2,12640810
100,scifact,100,dynamic_int8_reranker_cpu,1.0,1.0,test,1339,1.0,2,15482274
100,scifact,100,dynamic_int8_reranker_cpu,1.0,1.0,test,180,1.0,2,16966326
100,scifact,100,dynamic_int8_reranker_cpu,0.3333333333333333,0.3065735963827292,test,261,0.5,2,32322418
100,scifact,100,dynamic_int8_reranker_cpu,1.0,1.0,test,3,1.0,2,14717500
100,scifact,100,dynamic_int8_reranker_cpu,1.0,1.0,test,411,1.0,2,14924526
100,scifact,100,dynamic_int8_reranker_cpu,0.0,0.0,test,437,0.0,2,5765455
100,scifact,100,dynamic_int8_reranker_cpu,1.0,1.0,test,521,1.0,2,34873974
100,scifact,100,dynamic_int8_reranker_cpu,0.0,0.0,test,527,1.0,2,1617327
100,scifact,100,dynamic_int8_reranker_cpu,1.0,1.0,test,533,1.0,2,12991445
100,scifact,100,dynamic_int8_reranker_cpu,0.1,0.2890648263178879,test,54,1.0,2,3973445
100,scifact,100,dynamic_int8_reranker_cpu,1.0,1.0,test,56,1.0,2,4709641
100,scifact,100,dynamic_int8_reranker_cpu,1.0,1.0,test,644,1.0,2,13619127
100,scifact,100,dynamic_int8_reranker_cpu,0.5,0.6309297535714575,test,691,1.0,2,33076846
100,scifact,100,dynamic_int8_reranker_cpu,1.0,1.0,test,723,1.0,2,5531479
100,scifact,100,dynamic_int8_reranker_cpu,1.0,1.0,test,805,1.0,2,22180793
100,scifact,100,dynamic_int8_reranker_cpu,1.0,1.0,test,814,1.0,2,33387953
100,scifact,100,dynamic_int8_reranker_cpu,1.0,1.0,test,882,1.0,2,14803797
100,scifact,100,dynamic_int8_reranker_cpu,1.0,1.0,test,985,1.0,2,6828370
100,scifact,100,bm25_no_rerank,0.5,0.6309297535714575,test,1021,1.0,3,10559501
100,scifact,100,bm25_no_rerank,1.0,1.0,test,1024,1.0,3,5373138
100,scifact,100,bm25_no_rerank,0.1,0.2890648263178879,test,1179,1.0,3,10627801
100,scifact,100,bm25_no_rerank,1.0,1.0,test,118,1.0,3,6372244
100,scifact,100,bm25_no_rerank,0.3333333333333333,0.5,test,128,1.0,3,23513718
100,scifact,100,bm25_no_rerank,0.0,0.0,test,1316,1.0,3,27243019
100,scifact,100,bm25_no_rerank,1.0,0.3391602052736161,test,133,0.8,3,16280642
100,scifact,100,bm25_no_rerank,1.0,1.0,test,1389,1.0,3,23895668
100,scifact,100,bm25_no_rerank,1.0,1.0,test,219,1.0,3,21366394
100,scifact,100,bm25_no_rerank,1.0,1.0,test,230,1.0,3,3067015
100,scifact,100,bm25_no_rerank,1.0,1.0,test,233,1.0,3,4388470
100,scifact,100,bm25_no_rerank,1.0,0.46927872602275644,test,275,0.6666666666666666,3,4961038
100,scifact,100,bm25_no_rerank,1.0,1.0,test,532,1.0,3,12991445
100,scifact,100,bm25_no_rerank,1.0,1.0,test,552,1.0,3,1471041
100,scifact,100,bm25_no_rerank,1.0,1.0,test,569,1.0,3,23460562
100,scifact,100,bm25_no_rerank,0.5,0.6052602440527057,test,728,1.0,3,22406695
100,scifact,100,bm25_no_rerank,1.0,1.0,test,742,1.0,3,32159283
100,scifact,100,bm25_no_rerank,1.0,1.0,test,743,1.0,3,32159283
100,scifact,100,bm25_no_rerank,0.0,0.0,test,834,1.0,3,12631182
100,scifact,100,bm25_no_rerank,1.0,1.0,test,879,1.0,3,8426046
100,scifact,100,bm25_no_rerank,1.0,1.0,test,882,1.0,3,14803797
100,scifact,100,bm25_no_rerank,1.0,1.0,test,904,1.0,3,7370282
100,scifact,100,bm25_no_rerank,1.0,1.0,test,907,1.0,3,6923961
100,scifact,100,bm25_no_rerank,1.0,1.0,test,985,1.0,3,6828370
100,scifact,100,fp32_reranker_cpu,1.0,1.0,test,1021,1.0,3,9433958
100,scifact,100,fp32_reranker_cpu,1.0,1.0,test,1024,1.0,3,5373138
100,scifact,100,fp32_reranker_cpu,0.0,0.0,test,1179,1.0,3,10627801
100,scifact,100,fp32_reranker_cpu,1.0,1.0,test,118,1.0,3,6372244
100,scifact,100,fp32_reranker_cpu,0.0,0.0,test,128,1.0,3,79447
100,scifact,100,fp32_reranker_cpu,0.0,0.0,test,1316,1.0,3,24879055
100,scifact,100,fp32_reranker_cpu,1.0,0.5531464700081437,test,133,0.8,3,12640810
100,scifact,100,fp32_reranker_cpu,1.0,1.0,test,1389,1.0,3,23895668
100,scifact,100,fp32_reranker_cpu,1.0,1.0,test,219,1.0,3,21366394
100,scifact,100,fp32_reranker_cpu,1.0,1.0,test,230,1.0,3,3067015
100,scifact,100,fp32_reranker_cpu,1.0,1.0,test,233,1.0,3,4388470
100,scifact,100,fp32_reranker_cpu,0.5,0.4632423659320675,test,275,0.6666666666666666,3,4920376
100,scifact,100,fp32_reranker_cpu,1.0,1.0,test,532,1.0,3,12991445
100,scifact,100,fp32_reranker_cpu,1.0,1.0,test,552,1.0,3,1471041
100,scifact,100,fp32_reranker_cpu,1.0,1.0,test,569,1.0,3,23460562
100,scifact,100,fp32_reranker_cpu,0.5,0.5802792108518124,test,728,1.0,3,22406695
100,scifact,100,fp32_reranker_cpu,0.25,0.43067655807339306,test,742,1.0,3,3984231
100,scifact,100,fp32_reranker_cpu,0.25,0.43067655807339306,test,743,1.0,3,3984231
100,scifact,100,fp32_reranker_cpu,0.25,0.43067655807339306,test,834,1.0,3,23100962
100,scifact,100,fp32_reranker_cpu,1.0,1.0,test,879,1.0,3,8426046
100,scifact,100,fp32_reranker_cpu,1.0,1.0,test,882,1.0,3,14803797
100,scifact,100,fp32_reranker_cpu,1.0,1.0,test,904,1.0,3,7370282
100,scifact,100,fp32_reranker_cpu,1.0,1.0,test,907,1.0,3,6923961
100,scifact,100,fp32_reranker_cpu,1.0,1.0,test,985,1.0,3,6828370
100,scifact,100,dynamic_int8_reranker_cpu,1.0,1.0,test,1021,1.0,3,9433958
100,scifact,100,dynamic_int8_reranker_cpu,1.0,1.0,test,1024,1.0,3,5373138
100,scifact,100,dynamic_int8_reranker_cpu,0.0,0.0,test,1179,1.0,3,10627801
100,scifact,100,dynamic_int8_reranker_cpu,1.0,1.0,test,118,1.0,3,6372244
100,scifact,100,dynamic_int8_reranker_cpu,0.0,0.0,test,128,1.0,3,79447
100,scifact,100,dynamic_int8_reranker_cpu,0.0,0.0,test,1316,1.0,3,24879055
100,scifact,100,dynamic_int8_reranker_cpu,1.0,0.5773584151532217,test,133,0.8,3,12640810
100,scifact,100,dynamic_int8_reranker_cpu,1.0,1.0,test,1389,1.0,3,23895668
100,scifact,100,dynamic_int8_reranker_cpu,1.0,1.0,test,219,1.0,3,21366394
100,scifact,100,dynamic_int8_reranker_cpu,1.0,1.0,test,230,1.0,3,3067015
100,scifact,100,dynamic_int8_reranker_cpu,1.0,1.0,test,233,1.0,3,4388470
100,scifact,100,dynamic_int8_reranker_cpu,0.5,0.4776237035032179,test,275,0.6666666666666666,3,4920376
100,scifact,100,dynamic_int8_reranker_cpu,1.0,1.0,test,532,1.0,3,12991445
100,scifact,100,dynamic_int8_reranker_cpu,1.0,1.0,test,552,1.0,3,1471041
100,scifact,100,dynamic_int8_reranker_cpu,0.5,0.6309297535714575,test,569,1.0,3,3155731
100,scifact,100,dynamic_int8_reranker_cpu,0.5,0.5802792108518124,test,728,1.0,3,22406695
100,scifact,100,dynamic_int8_reranker_cpu,0.25,0.43067655807339306,test,742,1.0,3,3984231
100,scifact,100,dynamic_int8_reranker_cpu,0.25,0.43067655807339306,test,743,1.0,3,3984231
100,scifact,100,dynamic_int8_reranker_cpu,0.25,0.43067655807339306,test,834,1.0,3,23100962
100,scifact,100,dynamic_int8_reranker_cpu,1.0,1.0,test,879,1.0,3,8426046
100,scifact,100,dynamic_int8_reranker_cpu,1.0,1.0,test,882,1.0,3,14803797
100,scifact,100,dynamic_int8_reranker_cpu,1.0,1.0,test,904,1.0,3,7370282
100,scifact,100,dynamic_int8_reranker_cpu,1.0,1.0,test,907,1.0,3,6923961
100,scifact,100,dynamic_int8_reranker_cpu,1.0,1.0,test,985,1.0,3,6828370
100,scifact,100,bm25_no_rerank,0.0,0.0,test,1049,0.0,4,24737389
100,scifact,100,bm25_no_rerank,0.0,0.0,test,1088,0.0,4,11915280
100,scifact,100,bm25_no_rerank,1.0,1.0,test,1163,1.0,4,15305881
100,scifact,100,bm25_no_rerank,0.2,0.38685280723454163,test,1180,1.0,4,10627801
100,scifact,100,bm25_no_rerank,0.0,0.0,test,1213,0.0,4,23901235
100,scifact,100,bm25_no_rerank,1.0,1.0,test,124,1.0,4,4883040
100,scifact,100,bm25_no_rerank,0.1,0.2890648263178879,test,1245,1.0,4,11748341
100,scifact,100,bm25_no_rerank,0.0,0.0,test,132,0.0,4,21181273
100,scifact,100,bm25_no_rerank,1.0,1.0,test,1352,1.0,4,12885341
100,scifact,100,bm25_no_rerank,0.1111111111111111,0.3010299956639812,test,183,1.0,4,8137081
100,scifact,100,bm25_no_rerank,0.25,0.43067655807339306,test,212,1.0,4,23017040
100,scifact,100,bm25_no_rerank,0.5,0.6309297535714575,test,232,1.0,4,7655029
100,scifact,100,bm25_no_rerank,1.0,1.0,test,279,1.0,4,14376683
100,scifact,100,bm25_no_rerank,1.0,1.0,test,294,1.0,4,10874408
100,scifact,100,bm25_no_rerank,0.3333333333333333,0.5,test,314,1.0,4,544971
100,scifact,100,bm25_no_rerank,0.125,0.19342640361727081,test,36,1.0,4,42441846
100,scifact,100,bm25_no_rerank,1.0,1.0,test,399,1.0,4,791050
100,scifact,100,bm25_no_rerank,1.0,1.0,test,521,1.0,4,34873974
100,scifact,100,bm25_no_rerank,0.0,0.0,test,560,0.0,4,22517564
100,scifact,100,bm25_no_rerank,0.0,0.0,test,575,1.0,4,16686383
100,scifact,100,bm25_no_rerank,0.5,0.6309297535714575,test,75,1.0,4,13965483
100,scifact,100,bm25_no_rerank,1.0,1.0,test,832,1.0,4,30303335
100,scifact,100,bm25_no_rerank,0.0,0.0,test,870,0.0,4,43220289
100,scifact,100,bm25_no_rerank,1.0,1.0,test,904,1.0,4,7370282
100,scifact,100,fp32_reranker_cpu,0.0,0.0,test,1049,0.0,4,8925851
100,scifact,100,fp32_reranker_cpu,0.0,0.0,test,1088,0.0,4,11915280
100,scifact,100,fp32_reranker_cpu,1.0,1.0,test,1163,1.0,4,15305881
100,scifact,100,fp32_reranker_cpu,1.0,1.0,test,1180,1.0,4,31272411
100,scifact,100,fp32_reranker_cpu,0.0,0.0,test,1213,0.0,4,10648422
100,scifact,100,fp32_reranker_cpu,0.5,0.6309297535714575,test,124,1.0,4,7111021
100,scifact,100,fp32_reranker_cpu,0.0,0.0,test,1245,1.0,4,49429882
100,scifact,100,fp32_reranker_cpu,0.0,0.0,test,132,0.0,4,2443495
100,scifact,100,fp32_reranker_cpu,1.0,1.0,test,1352,1.0,4,12885341
100,scifact,100,fp32_reranker_cpu,1.0,1.0,test,183,1.0,4,12827098
100,scifact,100,fp32_reranker_cpu,0.5,0.6309297535714575,test,212,1.0,4,11935250
100,scifact,100,fp32_reranker_cpu,0.5,0.6309297535714575,test,232,1.0,4,7655029
100,scifact,100,fp32_reranker_cpu,1.0,1.0,test,279,1.0,4,14376683
100,scifact,100,fp32_reranker_cpu,1.0,1.0,test,294,1.0,4,10874408
100,scifact,100,fp32_reranker_cpu,0.0,0.0,test,314,1.0,4,544971
100,scifact,100,fp32_reranker_cpu,0.2,0.23719771276929622,test,36,1.0,4,37424881
100,scifact,100,fp32_reranker_cpu,1.0,1.0,test,399,1.0,4,791050
100,scifact,100,fp32_reranker_cpu,1.0,1.0,test,521,1.0,4,34873974
100,scifact,100,fp32_reranker_cpu,0.0,0.0,test,560,0.0,4,11233339
100,scifact,100,fp32_reranker_cpu,1.0,1.0,test,575,1.0,4,10300888
100,scifact,100,fp32_reranker_cpu,1.0,1.0,test,75,1.0,4,4387784
100,scifact,100,fp32_reranker_cpu,1.0,1.0,test,832,1.0,4,30303335
100,scifact,100,fp32_reranker_cpu,0.0,0.0,test,870,0.0,4,4345757
100,scifact,100,fp32_reranker_cpu,1.0,1.0,test,904,1.0,4,7370282
100,scifact,100,dynamic_int8_reranker_cpu,0.0,0.0,test,1049,0.0,4,8925851
100,scifact,100,dynamic_int8_reranker_cpu,0.0,0.0,test,1088,0.0,4,11915280
100,scifact,100,dynamic_int8_reranker_cpu,1.0,1.0,test,1163,1.0,4,15305881
100,scifact,100,dynamic_int8_reranker_cpu,1.0,1.0,test,1180,1.0,4,31272411
100,scifact,100,dynamic_int8_reranker_cpu,0.0,0.0,test,1213,0.0,4,21498497
100,scifact,100,dynamic_int8_reranker_cpu,0.5,0.6309297535714575,test,124,1.0,4,7111021
100,scifact,100,dynamic_int8_reranker_cpu,0.0,0.0,test,1245,1.0,4,49429882
100,scifact,100,dynamic_int8_reranker_cpu,0.0,0.0,test,132,0.0,4,2443495
100,scifact,100,dynamic_int8_reranker_cpu,1.0,1.0,test,1352,1.0,4,12885341
100,scifact,100,dynamic_int8_reranker_cpu,1.0,1.0,test,183,1.0,4,12827098
100,scifact,100,dynamic_int8_reranker_cpu,0.25,0.43067655807339306,test,212,1.0,4,11935250
100,scifact,100,dynamic_int8_reranker_cpu,0.5,0.6309297535714575,test,232,1.0,4,7655029
100,scifact,100,dynamic_int8_reranker_cpu,1.0,1.0,test,279,1.0,4,14376683
100,scifact,100,dynamic_int8_reranker_cpu,1.0,1.0,test,294,1.0,4,10874408
100,scifact,100,dynamic_int8_reranker_cpu,0.0,0.0,test,314,1.0,4,544971
100,scifact,100,dynamic_int8_reranker_cpu,0.2,0.23719771276929622,test,36,1.0,4,33409100
100,scifact,100,dynamic_int8_reranker_cpu,1.0,1.0,test,399,1.0,4,791050
100,scifact,100,dynamic_int8_reranker_cpu,1.0,1.0,test,521,1.0,4,34873974
100,scifact,100,dynamic_int8_reranker_cpu,0.0,0.0,test,560,0.0,4,11233339
100,scifact,100,dynamic_int8_reranker_cpu,1.0,1.0,test,575,1.0,4,10300888
100,scifact,100,dynamic_int8_reranker_cpu,1.0,1.0,test,75,1.0,4,4387784
100,scifact,100,dynamic_int8_reranker_cpu,1.0,1.0,test,832,1.0,4,30303335
100,scifact,100,dynamic_int8_reranker_cpu,0.0,0.0,test,870,0.0,4,4345757
100,scifact,100,dynamic_int8_reranker_cpu,1.0,1.0,test,904,1.0,4,7370282
100,scifact,100,bm25_no_rerank,0.5,0.6309297535714575,test,1021,1.0,5,10559501
100,scifact,100,bm25_no_rerank,1.0,1.0,test,1089,1.0,5,17628888
100,scifact,100,bm25_no_rerank,1.0,1.0,test,1144,1.0,5,10071552
100,scifact,100,bm25_no_rerank,1.0,1.0,test,1187,1.0,5,52873726
100,scifact,100,bm25_no_rerank,1.0,1.0,test,124,1.0,5,4883040
100,scifact,100,bm25_no_rerank,0.5,0.6309297535714575,test,1266,1.0,5,13831842
100,scifact,100,bm25_no_rerank,1.0,1.0,test,1320,1.0,5,16284655
100,scifact,100,bm25_no_rerank,1.0,0.3391602052736161,test,133,0.8,5,16280642
100,scifact,100,bm25_no_rerank,1.0,1.0,test,137,1.0,5,26016929
100,scifact,100,bm25_no_rerank,0.3333333333333333,0.5,test,185,1.0,5,21874312
100,scifact,100,bm25_no_rerank,1.0,1.0,test,248,1.0,5,1568684
100,scifact,100,bm25_no_rerank,0.5,0.6309297535714575,test,249,1.0,5,25050364
100,scifact,100,bm25_no_rerank,0.5,0.6309297535714575,test,269,1.0,5,36838958
100,scifact,100,bm25_no_rerank,1.0,1.0,test,327,1.0,5,17997584
100,scifact,100,bm25_no_rerank,0.0,0.0,test,517,1.0,5,19658917
100,scifact,100,bm25_no_rerank,1.0,1.0,test,533,1.0,5,12991445
100,scifact,100,bm25_no_rerank,0.0,0.0,test,54,1.0,5,3973445
100,scifact,100,bm25_no_rerank,1.0,1.0,test,552,1.0,5,1471041
100,scifact,100,bm25_no_rerank,0.16666666666666666,0.3562071871080222,test,587,1.0,5,2559303
100,scifact,100,bm25_no_rerank,1.0,1.0,test,723,1.0,5,5531479
100,scifact,100,bm25_no_rerank,0.5,0.6052602440527057,test,728,1.0,5,22406695
100,scifact,100,bm25_no_rerank,1.0,1.0,test,847,1.0,5,16787954
100,scifact,100,bm25_no_rerank,1.0,1.0,test,882,1.0,5,14803797
100,scifact,100,bm25_no_rerank,1.0,0.9197207891481876,test,967,1.0,5,2119889
100,scifact,100,fp32_reranker_cpu,1.0,1.0,test,1021,1.0,5,9433958
100,scifact,100,fp32_reranker_cpu,1.0,1.0,test,1089,1.0,5,17628888
100,scifact,100,fp32_reranker_cpu,1.0,1.0,test,1144,1.0,5,10071552
100,scifact,100,fp32_reranker_cpu,1.0,1.0,test,1187,1.0,5,52873726
100,scifact,100,fp32_reranker_cpu,0.5,0.6309297535714575,test,124,1.0,5,7111021
100,scifact,100,fp32_reranker_cpu,0.14285714285714285,0.3333333333333333,test,1266,1.0,5,27123743
100,scifact,100,fp32_reranker_cpu,1.0,1.0,test,1320,1.0,5,16284655
100,scifact,100,fp32_reranker_cpu,1.0,0.5531464700081437,test,133,0.8,5,12640810
100,scifact,100,fp32_reranker_cpu,1.0,1.0,test,137,1.0,5,26016929
100,scifact,100,fp32_reranker_cpu,0.25,0.43067655807339306,test,185,1.0,5,21874312
100,scifact,100,fp32_reranker_cpu,1.0,1.0,test,248,1.0,5,1568684
100,scifact,100,fp32_reranker_cpu,1.0,1.0,test,249,1.0,5,1568684
100,scifact,100,fp32_reranker_cpu,0.5,0.6309297535714575,test,269,1.0,5,36838958
100,scifact,100,fp32_reranker_cpu,1.0,1.0,test,327,1.0,5,17997584
100,scifact,100,fp32_reranker_cpu,0.0,0.0,test,517,1.0,5,23577867
100,scifact,100,fp32_reranker_cpu,1.0,1.0,test,533,1.0,5,12991445
100,scifact,100,fp32_reranker_cpu,0.14285714285714285,0.3333333333333333,test,54,1.0,5,3973445
100,scifact,100,fp32_reranker_cpu,1.0,1.0,test,552,1.0,5,1471041
100,scifact,100,fp32_reranker_cpu,0.5,0.6309297535714575,test,587,1.0,5,7142113
100,scifact,100,fp32_reranker_cpu,1.0,1.0,test,723,1.0,5,5531479
100,scifact,100,fp32_reranker_cpu,0.5,0.5802792108518124,test,728,1.0,5,22406695
100,scifact,100,fp32_reranker_cpu,1.0,1.0,test,847,1.0,5,16787954
100,scifact,100,fp32_reranker_cpu,1.0,1.0,test,882,1.0,5,14803797
100,scifact,100,fp32_reranker_cpu,1.0,0.9197207891481876,test,967,1.0,5,8997410
100,scifact,100,dynamic_int8_reranker_cpu,1.0,1.0,test,1021,1.0,5,9433958
100,scifact,100,dynamic_int8_reranker_cpu,1.0,1.0,test,1089,1.0,5,17628888
100,scifact,100,dynamic_int8_reranker_cpu,1.0,1.0,test,1144,1.0,5,10071552
100,scifact,100,dynamic_int8_reranker_cpu,1.0,1.0,test,1187,1.0,5,52873726
100,scifact,100,dynamic_int8_reranker_cpu,0.5,0.6309297535714575,test,124,1.0,5,7111021
100,scifact,100,dynamic_int8_reranker_cpu,0.125,0.31546487678572877,test,1266,1.0,5,27123743
100,scifact,100,dynamic_int8_reranker_cpu,1.0,1.0,test,1320,1.0,5,16284655
100,scifact,100,dynamic_int8_reranker_cpu,1.0,0.5773584151532217,test,133,0.8,5,12640810
100,scifact,100,dynamic_int8_reranker_cpu,1.0,1.0,test,137,1.0,5,26016929
100,scifact,100,dynamic_int8_reranker_cpu,0.25,0.43067655807339306,test,185,1.0,5,21874312
100,scifact,100,dynamic_int8_reranker_cpu,1.0,1.0,test,248,1.0,5,1568684
100,scifact,100,dynamic_int8_reranker_cpu,1.0,1.0,test,249,1.0,5,1568684
100,scifact,100,dynamic_int8_reranker_cpu,0.5,0.6309297535714575,test,269,1.0,5,36838958
100,scifact,100,dynamic_int8_reranker_cpu,1.0,1.0,test,327,1.0,5,17997584
100,scifact,100,dynamic_int8_reranker_cpu,0.0,0.0,test,517,1.0,5,25599283
100,scifact,100,dynamic_int8_reranker_cpu,1.0,1.0,test,533,1.0,5,12991445
100,scifact,100,dynamic_int8_reranker_cpu,0.1,0.2890648263178879,test,54,1.0,5,3973445
100,scifact,100,dynamic_int8_reranker_cpu,1.0,1.0,test,552,1.0,5,1471041
100,scifact,100,dynamic_int8_reranker_cpu,0.5,0.6309297535714575,test,587,1.0,5,40558887
100,scifact,100,dynamic_int8_reranker_cpu,1.0,1.0,test,723,1.0,5,5531479
100,scifact,100,dynamic_int8_reranker_cpu,0.5,0.5802792108518124,test,728,1.0,5,22406695
100,scifact,100,dynamic_int8_reranker_cpu,1.0,1.0,test,847,1.0,5,16787954
100,scifact,100,dynamic_int8_reranker_cpu,1.0,1.0,test,882,1.0,5,14803797
100,scifact,100,dynamic_int8_reranker_cpu,1.0,1.0,test,967,1.0,5,8997410
20,nfcorpus,20,bm25_no_rerank,0.3333333333333333,0.4922818839877925,test,PLAIN-1018,0.11666666666666667,1,MED-5095
20,nfcorpus,20,bm25_no_rerank,0.25,0.1681522864689108,test,PLAIN-1151,0.026143790849673203,1,MED-1179
20,nfcorpus,20,bm25_no_rerank,0.0,0.0,test,PLAIN-1161,0.0,1,MED-3584
20,nfcorpus,20,bm25_no_rerank,0.0,0.0,test,PLAIN-133,0.0,1,MED-1666
1,nfcorpus,20,bm25_no_rerank,0.0,0.0,test,PLAIN-1485,0.0,1,MED-2099
20,nfcorpus,20,bm25_no_rerank,1.0,0.866947989864271,test,PLAIN-1527,0.06930693069306931,1,MED-2160
20,nfcorpus,20,bm25_no_rerank,0.5,0.5806020001118019,test,PLAIN-1601,0.13513513513513514,1,MED-1700
0,nfcorpus,20,bm25_no_rerank,0.0,0.0,test,PLAIN-1679,0.0,1,
20,nfcorpus,20,bm25_no_rerank,1.0,0.7133080652109929,test,PLAIN-2051,0.03380281690140845,1,MED-1556
20,nfcorpus,20,bm25_no_rerank,0.5,0.1482972305701491,test,PLAIN-2145,0.1111111111111111,1,MED-743
20,nfcorpus,20,bm25_no_rerank,0.3333333333333333,0.11004588314904008,test,PLAIN-227,0.025,1,MED-3466
3,nfcorpus,20,bm25_no_rerank,0.0,0.0,test,PLAIN-2311,0.0,1,MED-4801
20,nfcorpus,20,bm25_no_rerank,0.3333333333333333,0.1269082923178573,test,PLAIN-2570,0.025,1,MED-1248
20,nfcorpus,20,bm25_no_rerank,1.0,1.0,test,PLAIN-2860,1.0,1,MED-4186
20,nfcorpus,20,bm25_no_rerank,1.0,0.3589542101716347,test,PLAIN-291,0.23076923076923078,1,MED-4517
20,nfcorpus,20,bm25_no_rerank,0.1,0.09848418277380512,test,PLAIN-3141,0.029411764705882353,1,MED-4235
20,nfcorpus,20,bm25_no_rerank,0.25,0.29660125079667127,test,PLAIN-3201,0.09375,1,MED-2117
20,nfcorpus,20,bm25_no_rerank,0.0,0.0,test,PLAIN-3221,0.0,1,MED-2212
20,nfcorpus,20,bm25_no_rerank,1.0,0.6131471927654584,test,PLAIN-332,0.5,1,MED-760
20,nfcorpus,20,bm25_no_rerank,0.0,0.0,test,PLAIN-3392,0.043478260869565216,1,MED-1646
20,nfcorpus,20,bm25_no_rerank,0.5,0.31204907722178066,test,PLAIN-3432,0.14285714285714285,1,MED-4336
20,nfcorpus,20,bm25_no_rerank,1.0,1.0,test,PLAIN-681,1.0,1,MED-5017
20,nfcorpus,20,bm25_no_rerank,0.0,0.0,test,PLAIN-782,0.0,1,MED-1055
6,nfcorpus,20,bm25_no_rerank,1.0,0.727329844310522,test,PLAIN-892,0.06521739130434782,1,MED-3132
20,nfcorpus,20,fp32_reranker_cpu,0.3333333333333333,0.4990267326507382,test,PLAIN-1018,0.11666666666666667,1,MED-5095
20,nfcorpus,20,fp32_reranker_cpu,1.0,0.40853591842579556,test,PLAIN-1151,0.026143790849673203,1,MED-4932
20,nfcorpus,20,fp32_reranker_cpu,0.0,0.0,test,PLAIN-1161,0.0,1,MED-2570
20,nfcorpus,20,fp32_reranker_cpu,0.0,0.0,test,PLAIN-133,0.0,1,MED-1665
1,nfcorpus,20,fp32_reranker_cpu,0.0,0.0,test,PLAIN-1485,0.0,1,MED-2099
20,nfcorpus,20,fp32_reranker_cpu,1.0,0.826813366651774,test,PLAIN-1527,0.06930693069306931,1,MED-1304
20,nfcorpus,20,fp32_reranker_cpu,1.0,0.7788065869851872,test,PLAIN-1601,0.13513513513513514,1,MED-3537
0,nfcorpus,20,fp32_reranker_cpu,0.0,0.0,test,PLAIN-1679,0.0,1,
20,nfcorpus,20,fp32_reranker_cpu,1.0,0.7542686714597936,test,PLAIN-2051,0.03380281690140845,1,MED-1556
20,nfcorpus,20,fp32_reranker_cpu,0.5,0.1482972305701491,test,PLAIN-2145,0.1111111111111111,1,MED-743
20,nfcorpus,20,fp32_reranker_cpu,1.0,0.22009176629808017,test,PLAIN-227,0.025,1,MED-4150
3,nfcorpus,20,fp32_reranker_cpu,0.0,0.0,test,PLAIN-2311,0.0,1,MED-4801
20,nfcorpus,20,fp32_reranker_cpu,0.5,0.16014043519656038,test,PLAIN-2570,0.025,1,MED-2148
20,nfcorpus,20,fp32_reranker_cpu,1.0,1.0,test,PLAIN-2860,1.0,1,MED-4186
20,nfcorpus,20,fp32_reranker_cpu,1.0,0.42520843362602373,test,PLAIN-291,0.23076923076923078,1,MED-4517
20,nfcorpus,20,fp32_reranker_cpu,0.1,0.09848418277380512,test,PLAIN-3141,0.029411764705882353,1,MED-831
20,nfcorpus,20,fp32_reranker_cpu,1.0,0.45846608015576257,test,PLAIN-3201,0.09375,1,MED-4752
20,nfcorpus,20,fp32_reranker_cpu,0.0,0.0,test,PLAIN-3221,0.0,1,MED-2212
20,nfcorpus,20,fp32_reranker_cpu,1.0,0.6131471927654584,test,PLAIN-332,0.5,1,MED-760
20,nfcorpus,20,fp32_reranker_cpu,0.0,0.0,test,PLAIN-3392,0.043478260869565216,1,MED-3533
20,nfcorpus,20,fp32_reranker_cpu,1.0,0.388244052766991,test,PLAIN-3432,0.14285714285714285,1,MED-2227
20,nfcorpus,20,fp32_reranker_cpu,1.0,1.0,test,PLAIN-681,1.0,1,MED-5017
20,nfcorpus,20,fp32_reranker_cpu,0.0,0.0,test,PLAIN-782,0.0,1,MED-1055
6,nfcorpus,20,fp32_reranker_cpu,1.0,0.727329844310522,test,PLAIN-892,0.06521739130434782,1,MED-2145
20,nfcorpus,20,dynamic_int8_reranker_cpu,0.3333333333333333,0.5079937796926363,test,PLAIN-1018,0.11666666666666667,1,MED-5095
20,nfcorpus,20,dynamic_int8_reranker_cpu,1.0,0.4789015552876929,test,PLAIN-1151,0.026143790849673203,1,MED-4932
20,nfcorpus,20,dynamic_int8_reranker_cpu,0.0,0.0,test,PLAIN-1161,0.0,1,MED-2570
20,nfcorpus,20,dynamic_int8_reranker_cpu,0.0,0.0,test,PLAIN-133,0.0,1,MED-1665
1,nfcorpus,20,dynamic_int8_reranker_cpu,0.0,0.0,test,PLAIN-1485,0.0,1,MED-2099
20,nfcorpus,20,dynamic_int8_reranker_cpu,1.0,0.8318477135310893,test,PLAIN-1527,0.06930693069306931,1,MED-1304
20,nfcorpus,20,dynamic_int8_reranker_cpu,1.0,0.7125523635307982,test,PLAIN-1601,0.13513513513513514,1,MED-3537
0,nfcorpus,20,dynamic_int8_reranker_cpu,0.0,0.0,test,PLAIN-1679,0.0,1,
20,nfcorpus,20,dynamic_int8_reranker_cpu,1.0,0.725452110735279,test,PLAIN-2051,0.03380281690140845,1,MED-1781
20,nfcorpus,20,dynamic_int8_reranker_cpu,0.5,0.1482972305701491,test,PLAIN-2145,0.1111111111111111,1,MED-743
20,nfcorpus,20,dynamic_int8_reranker_cpu,1.0,0.22009176629808017,test,PLAIN-227,0.025,1,MED-4150
3,nfcorpus,20,dynamic_int8_reranker_cpu,0.0,0.0,test,PLAIN-2311,0.0,1,MED-4801
20,nfcorpus,20,dynamic_int8_reranker_cpu,0.3333333333333333,0.1269082923178573,test,PLAIN-2570,0.025,1,MED-2148
20,nfcorpus,20,dynamic_int8_reranker_cpu,1.0,1.0,test,PLAIN-2860,1.0,1,MED-4186
20,nfcorpus,20,dynamic_int8_reranker_cpu,1.0,0.3589542101716347,test,PLAIN-291,0.23076923076923078,1,MED-4517
20,nfcorpus,20,dynamic_int8_reranker_cpu,0.0,0.0,test,PLAIN-3141,0.029411764705882353,1,MED-831
20,nfcorpus,20,dynamic_int8_reranker_cpu,1.0,0.45846608015576257,test,PLAIN-3201,0.09375,1,MED-4752
20,nfcorpus,20,dynamic_int8_reranker_cpu,0.0,0.0,test,PLAIN-3221,0.0,1,MED-2212
20,nfcorpus,20,dynamic_int8_reranker_cpu,1.0,0.6131471927654584,test,PLAIN-332,0.5,1,MED-760
20,nfcorpus,20,dynamic_int8_reranker_cpu,0.0,0.0,test,PLAIN-3392,0.043478260869565216,1,MED-3533
20,nfcorpus,20,dynamic_int8_reranker_cpu,1.0,0.37185395737611554,test,PLAIN-3432,0.14285714285714285,1,MED-2227
20,nfcorpus,20,dynamic_int8_reranker_cpu,1.0,1.0,test,PLAIN-681,1.0,1,MED-5017
20,nfcorpus,20,dynamic_int8_reranker_cpu,0.0,0.0,test,PLAIN-782,0.0,1,MED-1055
6,nfcorpus,20,dynamic_int8_reranker_cpu,1.0,0.727329844310522,test,PLAIN-892,0.06521739130434782,1,MED-2145
20,nfcorpus,20,bm25_no_rerank,0.25,0.1681522864689108,test,PLAIN-1151,0.026143790849673203,2,MED-1179
20,nfcorpus,20,bm25_no_rerank,0.1,0.06362078819895171,test,PLAIN-1193,0.1111111111111111,2,MED-2378
16,nfcorpus,20,bm25_no_rerank,1.0,0.7381919257729245,test,PLAIN-1288,0.05102040816326531,2,MED-1538
20,nfcorpus,20,bm25_no_rerank,1.0,0.3843483686763149,test,PLAIN-143,0.058823529411764705,2,MED-3621
20,nfcorpus,20,bm25_no_rerank,1.0,0.40350157154648025,test,PLAIN-1463,0.20833333333333334,2,MED-2140
20,nfcorpus,20,bm25_no_rerank,1.0,0.9305687780632227,test,PLAIN-1805,0.11206896551724138,2,MED-3938
20,nfcorpus,20,bm25_no_rerank,1.0,0.6274092458891772,test,PLAIN-1857,0.15151515151515152,2,MED-4319
20,nfcorpus,20,bm25_no_rerank,1.0,0.933745776545611,test,PLAIN-2061,0.04390243902439024,2,MED-3031
7,nfcorpus,20,bm25_no_rerank,0.0,0.0,test,PLAIN-2250,0.0,2,MED-2346
20,nfcorpus,20,bm25_no_rerank,0.0,0.0,test,PLAIN-2321,0.0,2,MED-2745
20,nfcorpus,20,bm25_no_rerank,0.25,0.07919450280189604,test,PLAIN-2520,0.0684931506849315,2,MED-3273
20,nfcorpus,20,bm25_no_rerank,1.0,0.39748251179391547,test,PLAIN-2580,0.13043478260869565,2,MED-2220
20,nfcorpus,20,bm25_no_rerank,1.0,0.3460447326967689,test,PLAIN-2770,0.12195121951219512,2,MED-3832
20,nfcorpus,20,bm25_no_rerank,1.0,0.6421867266689009,test,PLAIN-2790,0.11864406779661017,2,MED-3964
20,nfcorpus,20,bm25_no_rerank,0.0,0.0,test,PLAIN-2820,0.0,2,MED-2698
20,nfcorpus,20,bm25_no_rerank,0.0,0.0,test,PLAIN-2920,0.0,2,MED-4309
20,nfcorpus,20,bm25_no_rerank,0.14285714285714285,0.13216105048695953,test,PLAIN-3131,0.16666666666666666,2,MED-2291
20,nfcorpus,20,bm25_no_rerank,0.0,0.0,test,PLAIN-320,0.023809523809523808,2,MED-2424
20,nfcorpus,20,bm25_no_rerank,0.2,0.08891431692491045,test,PLAIN-33,0.03125,2,MED-2221
20,nfcorpus,20,bm25_no_rerank,1.0,0.6363762929310753,test,PLAIN-3462,0.140625,2,MED-5271
20,nfcorpus,20,bm25_no_rerank,0.25,0.11861329943102608,test,PLAIN-371,1.0,2,MED-4620
20,nfcorpus,20,bm25_no_rerank,1.0,0.726007843808432,test,PLAIN-56,0.12,2,MED-2901
11,nfcorpus,20,bm25_no_rerank,1.0,0.84860265890399,test,PLAIN-741,0.42105263157894735,2,MED-4237
2,nfcorpus,20,bm25_no_rerank,1.0,0.3589542101716347,test,PLAIN-882,0.13333333333333333,2,MED-3622
20,nfcorpus,20,fp32_reranker_cpu,1.0,0.40853591842579556,test,PLAIN-1151,0.026143790849673203,2,MED-4932
20,nfcorpus,20,fp32_reranker_cpu,0.0,0.0,test,PLAIN-1193,0.1111111111111111,2,MED-3868
16,nfcorpus,20,fp32_reranker_cpu,0.5,0.7015099647232446,test,PLAIN-1288,0.05102040816326531,2,MED-2083
20,nfcorpus,20,fp32_reranker_cpu,1.0,0.6909032516569064,test,PLAIN-143,0.058823529411764705,2,MED-3621
20,nfcorpus,20,fp32_reranker_cpu,0.5,0.3222722491219547,test,PLAIN-1463,0.20833333333333334,2,MED-2147
20,nfcorpus,20,fp32_reranker_cpu,1.0,0.8389574121760602,test,PLAIN-1805,0.11206896551724138,2,MED-3935
20,nfcorpus,20,fp32_reranker_cpu,1.0,0.6371523797895856,test,PLAIN-1857,0.15151515151515152,2,MED-2988
20,nfcorpus,20,fp32_reranker_cpu,1.0,0.9052116356304493,test,PLAIN-2061,0.04390243902439024,2,MED-4960
7,nfcorpus,20,fp32_reranker_cpu,0.0,0.0,test,PLAIN-2250,0.0,2,MED-2210
20,nfcorpus,20,fp32_reranker_cpu,0.0,0.0,test,PLAIN-2321,0.0,2,MED-2991
20,nfcorpus,20,fp32_reranker_cpu,0.5,0.07074212199097152,test,PLAIN-2520,0.0684931506849315,2,MED-3273
20,nfcorpus,20,fp32_reranker_cpu,1.0,0.41235173674195585,test,PLAIN-2580,0.13043478260869565,2,MED-2220
20,nfcorpus,20,fp32_reranker_cpu,0.16666666666666666,0.17384722973191272,test,PLAIN-2770,0.12195121951219512,2,MED-5116
20,nfcorpus,20,fp32_reranker_cpu,1.0,0.5271064966405455,test,PLAIN-2790,0.11864406779661017,2,MED-3970
20,nfcorpus,20,fp32_reranker_cpu,0.0,0.0,test,PLAIN-2820,0.0,2,MED-1677
20,nfcorpus,20,fp32_reranker_cpu,0.0,0.0,test,PLAIN-2920,0.0,2,MED-3532
20,nfcorpus,20,fp32_reranker_cpu,1.0,0.39648315146087865,test,PLAIN-3131,0.16666666666666666,2,MED-4619
20,nfcorpus,20,fp32_reranker_cpu,0.0,0.0,test,PLAIN-320,0.023809523809523808,2,MED-2437
20,nfcorpus,20,fp32_reranker_cpu,0.5,0.14501300499131864,test,PLAIN-33,0.03125,2,MED-1056
20,nfcorpus,20,fp32_reranker_cpu,1.0,0.6929852696575346,test,PLAIN-3462,0.140625,2,MED-5274
20,nfcorpus,20,fp32_reranker_cpu,1.0,0.27541155237618664,test,PLAIN-371,1.0,2,MED-4618
20,nfcorpus,20,fp32_reranker_cpu,1.0,0.6249269297112284,test,PLAIN-56,0.12,2,MED-4384
11,nfcorpus,20,fp32_reranker_cpu,1.0,0.857980942822373,test,PLAIN-741,0.42105263157894735,2,MED-4232
2,nfcorpus,20,fp32_reranker_cpu,1.0,0.3589542101716347,test,PLAIN-882,0.13333333333333333,2,MED-3622
20,nfcorpus,20,dynamic_int8_reranker_cpu,1.0,0.4789015552876929,test,PLAIN-1151,0.026143790849673203,2,MED-4932
20,nfcorpus,20,dynamic_int8_reranker_cpu,0.0,0.0,test,PLAIN-1193,0.1111111111111111,2,MED-3868
16,nfcorpus,20,dynamic_int8_reranker_cpu,0.5,0.7065443116025598,test,PLAIN-1288,0.05102040816326531,2,MED-2083
20,nfcorpus,20,dynamic_int8_reranker_cpu,1.0,0.6316991638553519,test,PLAIN-143,0.058823529411764705,2,MED-3621
20,nfcorpus,20,dynamic_int8_reranker_cpu,0.5,0.3030820301798826,test,PLAIN-1463,0.20833333333333334,2,MED-2147
20,nfcorpus,20,dynamic_int8_reranker_cpu,1.0,0.8643145546088337,test,PLAIN-1805,0.11206896551724138,2,MED-4939
20,nfcorpus,20,dynamic_int8_reranker_cpu,1.0,0.6371523797895856,test,PLAIN-1857,0.15151515151515152,2,MED-2988
20,nfcorpus,20,dynamic_int8_reranker_cpu,1.0,0.9052116356304493,test,PLAIN-2061,0.04390243902439024,2,MED-2344
7,nfcorpus,20,dynamic_int8_reranker_cpu,0.0,0.0,test,PLAIN-2250,0.0,2,MED-2210
20,nfcorpus,20,dynamic_int8_reranker_cpu,0.0,0.0,test,PLAIN-2321,0.0,2,MED-2991
20,nfcorpus,20,dynamic_int8_reranker_cpu,0.5,0.0746685205050585,test,PLAIN-2520,0.0684931506849315,2,MED-3273
20,nfcorpus,20,dynamic_int8_reranker_cpu,1.0,0.41235173674195585,test,PLAIN-2580,0.13043478260869565,2,MED-2220
20,nfcorpus,20,dynamic_int8_reranker_cpu,0.2,0.20753958131922537,test,PLAIN-2770,0.12195121951219512,2,MED-2437
20,nfcorpus,20,dynamic_int8_reranker_cpu,1.0,0.5644487565714978,test,PLAIN-2790,0.11864406779661017,2,MED-3970
20,nfcorpus,20,dynamic_int8_reranker_cpu,0.0,0.0,test,PLAIN-2820,0.0,2,MED-1677
20,nfcorpus,20,dynamic_int8_reranker_cpu,0.0,0.0,test,PLAIN-2920,0.0,2,MED-3532
20,nfcorpus,20,dynamic_int8_reranker_cpu,1.0,0.39648315146087865,test,PLAIN-3131,0.16666666666666666,2,MED-4619
20,nfcorpus,20,dynamic_int8_reranker_cpu,0.0,0.0,test,PLAIN-320,0.023809523809523808,2,MED-2437
20,nfcorpus,20,dynamic_int8_reranker_cpu,0.5,0.14501300499131864,test,PLAIN-33,0.03125,2,MED-1056
20,nfcorpus,20,dynamic_int8_reranker_cpu,1.0,0.6929852696575346,test,PLAIN-3462,0.140625,2,MED-5274
20,nfcorpus,20,dynamic_int8_reranker_cpu,1.0,0.27541155237618664,test,PLAIN-371,1.0,2,MED-4618
20,nfcorpus,20,dynamic_int8_reranker_cpu,1.0,0.6249269297112284,test,PLAIN-56,0.12,2,MED-4384
11,nfcorpus,20,dynamic_int8_reranker_cpu,1.0,0.866947989864271,test,PLAIN-741,0.42105263157894735,2,MED-4237
2,nfcorpus,20,dynamic_int8_reranker_cpu,1.0,0.3589542101716347,test,PLAIN-882,0.13333333333333333,2,MED-3622
14,nfcorpus,20,bm25_no_rerank,0.0,0.0,test,PLAIN-1066,0.0,3,MED-1712
3,nfcorpus,20,bm25_no_rerank,0.0,0.0,test,PLAIN-1331,0.0,3,MED-1049
20,nfcorpus,20,bm25_no_rerank,0.25,0.09478836436955078,test,PLAIN-1656,0.03571428571428571,3,MED-4470
20,nfcorpus,20,bm25_no_rerank,0.5,0.26852556974265224,test,PLAIN-1762,0.25,3,MED-865
2,nfcorpus,20,bm25_no_rerank,0.0,0.0,test,PLAIN-1962,0.0,3,MED-2438
3,nfcorpus,20,bm25_no_rerank,1.0,0.644824486427155,test,PLAIN-2156,0.5,3,MED-4868
2,nfcorpus,20,bm25_no_rerank,0.0,0.0,test,PLAIN-2167,0.0,3,MED-2488
10,nfcorpus,20,bm25_no_rerank,0.5,0.29727159644205703,test,PLAIN-2177,0.125,3,MED-3282
0,nfcorpus,20,bm25_no_rerank,0.0,0.0,test,PLAIN-2281,0.0,3,
20,nfcorpus,20,bm25_no_rerank,0.16666666666666666,0.043358872528941626,test,PLAIN-2810,0.25,3,MED-2491
20,nfcorpus,20,bm25_no_rerank,0.0,0.0,test,PLAIN-2940,0.0,3,MED-3961
20,nfcorpus,20,bm25_no_rerank,0.16666666666666666,0.11020731481643124,test,PLAIN-3312,0.23076923076923078,3,MED-4360
20,nfcorpus,20,bm25_no_rerank,0.2,0.08514311764162098,test,PLAIN-3322,0.012658227848101266,3,MED-2174
20,nfcorpus,20,bm25_no_rerank,1.0,0.31613093951531274,test,PLAIN-3332,0.2857142857142857,3,MED-3696
20,nfcorpus,20,bm25_no_rerank,1.0,0.9616678931547908,test,PLAIN-441,1.0,3,MED-942
20,nfcorpus,20,bm25_no_rerank,0.5,0.38724877043467315,test,PLAIN-541,0.5,3,MED-4036
20,nfcorpus,20,bm25_no_rerank,1.0,0.726007843808432,test,PLAIN-56,0.12,3,MED-2901
0,nfcorpus,20,bm25_no_rerank,0.0,0.0,test,PLAIN-583,0.0,3,
2,nfcorpus,20,bm25_no_rerank,1.0,0.46927872602275644,test,PLAIN-593,0.3333333333333333,3,MED-4402
11,nfcorpus,20,bm25_no_rerank,1.0,0.84860265890399,test,PLAIN-741,0.42105263157894735,3,MED-4237
3,nfcorpus,20,bm25_no_rerank,1.0,0.644824486427155,test,PLAIN-792,0.5,3,MED-4546
13,nfcorpus,20,bm25_no_rerank,0.0,0.0,test,PLAIN-872,0.0,3,MED-3989
2,nfcorpus,20,bm25_no_rerank,1.0,0.3589542101716347,test,PLAIN-882,0.13333333333333333,3,MED-3622
20,nfcorpus,20,bm25_no_rerank,0.1111111111111111,0.14126697285982898,test,PLAIN-977,0.3333333333333333,3,MED-2598
14,nfcorpus,20,fp32_reranker_cpu,0.0,0.0,test,PLAIN-1066,0.0,3,MED-892
3,nfcorpus,20,fp32_reranker_cpu,0.0,0.0,test,PLAIN-1331,0.0,3,MED-1049
20,nfcorpus,20,fp32_reranker_cpu,0.1111111111111111,0.06625422345438903,test,PLAIN-1656,0.03571428571428571,3,MED-3764
20,nfcorpus,20,fp32_reranker_cpu,1.0,0.41253177989255346,test,PLAIN-1762,0.25,3,MED-3716
2,nfcorpus,20,fp32_reranker_cpu,0.0,0.0,test,PLAIN-1962,0.0,3,MED-4295
3,nfcorpus,20,fp32_reranker_cpu,1.0,0.644824486427155,test,PLAIN-2156,0.5,3,MED-4868
2,nfcorpus,20,fp32_reranker_cpu,0.0,0.0,test,PLAIN-2167,0.0,3,MED-2488
10,nfcorpus,20,fp32_reranker_cpu,1.0,0.42838543210841196,test,PLAIN-2177,0.125,3,MED-1185
0,nfcorpus,20,fp32_reranker_cpu,0.0,0.0,test,PLAIN-2281,0.0,3,
20,nfcorpus,20,fp32_reranker_cpu,0.1111111111111111,0.03664249819143657,test,PLAIN-2810,0.25,3,MED-1792
20,nfcorpus,20,fp32_reranker_cpu,0.0,0.0,test,PLAIN-2940,0.0,3,MED-1578
20,nfcorpus,20,fp32_reranker_cpu,0.5,0.19542288421471038,test,PLAIN-3312,0.23076923076923078,3,MED-4360
20,nfcorpus,20,fp32_reranker_cpu,0.2,0.08514311764162098,test,PLAIN-3322,0.012658227848101266,3,MED-4714
20,nfcorpus,20,fp32_reranker_cpu,1.0,0.5667029128803532,test,PLAIN-3332,0.2857142857142857,3,MED-3696
20,nfcorpus,20,fp32_reranker_cpu,1.0,0.8917515521562532,test,PLAIN-441,1.0,3,MED-942
20,nfcorpus,20,fp32_reranker_cpu,0.5,0.3212446320893053,test,PLAIN-541,0.5,3,MED-4036
20,nfcorpus,20,fp32_reranker_cpu,1.0,0.6249269297112284,test,PLAIN-56,0.12,3,MED-4384
0,nfcorpus,20,fp32_reranker_cpu,0.0,0.0,test,PLAIN-583,0.0,3,
2,nfcorpus,20,fp32_reranker_cpu,1.0,0.46927872602275644,test,PLAIN-593,0.3333333333333333,3,MED-4402
11,nfcorpus,20,fp32_reranker_cpu,1.0,0.857980942822373,test,PLAIN-741,0.42105263157894735,3,MED-4232
3,nfcorpus,20,fp32_reranker_cpu,1.0,0.644824486427155,test,PLAIN-792,0.5,3,MED-4546
13,nfcorpus,20,fp32_reranker_cpu,0.0,0.0,test,PLAIN-872,0.0,3,MED-3989
2,nfcorpus,20,fp32_reranker_cpu,1.0,0.3589542101716347,test,PLAIN-882,0.13333333333333333,3,MED-3622
20,nfcorpus,20,fp32_reranker_cpu,0.125,0.1480409554829326,test,PLAIN-977,0.3333333333333333,3,MED-2598
14,nfcorpus,20,dynamic_int8_reranker_cpu,0.0,0.0,test,PLAIN-1066,0.0,3,MED-892
3,nfcorpus,20,dynamic_int8_reranker_cpu,0.0,0.0,test,PLAIN-1331,0.0,3,MED-1049
20,nfcorpus,20,dynamic_int8_reranker_cpu,0.1111111111111111,0.06625422345438903,test,PLAIN-1656,0.03571428571428571,3,MED-3764
20,nfcorpus,20,dynamic_int8_reranker_cpu,1.0,0.41253177989255346,test,PLAIN-1762,0.25,3,MED-3716
2,nfcorpus,20,dynamic_int8_reranker_cpu,0.0,0.0,test,PLAIN-1962,0.0,3,MED-4295
3,nfcorpus,20,dynamic_int8_reranker_cpu,1.0,0.644824486427155,test,PLAIN-2156,0.5,3,MED-4868
2,nfcorpus,20,dynamic_int8_reranker_cpu,0.0,0.0,test,PLAIN-2167,0.0,3,MED-2488
10,nfcorpus,20,dynamic_int8_reranker_cpu,1.0,0.42838543210841196,test,PLAIN-2177,0.125,3,MED-1185
0,nfcorpus,20,dynamic_int8_reranker_cpu,0.0,0.0,test,PLAIN-2281,0.0,3,
20,nfcorpus,20,dynamic_int8_reranker_cpu,0.1,0.03518605297853543,test,PLAIN-2810,0.25,3,MED-1792
20,nfcorpus,20,dynamic_int8_reranker_cpu,0.0,0.0,test,PLAIN-2940,0.0,3,MED-1578
20,nfcorpus,20,dynamic_int8_reranker_cpu,0.5,0.19542288421471038,test,PLAIN-3312,0.23076923076923078,3,MED-4360
20,nfcorpus,20,dynamic_int8_reranker_cpu,0.2,0.08514311764162098,test,PLAIN-3322,0.012658227848101266,3,MED-4714
20,nfcorpus,20,dynamic_int8_reranker_cpu,1.0,0.5729292353170038,test,PLAIN-3332,0.2857142857142857,3,MED-3696
20,nfcorpus,20,dynamic_int8_reranker_cpu,1.0,0.8917515521562532,test,PLAIN-441,1.0,3,MED-942
20,nfcorpus,20,dynamic_int8_reranker_cpu,0.3333333333333333,0.2816249726597774,test,PLAIN-541,0.5,3,MED-872
20,nfcorpus,20,dynamic_int8_reranker_cpu,1.0,0.6249269297112284,test,PLAIN-56,0.12,3,MED-4384
0,nfcorpus,20,dynamic_int8_reranker_cpu,0.0,0.0,test,PLAIN-583,0.0,3,
2,nfcorpus,20,dynamic_int8_reranker_cpu,1.0,0.46927872602275644,test,PLAIN-593,0.3333333333333333,3,MED-4402
11,nfcorpus,20,dynamic_int8_reranker_cpu,1.0,0.866947989864271,test,PLAIN-741,0.42105263157894735,3,MED-4237
3,nfcorpus,20,dynamic_int8_reranker_cpu,1.0,0.644824486427155,test,PLAIN-792,0.5,3,MED-4546
13,nfcorpus,20,dynamic_int8_reranker_cpu,0.0,0.0,test,PLAIN-872,0.0,3,MED-3989
2,nfcorpus,20,dynamic_int8_reranker_cpu,1.0,0.3589542101716347,test,PLAIN-882,0.13333333333333333,3,MED-3622
20,nfcorpus,20,dynamic_int8_reranker_cpu,0.125,0.1480409554829326,test,PLAIN-977,0.3333333333333333,3,MED-2598
20,nfcorpus,20,bm25_no_rerank,0.0,0.0,test,PLAIN-1119,0.0,4,MED-4025
20,nfcorpus,20,bm25_no_rerank,1.0,0.22009176629808017,test,PLAIN-1141,0.0625,4,MED-2112
0,nfcorpus,20,bm25_no_rerank,0.0,0.0,test,PLAIN-1309,0.0,4,
20,nfcorpus,20,bm25_no_rerank,0.5,0.32730659600126993,test,PLAIN-1342,0.3125,4,MED-2851
20,nfcorpus,20,bm25_no_rerank,1.0,0.40350157154648025,test,PLAIN-1463,0.20833333333333334,4,MED-2140
20,nfcorpus,20,bm25_no_rerank,1.0,0.866947989864271,test,PLAIN-1527,0.06930693069306931,4,MED-2160
20,nfcorpus,20,bm25_no_rerank,0.0,0.0,test,PLAIN-1537,0.06666666666666667,4,MED-4880
20,nfcorpus,20,bm25_no_rerank,0.0,0.0,test,PLAIN-1784,0.0,4,MED-2671
0,nfcorpus,20,bm25_no_rerank,0.0,0.0,test,PLAIN-1867,0.0,4,
20,nfcorpus,20,bm25_no_rerank,0.5,0.2866919347890071,test,PLAIN-207,0.14545454545454545,4,MED-3000
20,nfcorpus,20,bm25_no_rerank,1.0,0.5352543167750639,test,PLAIN-2102,0.021377672209026127,4,MED-1545
20,nfcorpus,20,bm25_no_rerank,0.0,0.0,test,PLAIN-217,0.0,4,MED-4831
20,nfcorpus,20,bm25_no_rerank,1.0,0.45221360703148816,test,PLAIN-2291,0.4,4,MED-2726
20,nfcorpus,20,bm25_no_rerank,1.0,0.28823223514537355,test,PLAIN-23,0.08888888888888889,4,MED-2643
20,nfcorpus,20,bm25_no_rerank,0.0,0.0,test,PLAIN-2364,0.0,4,MED-5004
20,nfcorpus,20,bm25_no_rerank,0.0,0.0,test,PLAIN-2440,0.0,4,MED-1792
20,nfcorpus,20,bm25_no_rerank,0.125,0.1371614420335284,test,PLAIN-2500,0.42857142857142855,4,MED-1556
20,nfcorpus,20,bm25_no_rerank,1.0,0.3460447326967689,test,PLAIN-2770,0.12195121951219512,4,MED-3832
20,nfcorpus,20,bm25_no_rerank,1.0,0.45846608015576257,test,PLAIN-2930,0.07142857142857142,4,MED-4325
20,nfcorpus,20,bm25_no_rerank,0.25,0.35583989829307827,test,PLAIN-2960,0.5,4,MED-4371
20,nfcorpus,20,bm25_no_rerank,0.0,0.0,test,PLAIN-3352,0.0,4,MED-3504
20,nfcorpus,20,bm25_no_rerank,0.0,0.0,test,PLAIN-44,0.05172413793103448,4,MED-2782
0,nfcorpus,20,bm25_no_rerank,0.0,0.0,test,PLAIN-520,0.0,4,
0,nfcorpus,20,bm25_no_rerank,0.0,0.0,test,PLAIN-583,0.0,4,
20,nfcorpus,20,fp32_reranker_cpu,0.0,0.0,test,PLAIN-1119,0.0,4,MED-1710
20,nfcorpus,20,fp32_reranker_cpu,1.0,0.22009176629808017,test,PLAIN-1141,0.0625,4,MED-2112
0,nfcorpus,20,fp32_reranker_cpu,0.0,0.0,test,PLAIN-1309,0.0,4,
20,nfcorpus,20,fp32_reranker_cpu,1.0,0.49118023727106,test,PLAIN-1342,0.3125,4,MED-1403
20,nfcorpus,20,fp32_reranker_cpu,0.5,0.3222722491219547,test,PLAIN-1463,0.20833333333333334,4,MED-2147
20,nfcorpus,20,fp32_reranker_cpu,1.0,0.826813366651774,test,PLAIN-1527,0.06930693069306931,4,MED-1304
20,nfcorpus,20,fp32_reranker_cpu,0.5,0.3436966913921454,test,PLAIN-1537,0.06666666666666667,4,MED-4880
20,nfcorpus,20,fp32_reranker_cpu,0.0,0.0,test,PLAIN-1784,0.0,4,MED-3499
0,nfcorpus,20,fp32_reranker_cpu,0.0,0.0,test,PLAIN-1867,0.0,4,
20,nfcorpus,20,fp32_reranker_cpu,1.0,0.6870165078530993,test,PLAIN-207,0.14545454545454545,4,MED-4068
20,nfcorpus,20,fp32_reranker_cpu,1.0,0.7720617383222417,test,PLAIN-2102,0.021377672209026127,4,MED-1603
20,nfcorpus,20,fp32_reranker_cpu,0.0,0.0,test,PLAIN-217,0.0,4,MED-4831
20,nfcorpus,20,fp32_reranker_cpu,1.0,0.3391602052736161,test,PLAIN-2291,0.4,4,MED-2726
20,nfcorpus,20,fp32_reranker_cpu,1.0,0.6050566408115884,test,PLAIN-23,0.08888888888888889,4,MED-2658
20,nfcorpus,20,fp32_reranker_cpu,0.0,0.0,test,PLAIN-2364,0.0,4,MED-5004
20,nfcorpus,20,fp32_reranker_cpu,0.0,0.0,test,PLAIN-2440,0.0,4,MED-1792
20,nfcorpus,20,fp32_reranker_cpu,0.14285714285714285,0.2820919368121824,test,PLAIN-2500,0.42857142857142855,4,MED-1556
20,nfcorpus,20,fp32_reranker_cpu,0.16666666666666666,0.17384722973191272,test,PLAIN-2770,0.12195121951219512,4,MED-5116
20,nfcorpus,20,fp32_reranker_cpu,1.0,0.45846608015576257,test,PLAIN-2930,0.07142857142857142,4,MED-4325
20,nfcorpus,20,fp32_reranker_cpu,0.25,0.35583989829307827,test,PLAIN-2960,0.5,4,MED-4372
20,nfcorpus,20,fp32_reranker_cpu,0.0,0.0,test,PLAIN-3352,0.0,4,MED-4247
20,nfcorpus,20,fp32_reranker_cpu,0.3333333333333333,0.14889038907027324,test,PLAIN-44,0.05172413793103448,4,MED-2786
0,nfcorpus,20,fp32_reranker_cpu,0.0,0.0,test,PLAIN-520,0.0,4,
0,nfcorpus,20,fp32_reranker_cpu,0.0,0.0,test,PLAIN-583,0.0,4,
20,nfcorpus,20,dynamic_int8_reranker_cpu,0.0,0.0,test,PLAIN-1119,0.0,4,MED-4025
20,nfcorpus,20,dynamic_int8_reranker_cpu,1.0,0.22009176629808017,test,PLAIN-1141,0.0625,4,MED-2112
0,nfcorpus,20,dynamic_int8_reranker_cpu,0.0,0.0,test,PLAIN-1309,0.0,4,
20,nfcorpus,20,dynamic_int8_reranker_cpu,1.0,0.49118023727106,test,PLAIN-1342,0.3125,4,MED-1403
20,nfcorpus,20,dynamic_int8_reranker_cpu,0.5,0.3030820301798826,test,PLAIN-1463,0.20833333333333334,4,MED-2147
20,nfcorpus,20,dynamic_int8_reranker_cpu,1.0,0.8318477135310893,test,PLAIN-1527,0.06930693069306931,4,MED-1304
20,nfcorpus,20,dynamic_int8_reranker_cpu,0.5,0.3436966913921454,test,PLAIN-1537,0.06666666666666667,4,MED-4880
20,nfcorpus,20,dynamic_int8_reranker_cpu,0.0,0.0,test,PLAIN-1784,0.0,4,MED-3499
0,nfcorpus,20,dynamic_int8_reranker_cpu,0.0,0.0,test,PLAIN-1867,0.0,4,
20,nfcorpus,20,dynamic_int8_reranker_cpu,1.0,0.605504765619221,test,PLAIN-207,0.14545454545454545,4,MED-4068
20,nfcorpus,20,dynamic_int8_reranker_cpu,1.0,0.7151857987862356,test,PLAIN-2102,0.021377672209026127,4,MED-3318
20,nfcorpus,20,dynamic_int8_reranker_cpu,0.0,0.0,test,PLAIN-217,0.0,4,MED-4831
20,nfcorpus,20,dynamic_int8_reranker_cpu,1.0,0.3391602052736161,test,PLAIN-2291,0.4,4,MED-2726
20,nfcorpus,20,dynamic_int8_reranker_cpu,1.0,0.6050566408115884,test,PLAIN-23,0.08888888888888889,4,MED-2658
20,nfcorpus,20,dynamic_int8_reranker_cpu,0.0,0.0,test,PLAIN-2364,0.0,4,MED-5004
20,nfcorpus,20,dynamic_int8_reranker_cpu,0.0,0.0,test,PLAIN-2440,0.0,4,MED-1792
20,nfcorpus,20,dynamic_int8_reranker_cpu,0.14285714285714285,0.2820919368121824,test,PLAIN-2500,0.42857142857142855,4,MED-1556
20,nfcorpus,20,dynamic_int8_reranker_cpu,0.2,0.20753958131922537,test,PLAIN-2770,0.12195121951219512,4,MED-2437
20,nfcorpus,20,dynamic_int8_reranker_cpu,1.0,0.45846608015576257,test,PLAIN-2930,0.07142857142857142,4,MED-4325
20,nfcorpus,20,dynamic_int8_reranker_cpu,0.25,0.35583989829307827,test,PLAIN-2960,0.5,4,MED-4372
20,nfcorpus,20,dynamic_int8_reranker_cpu,0.0,0.0,test,PLAIN-3352,0.0,4,MED-4247
20,nfcorpus,20,dynamic_int8_reranker_cpu,0.3333333333333333,0.140647068791443,test,PLAIN-44,0.05172413793103448,4,MED-1811
0,nfcorpus,20,dynamic_int8_reranker_cpu,0.0,0.0,test,PLAIN-520,0.0,4,
0,nfcorpus,20,dynamic_int8_reranker_cpu,0.0,0.0,test,PLAIN-583,0.0,4,
14,nfcorpus,20,bm25_no_rerank,0.0,0.0,test,PLAIN-1066,0.0,5,MED-1712
20,nfcorpus,20,bm25_no_rerank,0.25,0.1681522864689108,test,PLAIN-1151,0.026143790849673203,5,MED-1179
20,nfcorpus,20,bm25_no_rerank,1.0,0.36211082347570717,test,PLAIN-1262,0.3,5,MED-5293
20,nfcorpus,20,bm25_no_rerank,1.0,0.866947989864271,test,PLAIN-1527,0.06930693069306931,5,MED-2160
12,nfcorpus,20,bm25_no_rerank,1.0,1.0,test,PLAIN-1568,1.0,5,MED-4150
2,nfcorpus,20,bm25_no_rerank,1.0,1.0,test,PLAIN-1794,1.0,5,MED-5041
20,nfcorpus,20,bm25_no_rerank,1.0,0.9305687780632227,test,PLAIN-1805,0.11206896551724138,5,MED-3938
20,nfcorpus,20,bm25_no_rerank,1.0,0.793584067764911,test,PLAIN-1919,0.37037037037037035,5,MED-3321
20,nfcorpus,20,bm25_no_rerank,1.0,0.5810820381115676,test,PLAIN-2071,0.2,5,MED-3532
3,nfcorpus,20,bm25_no_rerank,0.0,0.0,test,PLAIN-2230,0.0,5,MED-557
9,nfcorpus,20,bm25_no_rerank,1.0,0.5834330535576521,test,PLAIN-2240,0.45454545454545453,5,MED-3969
20,nfcorpus,20,bm25_no_rerank,0.3333333333333333,0.11004588314904008,test,PLAIN-227,0.025,5,MED-3466
20,nfcorpus,20,bm25_no_rerank,0.0,0.0,test,PLAIN-238,0.0,5,MED-4451
20,nfcorpus,20,bm25_no_rerank,0.0,0.0,test,PLAIN-2760,0.0,5,MED-4600
20,nfcorpus,20,bm25_no_rerank,0.0,0.0,test,PLAIN-2820,0.0,5,MED-2698
20,nfcorpus,20,bm25_no_rerank,1.0,1.0,test,PLAIN-2860,1.0,5,MED-4186
20,nfcorpus,20,bm25_no_rerank,1.0,0.3589542101716347,test,PLAIN-291,0.23076923076923078,5,MED-4517
20,nfcorpus,20,bm25_no_rerank,0.3333333333333333,0.3065735963827292,test,PLAIN-2991,0.5,5,MED-1663
20,nfcorpus,20,bm25_no_rerank,0.2,0.08891431692491045,test,PLAIN-33,0.03125,5,MED-2221
20,nfcorpus,20,bm25_no_rerank,0.16666666666666666,0.11020731481643124,test,PLAIN-3312,0.23076923076923078,5,MED-4360
20,nfcorpus,20,bm25_no_rerank,1.0,0.933745776545611,test,PLAIN-488,0.7333333333333333,5,MED-1808
20,nfcorpus,20,bm25_no_rerank,1.0,0.726007843808432,test,PLAIN-56,0.12,5,MED-2901
20,nfcorpus,20,bm25_no_rerank,1.0,0.361879195385413,test,PLAIN-701,0.25,5,MED-3720
20,nfcorpus,20,bm25_no_rerank,0.25,0.2980272981222516,test,PLAIN-956,0.04854368932038835,5,MED-5191
14,nfcorpus,20,fp32_reranker_cpu,0.0,0.0,test,PLAIN-1066,0.0,5,MED-892
20,nfcorpus,20,fp32_reranker_cpu,1.0,0.40853591842579556,test,PLAIN-1151,0.026143790849673203,5,MED-4932
20,nfcorpus,20,fp32_reranker_cpu,1.0,0.4690000933206748,test,PLAIN-1262,0.3,5,MED-5293
20,nfcorpus,20,fp32_reranker_cpu,1.0,0.826813366651774,test,PLAIN-1527,0.06930693069306931,5,MED-1304
12,nfcorpus,20,fp32_reranker_cpu,1.0,1.0,test,PLAIN-1568,1.0,5,MED-4150
2,nfcorpus,20,fp32_reranker_cpu,1.0,1.0,test,PLAIN-1794,1.0,5,MED-5042
20,nfcorpus,20,fp32_reranker_cpu,1.0,0.8389574121760602,test,PLAIN-1805,0.11206896551724138,5,MED-3935
20,nfcorpus,20,fp32_reranker_cpu,1.0,0.7909506325094737,test,PLAIN-1919,0.37037037037037035,5,MED-3321
20,nfcorpus,20,fp32_reranker_cpu,1.0,0.4789015552876929,test,PLAIN-2071,0.2,5,MED-3532
3,nfcorpus,20,fp32_reranker_cpu,0.0,0.0,test,PLAIN-2230,0.0,5,MED-557
9,nfcorpus,20,fp32_reranker_cpu,1.0,0.6203974344166848,test,PLAIN-2240,0.45454545454545453,5,MED-3969
20,nfcorpus,20,fp32_reranker_cpu,1.0,0.22009176629808017,test,PLAIN-227,0.025,5,MED-4150
20,nfcorpus,20,fp32_reranker_cpu,0.0,0.0,test,PLAIN-238,0.0,5,MED-5104
20,nfcorpus,20,fp32_reranker_cpu,0.0,0.0,test,PLAIN-2760,0.0,5,MED-4600
20,nfcorpus,20,fp32_reranker_cpu,0.0,0.0,test,PLAIN-2820,0.0,5,MED-1677
20,nfcorpus,20,fp32_reranker_cpu,1.0,1.0,test,PLAIN-2860,1.0,5,MED-4186
20,nfcorpus,20,fp32_reranker_cpu,1.0,0.42520843362602373,test,PLAIN-291,0.23076923076923078,5,MED-4517
20,nfcorpus,20,fp32_reranker_cpu,0.5,0.3868528072345416,test,PLAIN-2991,0.5,5,MED-1663
20,nfcorpus,20,fp32_reranker_cpu,0.5,0.14501300499131864,test,PLAIN-33,0.03125,5,MED-1056
20,nfcorpus,20,fp32_reranker_cpu,0.5,0.19542288421471038,test,PLAIN-3312,0.23076923076923078,5,MED-4360
20,nfcorpus,20,fp32_reranker_cpu,1.0,0.9305687780632227,test,PLAIN-488,0.7333333333333333,5,MED-1800
20,nfcorpus,20,fp32_reranker_cpu,1.0,0.6249269297112284,test,PLAIN-56,0.12,5,MED-4384
20,nfcorpus,20,fp32_reranker_cpu,1.0,0.41253177989255346,test,PLAIN-701,0.25,5,MED-3720
20,nfcorpus,20,fp32_reranker_cpu,1.0,0.5264282969545138,test,PLAIN-956,0.04854368932038835,5,MED-5076
14,nfcorpus,20,dynamic_int8_reranker_cpu,0.0,0.0,test,PLAIN-1066,0.0,5,MED-892
20,nfcorpus,20,dynamic_int8_reranker_cpu,1.0,0.4789015552876929,test,PLAIN-1151,0.026143790849673203,5,MED-4932
20,nfcorpus,20,dynamic_int8_reranker_cpu,1.0,0.4690000933206748,test,PLAIN-1262,0.3,5,MED-5293
20,nfcorpus,20,dynamic_int8_reranker_cpu,1.0,0.8318477135310893,test,PLAIN-1527,0.06930693069306931,5,MED-1304
12,nfcorpus,20,dynamic_int8_reranker_cpu,1.0,1.0,test,PLAIN-1568,1.0,5,MED-4150
2,nfcorpus,20,dynamic_int8_reranker_cpu,1.0,1.0,test,PLAIN-1794,1.0,5,MED-5042
20,nfcorpus,20,dynamic_int8_reranker_cpu,1.0,0.8643145546088337,test,PLAIN-1805,0.11206896551724138,5,MED-4939
20,nfcorpus,20,dynamic_int8_reranker_cpu,1.0,0.727329844310522,test,PLAIN-1919,0.37037037037037035,5,MED-3321
20,nfcorpus,20,dynamic_int8_reranker_cpu,1.0,0.4789015552876929,test,PLAIN-2071,0.2,5,MED-3532
3,nfcorpus,20,dynamic_int8_reranker_cpu,0.0,0.0,test,PLAIN-2230,0.0,5,MED-557
9,nfcorpus,20,dynamic_int8_reranker_cpu,1.0,0.6203974344166848,test,PLAIN-2240,0.45454545454545453,5,MED-3969
20,nfcorpus,20,dynamic_int8_reranker_cpu,1.0,0.22009176629808017,test,PLAIN-227,0.025,5,MED-4150
20,nfcorpus,20,dynamic_int8_reranker_cpu,0.0,0.0,test,PLAIN-238,0.0,5,MED-5104
20,nfcorpus,20,dynamic_int8_reranker_cpu,0.0,0.0,test,PLAIN-2760,0.0,5,MED-4600
20,nfcorpus,20,dynamic_int8_reranker_cpu,0.0,0.0,test,PLAIN-2820,0.0,5,MED-1677
20,nfcorpus,20,dynamic_int8_reranker_cpu,1.0,1.0,test,PLAIN-2860,1.0,5,MED-4186
20,nfcorpus,20,dynamic_int8_reranker_cpu,1.0,0.3589542101716347,test,PLAIN-291,0.23076923076923078,5,MED-4517
20,nfcorpus,20,dynamic_int8_reranker_cpu,0.5,0.3868528072345416,test,PLAIN-2991,0.5,5,MED-1663
20,nfcorpus,20,dynamic_int8_reranker_cpu,0.5,0.14501300499131864,test,PLAIN-33,0.03125,5,MED-1056
20,nfcorpus,20,dynamic_int8_reranker_cpu,0.5,0.19542288421471038,test,PLAIN-3312,0.23076923076923078,5,MED-4360
20,nfcorpus,20,dynamic_int8_reranker_cpu,1.0,0.9305687780632227,test,PLAIN-488,0.7333333333333333,5,MED-1800
20,nfcorpus,20,dynamic_int8_reranker_cpu,1.0,0.6249269297112284,test,PLAIN-56,0.12,5,MED-4384
20,nfcorpus,20,dynamic_int8_reranker_cpu,1.0,0.41253177989255346,test,PLAIN-701,0.25,5,MED-3720
20,nfcorpus,20,dynamic_int8_reranker_cpu,1.0,0.5264282969545138,test,PLAIN-956,0.04854368932038835,5,MED-5076
25,nfcorpus,50,bm25_no_rerank,0.3333333333333333,0.4922818839877925,test,PLAIN-1018,0.13333333333333333,1,MED-5095
50,nfcorpus,50,bm25_no_rerank,0.25,0.1681522864689108,test,PLAIN-1151,0.05228758169934641,1,MED-1179
46,nfcorpus,50,bm25_no_rerank,0.0,0.0,test,PLAIN-1161,0.0,1,MED-3584
50,nfcorpus,50,bm25_no_rerank,0.0,0.0,test,PLAIN-133,0.027777777777777776,1,MED-1666
1,nfcorpus,50,bm25_no_rerank,0.0,0.0,test,PLAIN-1485,0.0,1,MED-2099
50,nfcorpus,50,bm25_no_rerank,1.0,0.866947989864271,test,PLAIN-1527,0.12376237623762376,1,MED-2160
40,nfcorpus,50,bm25_no_rerank,0.5,0.5806020001118019,test,PLAIN-1601,0.22972972972972974,1,MED-1700
0,nfcorpus,50,bm25_no_rerank,0.0,0.0,test,PLAIN-1679,0.0,1,
50,nfcorpus,50,bm25_no_rerank,1.0,0.7133080652109929,test,PLAIN-2051,0.061971830985915494,1,MED-1556
50,nfcorpus,50,bm25_no_rerank,0.5,0.1482972305701491,test,PLAIN-2145,0.1111111111111111,1,MED-743
50,nfcorpus,50,bm25_no_rerank,0.3333333333333333,0.11004588314904008,test,PLAIN-227,0.025,1,MED-3466
3,nfcorpus,50,bm25_no_rerank,0.0,0.0,test,PLAIN-2311,0.0,1,MED-4801
50,nfcorpus,50,bm25_no_rerank,0.3333333333333333,0.1269082923178573,test,PLAIN-2570,0.05,1,MED-1248
50,nfcorpus,50,bm25_no_rerank,1.0,1.0,test,PLAIN-2860,1.0,1,MED-4186
50,nfcorpus,50,bm25_no_rerank,1.0,0.3589542101716347,test,PLAIN-291,0.23076923076923078,1,MED-4517
50,nfcorpus,50,bm25_no_rerank,0.1,0.09848418277380512,test,PLAIN-3141,0.08823529411764706,1,MED-4235
50,nfcorpus,50,bm25_no_rerank,0.25,0.29660125079667127,test,PLAIN-3201,0.125,1,MED-2117
50,nfcorpus,50,bm25_no_rerank,0.0,0.0,test,PLAIN-3221,0.125,1,MED-2212
50,nfcorpus,50,bm25_no_rerank,1.0,0.6131471927654584,test,PLAIN-332,0.5,1,MED-760
43,nfcorpus,50,bm25_no_rerank,0.0,0.0,test,PLAIN-3392,0.08695652173913043,1,MED-1646
50,nfcorpus,50,bm25_no_rerank,0.5,0.31204907722178066,test,PLAIN-3432,0.14285714285714285,1,MED-4336
50,nfcorpus,50,bm25_no_rerank,1.0,1.0,test,PLAIN-681,1.0,1,MED-5017
50,nfcorpus,50,bm25_no_rerank,0.0,0.0,test,PLAIN-782,0.0,1,MED-1055
6,nfcorpus,50,bm25_no_rerank,1.0,0.727329844310522,test,PLAIN-892,0.06521739130434782,1,MED-3132
25,nfcorpus,50,fp32_reranker_cpu,0.3333333333333333,0.4990267326507382,test,PLAIN-1018,0.13333333333333333,1,MED-5095
50,nfcorpus,50,fp32_reranker_cpu,1.0,0.38113435412202,test,PLAIN-1151,0.05228758169934641,1,MED-4932
46,nfcorpus,50,fp32_reranker_cpu,0.0,0.0,test,PLAIN-1161,0.0,1,MED-2570
50,nfcorpus,50,fp32_reranker_cpu,0.0,0.0,test,PLAIN-133,0.027777777777777776,1,MED-1665
1,nfcorpus,50,fp32_reranker_cpu,0.0,0.0,test,PLAIN-1485,0.0,1,MED-2099
50,nfcorpus,50,fp32_reranker_cpu,1.0,0.7573821447149967,test,PLAIN-1527,0.12376237623762376,1,MED-1304
40,nfcorpus,50,fp32_reranker_cpu,1.0,0.6489315753318465,test,PLAIN-1601,0.22972972972972974,1,MED-3537
0,nfcorpus,50,fp32_reranker_cpu,0.0,0.0,test,PLAIN-1679,0.0,1,
50,nfcorpus,50,fp32_reranker_cpu,1.0,0.756902106715231,test,PLAIN-2051,0.061971830985915494,1,MED-1556
50,nfcorpus,50,fp32_reranker_cpu,0.5,0.1482972305701491,test,PLAIN-2145,0.1111111111111111,1,MED-743
50,nfcorpus,50,fp32_reranker_cpu,1.0,0.22009176629808017,test,PLAIN-227,0.025,1,MED-4150
3,nfcorpus,50,fp32_reranker_cpu,0.0,0.0,test,PLAIN-2311,0.0,1,MED-4801
50,nfcorpus,50,fp32_reranker_cpu,0.5,0.16014043519656038,test,PLAIN-2570,0.05,1,MED-2148
50,nfcorpus,50,fp32_reranker_cpu,1.0,1.0,test,PLAIN-2860,1.0,1,MED-4186
50,nfcorpus,50,fp32_reranker_cpu,1.0,0.3589542101716347,test,PLAIN-291,0.23076923076923078,1,MED-4517
50,nfcorpus,50,fp32_reranker_cpu,0.0,0.0,test,PLAIN-3141,0.08823529411764706,1,MED-831
50,nfcorpus,50,fp32_reranker_cpu,1.0,0.45846608015576257,test,PLAIN-3201,0.125,1,MED-4752
50,nfcorpus,50,fp32_reranker_cpu,0.0,0.0,test,PLAIN-3221,0.125,1,MED-2212
50,nfcorpus,50,fp32_reranker_cpu,1.0,0.6131471927654584,test,PLAIN-332,0.5,1,MED-760
43,nfcorpus,50,fp32_reranker_cpu,0.0,0.0,test,PLAIN-3392,0.08695652173913043,1,MED-3533
50,nfcorpus,50,fp32_reranker_cpu,1.0,0.388244052766991,test,PLAIN-3432,0.14285714285714285,1,MED-2227
50,nfcorpus,50,fp32_reranker_cpu,1.0,1.0,test,PLAIN-681,1.0,1,MED-5017
50,nfcorpus,50,fp32_reranker_cpu,0.0,0.0,test,PLAIN-782,0.0,1,MED-1055
6,nfcorpus,50,fp32_reranker_cpu,1.0,0.727329844310522,test,PLAIN-892,0.06521739130434782,1,MED-2145
25,nfcorpus,50,dynamic_int8_reranker_cpu,0.3333333333333333,0.5079937796926363,test,PLAIN-1018,0.13333333333333333,1,MED-5095
50,nfcorpus,50,dynamic_int8_reranker_cpu,1.0,0.388244052766991,test,PLAIN-1151,0.05228758169934641,1,MED-4932
46,nfcorpus,50,dynamic_int8_reranker_cpu,0.0,0.0,test,PLAIN-1161,0.0,1,MED-2570
50,nfcorpus,50,dynamic_int8_reranker_cpu,0.14285714285714285,0.03192701970879784,test,PLAIN-133,0.027777777777777776,1,MED-1665
1,nfcorpus,50,dynamic_int8_reranker_cpu,0.0,0.0,test,PLAIN-1485,0.0,1,MED-2099
50,nfcorpus,50,dynamic_int8_reranker_cpu,1.0,0.7791714369672127,test,PLAIN-1527,0.12376237623762376,1,MED-1304
40,nfcorpus,50,dynamic_int8_reranker_cpu,1.0,0.6489315753318465,test,PLAIN-1601,0.22972972972972974,1,MED-3537
0,nfcorpus,50,dynamic_int8_reranker_cpu,0.0,0.0,test,PLAIN-1679,0.0,1,
50,nfcorpus,50,dynamic_int8_reranker_cpu,1.0,0.7312625444731047,test,PLAIN-2051,0.061971830985915494,1,MED-1781
50,nfcorpus,50,dynamic_int8_reranker_cpu,0.5,0.1482972305701491,test,PLAIN-2145,0.1111111111111111,1,MED-743
50,nfcorpus,50,dynamic_int8_reranker_cpu,1.0,0.22009176629808017,test,PLAIN-227,0.025,1,MED-4150
3,nfcorpus,50,dynamic_int8_reranker_cpu,0.0,0.0,test,PLAIN-2311,0.0,1,MED-4801
50,nfcorpus,50,dynamic_int8_reranker_cpu,0.3333333333333333,0.1269082923178573,test,PLAIN-2570,0.05,1,MED-2148
50,nfcorpus,50,dynamic_int8_reranker_cpu,1.0,1.0,test,PLAIN-2860,1.0,1,MED-4186
50,nfcorpus,50,dynamic_int8_reranker_cpu,1.0,0.3589542101716347,test,PLAIN-291,0.23076923076923078,1,MED-4517
50,nfcorpus,50,dynamic_int8_reranker_cpu,0.0,0.0,test,PLAIN-3141,0.08823529411764706,1,MED-831
50,nfcorpus,50,dynamic_int8_reranker_cpu,1.0,0.45846608015576257,test,PLAIN-3201,0.125,1,MED-4752
50,nfcorpus,50,dynamic_int8_reranker_cpu,0.0,0.0,test,PLAIN-3221,0.125,1,MED-2212
50,nfcorpus,50,dynamic_int8_reranker_cpu,1.0,0.6131471927654584,test,PLAIN-332,0.5,1,MED-760
43,nfcorpus,50,dynamic_int8_reranker_cpu,0.0,0.0,test,PLAIN-3392,0.08695652173913043,1,MED-3533
50,nfcorpus,50,dynamic_int8_reranker_cpu,1.0,0.37185395737611554,test,PLAIN-3432,0.14285714285714285,1,MED-2227
50,nfcorpus,50,dynamic_int8_reranker_cpu,1.0,1.0,test,PLAIN-681,1.0,1,MED-5017
50,nfcorpus,50,dynamic_int8_reranker_cpu,0.0,0.0,test,PLAIN-782,0.0,1,MED-1055
6,nfcorpus,50,dynamic_int8_reranker_cpu,1.0,0.727329844310522,test,PLAIN-892,0.06521739130434782,1,MED-2145
50,nfcorpus,50,bm25_no_rerank,0.25,0.1681522864689108,test,PLAIN-1151,0.05228758169934641,2,MED-1179
50,nfcorpus,50,bm25_no_rerank,0.1,0.06362078819895171,test,PLAIN-1193,0.2222222222222222,2,MED-2378
16,nfcorpus,50,bm25_no_rerank,1.0,0.7381919257729245,test,PLAIN-1288,0.05102040816326531,2,MED-1538
50,nfcorpus,50,bm25_no_rerank,1.0,0.3843483686763149,test,PLAIN-143,0.058823529411764705,2,MED-3621
50,nfcorpus,50,bm25_no_rerank,1.0,0.40350157154648025,test,PLAIN-1463,0.25,2,MED-2140
50,nfcorpus,50,bm25_no_rerank,1.0,0.9305687780632227,test,PLAIN-1805,0.20689655172413793,2,MED-3938
50,nfcorpus,50,bm25_no_rerank,1.0,0.6274092458891772,test,PLAIN-1857,0.18181818181818182,2,MED-4319
41,nfcorpus,50,bm25_no_rerank,1.0,0.933745776545611,test,PLAIN-2061,0.07804878048780488,2,MED-3031
7,nfcorpus,50,bm25_no_rerank,0.0,0.0,test,PLAIN-2250,0.0,2,MED-2346
50,nfcorpus,50,bm25_no_rerank,0.0,0.0,test,PLAIN-2321,0.0,2,MED-2745
50,nfcorpus,50,bm25_no_rerank,0.25,0.07919450280189604,test,PLAIN-2520,0.1095890410958904,2,MED-3273
50,nfcorpus,50,bm25_no_rerank,1.0,0.39748251179391547,test,PLAIN-2580,0.13043478260869565,2,MED-2220
50,nfcorpus,50,bm25_no_rerank,1.0,0.3460447326967689,test,PLAIN-2770,0.1951219512195122,2,MED-3832
50,nfcorpus,50,bm25_no_rerank,1.0,0.6421867266689009,test,PLAIN-2790,0.11864406779661017,2,MED-3964
50,nfcorpus,50,bm25_no_rerank,0.0,0.0,test,PLAIN-2820,0.125,2,MED-2698
50,nfcorpus,50,bm25_no_rerank,0.0,0.0,test,PLAIN-2920,0.14285714285714285,2,MED-4309
50,nfcorpus,50,bm25_no_rerank,0.14285714285714285,0.13216105048695953,test,PLAIN-3131,0.16666666666666666,2,MED-2291
50,nfcorpus,50,bm25_no_rerank,0.0,0.0,test,PLAIN-320,0.07142857142857142,2,MED-2424
50,nfcorpus,50,bm25_no_rerank,0.2,0.08891431692491045,test,PLAIN-33,0.0625,2,MED-2221
50,nfcorpus,50,bm25_no_rerank,1.0,0.6363762929310753,test,PLAIN-3462,0.328125,2,MED-5271
50,nfcorpus,50,bm25_no_rerank,0.25,0.11861329943102608,test,PLAIN-371,1.0,2,MED-4620
50,nfcorpus,50,bm25_no_rerank,1.0,0.726007843808432,test,PLAIN-56,0.12,2,MED-2901
11,nfcorpus,50,bm25_no_rerank,1.0,0.84860265890399,test,PLAIN-741,0.42105263157894735,2,MED-4237
2,nfcorpus,50,bm25_no_rerank,1.0,0.3589542101716347,test,PLAIN-882,0.13333333333333333,2,MED-3622
50,nfcorpus,50,fp32_reranker_cpu,1.0,0.38113435412202,test,PLAIN-1151,0.05228758169934641,2,MED-4932
50,nfcorpus,50,fp32_reranker_cpu,0.0,0.0,test,PLAIN-1193,0.2222222222222222,2,MED-3864
16,nfcorpus,50,fp32_reranker_cpu,0.5,0.7015099647232446,test,PLAIN-1288,0.05102040816326531,2,MED-2083
50,nfcorpus,50,fp32_reranker_cpu,1.0,0.6909032516569064,test,PLAIN-143,0.058823529411764705,2,MED-3621
50,nfcorpus,50,fp32_reranker_cpu,0.5,0.31516255047698366,test,PLAIN-1463,0.25,2,MED-2147
50,nfcorpus,50,fp32_reranker_cpu,1.0,0.9052116356304493,test,PLAIN-1805,0.20689655172413793,2,MED-3935
50,nfcorpus,50,fp32_reranker_cpu,1.0,0.6371523797895856,test,PLAIN-1857,0.18181818181818182,2,MED-2988
41,nfcorpus,50,fp32_reranker_cpu,1.0,0.9052116356304493,test,PLAIN-2061,0.07804878048780488,2,MED-4960
7,nfcorpus,50,fp32_reranker_cpu,0.0,0.0,test,PLAIN-2250,0.0,2,MED-2210
50,nfcorpus,50,fp32_reranker_cpu,0.0,0.0,test,PLAIN-2321,0.0,2,MED-2991
50,nfcorpus,50,fp32_reranker_cpu,0.5,0.07074212199097152,test,PLAIN-2520,0.1095890410958904,2,MED-3273
50,nfcorpus,50,fp32_reranker_cpu,1.0,0.41235173674195585,test,PLAIN-2580,0.13043478260869565,2,MED-2220
50,nfcorpus,50,fp32_reranker_cpu,0.14285714285714285,0.10078222584126309,test,PLAIN-2770,0.1951219512195122,2,MED-1825
50,nfcorpus,50,fp32_reranker_cpu,1.0,0.5271064966405455,test,PLAIN-2790,0.11864406779661017,2,MED-3970
50,nfcorpus,50,fp32_reranker_cpu,0.0,0.0,test,PLAIN-2820,0.125,2,MED-1677
50,nfcorpus,50,fp32_reranker_cpu,0.0,0.0,test,PLAIN-2920,0.14285714285714285,2,MED-3532
50,nfcorpus,50,fp32_reranker_cpu,1.0,0.39648315146087865,test,PLAIN-3131,0.16666666666666666,2,MED-4619
50,nfcorpus,50,fp32_reranker_cpu,0.0,0.0,test,PLAIN-320,0.07142857142857142,2,MED-2437
50,nfcorpus,50,fp32_reranker_cpu,1.0,0.2990289619202565,test,PLAIN-33,0.0625,2,MED-2717
50,nfcorpus,50,fp32_reranker_cpu,1.0,0.6969179698201173,test,PLAIN-3462,0.328125,2,MED-5274
50,nfcorpus,50,fp32_reranker_cpu,1.0,0.27541155237618664,test,PLAIN-371,1.0,2,MED-4618
50,nfcorpus,50,fp32_reranker_cpu,1.0,0.6249269297112284,test,PLAIN-56,0.12,2,MED-4384
11,nfcorpus,50,fp32_reranker_cpu,1.0,0.857980942822373,test,PLAIN-741,0.42105263157894735,2,MED-4232
2,nfcorpus,50,fp32_reranker_cpu,1.0,0.3589542101716347,test,PLAIN-882,0.13333333333333333,2,MED-3622
50,nfcorpus,50,dynamic_int8_reranker_cpu,1.0,0.388244052766991,test,PLAIN-1151,0.05228758169934641,2,MED-4932
50,nfcorpus,50,dynamic_int8_reranker_cpu,0.0,0.0,test,PLAIN-1193,0.2222222222222222,2,MED-3864
16,nfcorpus,50,dynamic_int8_reranker_cpu,0.5,0.7065443116025598,test,PLAIN-1288,0.05102040816326531,2,MED-2083
50,nfcorpus,50,dynamic_int8_reranker_cpu,1.0,0.6316991638553519,test,PLAIN-143,0.058823529411764705,2,MED-3621
50,nfcorpus,50,dynamic_int8_reranker_cpu,0.5,0.29727159644205703,test,PLAIN-1463,0.25,2,MED-2147
50,nfcorpus,50,dynamic_int8_reranker_cpu,1.0,1.0,test,PLAIN-1805,0.20689655172413793,2,MED-4939
50,nfcorpus,50,dynamic_int8_reranker_cpu,1.0,0.6371523797895856,test,PLAIN-1857,0.18181818181818182,2,MED-2988
41,nfcorpus,50,dynamic_int8_reranker_cpu,1.0,0.9052116356304493,test,PLAIN-2061,0.07804878048780488,2,MED-2344
7,nfcorpus,50,dynamic_int8_reranker_cpu,0.0,0.0,test,PLAIN-2250,0.0,2,MED-2210
50,nfcorpus,50,dynamic_int8_reranker_cpu,0.0,0.0,test,PLAIN-2321,0.0,2,MED-2991
50,nfcorpus,50,dynamic_int8_reranker_cpu,0.5,0.09675326165652151,test,PLAIN-2520,0.1095890410958904,2,MED-3273
50,nfcorpus,50,dynamic_int8_reranker_cpu,1.0,0.41235173674195585,test,PLAIN-2580,0.13043478260869565,2,MED-2220
50,nfcorpus,50,dynamic_int8_reranker_cpu,0.16666666666666666,0.17384722973191272,test,PLAIN-2770,0.1951219512195122,2,MED-1825
50,nfcorpus,50,dynamic_int8_reranker_cpu,1.0,0.5644487565714978,test,PLAIN-2790,0.11864406779661017,2,MED-3970
50,nfcorpus,50,dynamic_int8_reranker_cpu,0.0,0.0,test,PLAIN-2820,0.125,2,MED-1677
50,nfcorpus,50,dynamic_int8_reranker_cpu,0.0,0.0,test,PLAIN-2920,0.14285714285714285,2,MED-3532
50,nfcorpus,50,dynamic_int8_reranker_cpu,1.0,0.39648315146087865,test,PLAIN-3131,0.16666666666666666,2,MED-4619
50,nfcorpus,50,dynamic_int8_reranker_cpu,0.0,0.0,test,PLAIN-320,0.07142857142857142,2,MED-2437
50,nfcorpus,50,dynamic_int8_reranker_cpu,1.0,0.2298401750281299,test,PLAIN-33,0.0625,2,MED-2717
50,nfcorpus,50,dynamic_int8_reranker_cpu,1.0,0.6969179698201173,test,PLAIN-3462,0.328125,2,MED-5274
50,nfcorpus,50,dynamic_int8_reranker_cpu,1.0,0.27541155237618664,test,PLAIN-371,1.0,2,MED-4618
50,nfcorpus,50,dynamic_int8_reranker_cpu,1.0,0.6225606947502634,test,PLAIN-56,0.12,2,MED-4384
11,nfcorpus,50,dynamic_int8_reranker_cpu,1.0,0.866947989864271,test,PLAIN-741,0.42105263157894735,2,MED-4237
2,nfcorpus,50,dynamic_int8_reranker_cpu,1.0,0.3589542101716347,test,PLAIN-882,0.13333333333333333,2,MED-3622
14,nfcorpus,50,bm25_no_rerank,0.0,0.0,test,PLAIN-1066,0.0,3,MED-1712
3,nfcorpus,50,bm25_no_rerank,0.0,0.0,test,PLAIN-1331,0.0,3,MED-1049
50,nfcorpus,50,bm25_no_rerank,0.25,0.09478836436955078,test,PLAIN-1656,0.03571428571428571,3,MED-4470
50,nfcorpus,50,bm25_no_rerank,0.5,0.26852556974265224,test,PLAIN-1762,0.625,3,MED-865
2,nfcorpus,50,bm25_no_rerank,0.0,0.0,test,PLAIN-1962,0.0,3,MED-2438
3,nfcorpus,50,bm25_no_rerank,1.0,0.644824486427155,test,PLAIN-2156,0.5,3,MED-4868
2,nfcorpus,50,bm25_no_rerank,0.0,0.0,test,PLAIN-2167,0.0,3,MED-2488
10,nfcorpus,50,bm25_no_rerank,0.5,0.29727159644205703,test,PLAIN-2177,0.125,3,MED-3282
0,nfcorpus,50,bm25_no_rerank,0.0,0.0,test,PLAIN-2281,0.0,3,
50,nfcorpus,50,bm25_no_rerank,0.16666666666666666,0.043358872528941626,test,PLAIN-2810,0.375,3,MED-2491
50,nfcorpus,50,bm25_no_rerank,0.0,0.0,test,PLAIN-2940,0.0,3,MED-3961
50,nfcorpus,50,bm25_no_rerank,0.16666666666666666,0.11020731481643124,test,PLAIN-3312,0.5384615384615384,3,MED-4360
50,nfcorpus,50,bm25_no_rerank,0.2,0.08514311764162098,test,PLAIN-3322,0.06329113924050633,3,MED-2174
50,nfcorpus,50,bm25_no_rerank,1.0,0.31613093951531274,test,PLAIN-3332,0.35714285714285715,3,MED-3696
50,nfcorpus,50,bm25_no_rerank,1.0,0.9616678931547908,test,PLAIN-441,1.0,3,MED-942
50,nfcorpus,50,bm25_no_rerank,0.5,0.38724877043467315,test,PLAIN-541,0.5,3,MED-4036
50,nfcorpus,50,bm25_no_rerank,1.0,0.726007843808432,test,PLAIN-56,0.12,3,MED-2901
0,nfcorpus,50,bm25_no_rerank,0.0,0.0,test,PLAIN-583,0.0,3,
2,nfcorpus,50,bm25_no_rerank,1.0,0.46927872602275644,test,PLAIN-593,0.3333333333333333,3,MED-4402
11,nfcorpus,50,bm25_no_rerank,1.0,0.84860265890399,test,PLAIN-741,0.42105263157894735,3,MED-4237
3,nfcorpus,50,bm25_no_rerank,1.0,0.644824486427155,test,PLAIN-792,0.5,3,MED-4546
13,nfcorpus,50,bm25_no_rerank,0.0,0.0,test,PLAIN-872,0.0,3,MED-3989
2,nfcorpus,50,bm25_no_rerank,1.0,0.3589542101716347,test,PLAIN-882,0.13333333333333333,3,MED-3622
50,nfcorpus,50,bm25_no_rerank,0.1111111111111111,0.14126697285982898,test,PLAIN-977,0.3333333333333333,3,MED-2598
14,nfcorpus,50,fp32_reranker_cpu,0.0,0.0,test,PLAIN-1066,0.0,3,MED-892
3,nfcorpus,50,fp32_reranker_cpu,0.0,0.0,test,PLAIN-1331,0.0,3,MED-1049
50,nfcorpus,50,fp32_reranker_cpu,0.1,0.06362078819895171,test,PLAIN-1656,0.03571428571428571,3,MED-3764
50,nfcorpus,50,fp32_reranker_cpu,1.0,0.41253177989255346,test,PLAIN-1762,0.625,3,MED-3716
2,nfcorpus,50,fp32_reranker_cpu,0.0,0.0,test,PLAIN-1962,0.0,3,MED-4295
3,nfcorpus,50,fp32_reranker_cpu,1.0,0.644824486427155,test,PLAIN-2156,0.5,3,MED-4868
2,nfcorpus,50,fp32_reranker_cpu,0.0,0.0,test,PLAIN-2167,0.0,3,MED-2488
10,nfcorpus,50,fp32_reranker_cpu,1.0,0.42838543210841196,test,PLAIN-2177,0.125,3,MED-1185
0,nfcorpus,50,fp32_reranker_cpu,0.0,0.0,test,PLAIN-2281,0.0,3,
50,nfcorpus,50,fp32_reranker_cpu,0.0,0.0,test,PLAIN-2810,0.375,3,MED-1792
50,nfcorpus,50,fp32_reranker_cpu,0.0,0.0,test,PLAIN-2940,0.0,3,MED-1578
50,nfcorpus,50,fp32_reranker_cpu,0.5,0.3305775870168063,test,PLAIN-3312,0.5384615384615384,3,MED-4360
50,nfcorpus,50,fp32_reranker_cpu,0.2,0.1487639058405727,test,PLAIN-3322,0.06329113924050633,3,MED-4714
50,nfcorpus,50,fp32_reranker_cpu,1.0,0.5694336066242912,test,PLAIN-3332,0.35714285714285715,3,MED-3696
50,nfcorpus,50,fp32_reranker_cpu,1.0,0.8917515521562532,test,PLAIN-441,1.0,3,MED-942
50,nfcorpus,50,fp32_reranker_cpu,0.5,0.2987100207034456,test,PLAIN-541,0.5,3,MED-4036
50,nfcorpus,50,fp32_reranker_cpu,1.0,0.6249269297112284,test,PLAIN-56,0.12,3,MED-4384
0,nfcorpus,50,fp32_reranker_cpu,0.0,0.0,test,PLAIN-583,0.0,3,
2,nfcorpus,50,fp32_reranker_cpu,1.0,0.46927872602275644,test,PLAIN-593,0.3333333333333333,3,MED-4402
11,nfcorpus,50,fp32_reranker_cpu,1.0,0.857980942822373,test,PLAIN-741,0.42105263157894735,3,MED-4232
3,nfcorpus,50,fp32_reranker_cpu,1.0,0.644824486427155,test,PLAIN-792,0.5,3,MED-4546
13,nfcorpus,50,fp32_reranker_cpu,0.0,0.0,test,PLAIN-872,0.0,3,MED-3989
2,nfcorpus,50,fp32_reranker_cpu,1.0,0.3589542101716347,test,PLAIN-882,0.13333333333333333,3,MED-3622
50,nfcorpus,50,fp32_reranker_cpu,0.125,0.1480409554829326,test,PLAIN-977,0.3333333333333333,3,MED-2598
14,nfcorpus,50,dynamic_int8_reranker_cpu,0.0,0.0,test,PLAIN-1066,0.0,3,MED-892
3,nfcorpus,50,dynamic_int8_reranker_cpu,0.0,0.0,test,PLAIN-1331,0.0,3,MED-1049
50,nfcorpus,50,dynamic_int8_reranker_cpu,0.1,0.06362078819895171,test,PLAIN-1656,0.03571428571428571,3,MED-3764
50,nfcorpus,50,dynamic_int8_reranker_cpu,1.0,0.41253177989255346,test,PLAIN-1762,0.625,3,MED-3716
2,nfcorpus,50,dynamic_int8_reranker_cpu,0.0,0.0,test,PLAIN-1962,0.0,3,MED-4295
3,nfcorpus,50,dynamic_int8_reranker_cpu,1.0,0.644824486427155,test,PLAIN-2156,0.5,3,MED-4868
2,nfcorpus,50,dynamic_int8_reranker_cpu,0.0,0.0,test,PLAIN-2167,0.0,3,MED-2488
10,nfcorpus,50,dynamic_int8_reranker_cpu,1.0,0.42838543210841196,test,PLAIN-2177,0.125,3,MED-1185
0,nfcorpus,50,dynamic_int8_reranker_cpu,0.0,0.0,test,PLAIN-2281,0.0,3,
50,nfcorpus,50,dynamic_int8_reranker_cpu,0.0,0.0,test,PLAIN-2810,0.375,3,MED-1792
50,nfcorpus,50,dynamic_int8_reranker_cpu,0.0,0.0,test,PLAIN-2940,0.0,3,MED-1578
50,nfcorpus,50,dynamic_int8_reranker_cpu,0.5,0.3333106279633294,test,PLAIN-3312,0.5384615384615384,3,MED-4360
50,nfcorpus,50,dynamic_int8_reranker_cpu,0.2,0.08514311764162098,test,PLAIN-3322,0.06329113924050633,3,MED-4714
50,nfcorpus,50,dynamic_int8_reranker_cpu,1.0,0.5667029128803532,test,PLAIN-3332,0.35714285714285715,3,MED-3696
50,nfcorpus,50,dynamic_int8_reranker_cpu,1.0,0.8452056591473734,test,PLAIN-441,1.0,3,MED-942
50,nfcorpus,50,dynamic_int8_reranker_cpu,0.3333333333333333,0.26836379988737025,test,PLAIN-541,0.5,3,MED-872
50,nfcorpus,50,dynamic_int8_reranker_cpu,1.0,0.6225606947502634,test,PLAIN-56,0.12,3,MED-4384
0,nfcorpus,50,dynamic_int8_reranker_cpu,0.0,0.0,test,PLAIN-583,0.0,3,
2,nfcorpus,50,dynamic_int8_reranker_cpu,1.0,0.46927872602275644,test,PLAIN-593,0.3333333333333333,3,MED-4402
11,nfcorpus,50,dynamic_int8_reranker_cpu,1.0,0.866947989864271,test,PLAIN-741,0.42105263157894735,3,MED-4237
3,nfcorpus,50,dynamic_int8_reranker_cpu,1.0,0.644824486427155,test,PLAIN-792,0.5,3,MED-4546
13,nfcorpus,50,dynamic_int8_reranker_cpu,0.0,0.0,test,PLAIN-872,0.0,3,MED-3989
2,nfcorpus,50,dynamic_int8_reranker_cpu,1.0,0.3589542101716347,test,PLAIN-882,0.13333333333333333,3,MED-3622
50,nfcorpus,50,dynamic_int8_reranker_cpu,0.1111111111111111,0.14126697285982898,test,PLAIN-977,0.3333333333333333,3,MED-2598
50,nfcorpus,50,bm25_no_rerank,0.0,0.0,test,PLAIN-1119,0.0,4,MED-4025
50,nfcorpus,50,bm25_no_rerank,1.0,0.22009176629808017,test,PLAIN-1141,0.0625,4,MED-2112
0,nfcorpus,50,bm25_no_rerank,0.0,0.0,test,PLAIN-1309,0.0,4,
50,nfcorpus,50,bm25_no_rerank,0.5,0.32730659600126993,test,PLAIN-1342,0.3125,4,MED-2851
50,nfcorpus,50,bm25_no_rerank,1.0,0.40350157154648025,test,PLAIN-1463,0.25,4,MED-2140
50,nfcorpus,50,bm25_no_rerank,1.0,0.866947989864271,test,PLAIN-1527,0.12376237623762376,4,MED-2160
50,nfcorpus,50,bm25_no_rerank,0.0,0.0,test,PLAIN-1537,0.06666666666666667,4,MED-4880
50,nfcorpus,50,bm25_no_rerank,0.0,0.0,test,PLAIN-1784,0.0,4,MED-2671
0,nfcorpus,50,bm25_no_rerank,0.0,0.0,test,PLAIN-1867,0.0,4,
50,nfcorpus,50,bm25_no_rerank,0.5,0.2866919347890071,test,PLAIN-207,0.16363636363636364,4,MED-3000
50,nfcorpus,50,bm25_no_rerank,1.0,0.5352543167750639,test,PLAIN-2102,0.05938242280285035,4,MED-1545
50,nfcorpus,50,bm25_no_rerank,0.0,0.0,test,PLAIN-217,0.027777777777777776,4,MED-4831
50,nfcorpus,50,bm25_no_rerank,1.0,0.45221360703148816,test,PLAIN-2291,0.4,4,MED-2726
50,nfcorpus,50,bm25_no_rerank,1.0,0.28823223514537355,test,PLAIN-23,0.1,4,MED-2643
50,nfcorpus,50,bm25_no_rerank,0.0,0.0,test,PLAIN-2364,0.0,4,MED-5004
50,nfcorpus,50,bm25_no_rerank,0.0,0.0,test,PLAIN-2440,0.0,4,MED-1792
50,nfcorpus,50,bm25_no_rerank,0.125,0.1371614420335284,test,PLAIN-2500,0.42857142857142855,4,MED-1556
50,nfcorpus,50,bm25_no_rerank,1.0,0.3460447326967689,test,PLAIN-2770,0.1951219512195122,4,MED-3832
50,nfcorpus,50,bm25_no_rerank,1.0,0.45846608015576257,test,PLAIN-2930,0.14285714285714285,4,MED-4325
50,nfcorpus,50,bm25_no_rerank,0.25,0.35583989829307827,test,PLAIN-2960,0.5,4,MED-4371
50,nfcorpus,50,bm25_no_rerank,0.0,0.0,test,PLAIN-3352,0.10256410256410256,4,MED-3504
50,nfcorpus,50,bm25_no_rerank,0.0,0.0,test,PLAIN-44,0.08620689655172414,4,MED-2782
0,nfcorpus,50,bm25_no_rerank,0.0,0.0,test,PLAIN-520,0.0,4,
0,nfcorpus,50,bm25_no_rerank,0.0,0.0,test,PLAIN-583,0.0,4,
50,nfcorpus,50,fp32_reranker_cpu,0.0,0.0,test,PLAIN-1119,0.0,4,MED-877
50,nfcorpus,50,fp32_reranker_cpu,1.0,0.22009176629808017,test,PLAIN-1141,0.0625,4,MED-2112
0,nfcorpus,50,fp32_reranker_cpu,0.0,0.0,test,PLAIN-1309,0.0,4,
50,nfcorpus,50,fp32_reranker_cpu,1.0,0.49118023727106,test,PLAIN-1342,0.3125,4,MED-1403
50,nfcorpus,50,fp32_reranker_cpu,0.5,0.31516255047698366,test,PLAIN-1463,0.25,4,MED-2147
50,nfcorpus,50,fp32_reranker_cpu,1.0,0.7573821447149967,test,PLAIN-1527,0.12376237623762376,4,MED-1304
50,nfcorpus,50,fp32_reranker_cpu,0.5,0.3436966913921454,test,PLAIN-1537,0.06666666666666667,4,MED-4880
50,nfcorpus,50,fp32_reranker_cpu,0.0,0.0,test,PLAIN-1784,0.0,4,MED-3499
0,nfcorpus,50,fp32_reranker_cpu,0.0,0.0,test,PLAIN-1867,0.0,4,
50,nfcorpus,50,fp32_reranker_cpu,1.0,0.7065836017263629,test,PLAIN-207,0.16363636363636364,4,MED-4068
50,nfcorpus,50,fp32_reranker_cpu,1.0,0.8603818544462509,test,PLAIN-2102,0.05938242280285035,4,MED-3046
50,nfcorpus,50,fp32_reranker_cpu,0.0,0.0,test,PLAIN-217,0.027777777777777776,4,MED-3931
50,nfcorpus,50,fp32_reranker_cpu,1.0,0.3391602052736161,test,PLAIN-2291,0.4,4,MED-2726
50,nfcorpus,50,fp32_reranker_cpu,0.5,0.35909226019316,test,PLAIN-23,0.1,4,MED-1961
50,nfcorpus,50,fp32_reranker_cpu,0.0,0.0,test,PLAIN-2364,0.0,4,MED-5004
50,nfcorpus,50,fp32_reranker_cpu,0.0,0.0,test,PLAIN-2440,0.0,4,MED-1792
50,nfcorpus,50,fp32_reranker_cpu,0.1111111111111111,0.25656820354846216,test,PLAIN-2500,0.42857142857142855,4,MED-1556
50,nfcorpus,50,fp32_reranker_cpu,0.14285714285714285,0.10078222584126309,test,PLAIN-2770,0.1951219512195122,4,MED-1825
50,nfcorpus,50,fp32_reranker_cpu,1.0,0.45846608015576257,test,PLAIN-2930,0.14285714285714285,4,MED-4325
50,nfcorpus,50,fp32_reranker_cpu,0.25,0.35583989829307827,test,PLAIN-2960,0.5,4,MED-4372
50,nfcorpus,50,fp32_reranker_cpu,0.0,0.0,test,PLAIN-3352,0.10256410256410256,4,MED-2224
50,nfcorpus,50,fp32_reranker_cpu,0.16666666666666666,0.11291216482132532,test,PLAIN-44,0.08620689655172414,4,MED-2786
0,nfcorpus,50,fp32_reranker_cpu,0.0,0.0,test,PLAIN-520,0.0,4,
0,nfcorpus,50,fp32_reranker_cpu,0.0,0.0,test,PLAIN-583,0.0,4,
50,nfcorpus,50,dynamic_int8_reranker_cpu,0.0,0.0,test,PLAIN-1119,0.0,4,MED-877
50,nfcorpus,50,dynamic_int8_reranker_cpu,1.0,0.22009176629808017,test,PLAIN-1141,0.0625,4,MED-2112
0,nfcorpus,50,dynamic_int8_reranker_cpu,0.0,0.0,test,PLAIN-1309,0.0,4,
50,nfcorpus,50,dynamic_int8_reranker_cpu,1.0,0.49118023727106,test,PLAIN-1342,0.3125,4,MED-1403
50,nfcorpus,50,dynamic_int8_reranker_cpu,0.5,0.29727159644205703,test,PLAIN-1463,0.25,4,MED-2147
50,nfcorpus,50,dynamic_int8_reranker_cpu,1.0,0.7791714369672127,test,PLAIN-1527,0.12376237623762376,4,MED-1304
50,nfcorpus,50,dynamic_int8_reranker_cpu,0.5,0.3340514446642156,test,PLAIN-1537,0.06666666666666667,4,MED-4880
50,nfcorpus,50,dynamic_int8_reranker_cpu,0.0,0.0,test,PLAIN-1784,0.0,4,MED-3499
0,nfcorpus,50,dynamic_int8_reranker_cpu,0.0,0.0,test,PLAIN-1867,0.0,4,
50,nfcorpus,50,dynamic_int8_reranker_cpu,1.0,0.6749359875559983,test,PLAIN-207,0.16363636363636364,4,MED-4068
50,nfcorpus,50,dynamic_int8_reranker_cpu,1.0,0.8643145546088337,test,PLAIN-2102,0.05938242280285035,4,MED-3046
50,nfcorpus,50,dynamic_int8_reranker_cpu,0.0,0.0,test,PLAIN-217,0.027777777777777776,4,MED-3931
50,nfcorpus,50,dynamic_int8_reranker_cpu,1.0,0.3391602052736161,test,PLAIN-2291,0.4,4,MED-2726
50,nfcorpus,50,dynamic_int8_reranker_cpu,0.5,0.40962876855075675,test,PLAIN-23,0.1,4,MED-1961
50,nfcorpus,50,dynamic_int8_reranker_cpu,0.0,0.0,test,PLAIN-2364,0.0,4,MED-5004
50,nfcorpus,50,dynamic_int8_reranker_cpu,0.0,0.0,test,PLAIN-2440,0.0,4,MED-1792
50,nfcorpus,50,dynamic_int8_reranker_cpu,0.125,0.2628443669375999,test,PLAIN-2500,0.42857142857142855,4,MED-1556
50,nfcorpus,50,dynamic_int8_reranker_cpu,0.16666666666666666,0.17384722973191272,test,PLAIN-2770,0.1951219512195122,4,MED-1825
50,nfcorpus,50,dynamic_int8_reranker_cpu,1.0,0.45846608015576257,test,PLAIN-2930,0.14285714285714285,4,MED-4325
50,nfcorpus,50,dynamic_int8_reranker_cpu,0.25,0.35583989829307827,test,PLAIN-2960,0.5,4,MED-4372
50,nfcorpus,50,dynamic_int8_reranker_cpu,0.1,0.11110159443698248,test,PLAIN-3352,0.10256410256410256,4,MED-2224
50,nfcorpus,50,dynamic_int8_reranker_cpu,0.25,0.11958930033907317,test,PLAIN-44,0.08620689655172414,4,MED-1811
0,nfcorpus,50,dynamic_int8_reranker_cpu,0.0,0.0,test,PLAIN-520,0.0,4,
0,nfcorpus,50,dynamic_int8_reranker_cpu,0.0,0.0,test,PLAIN-583,0.0,4,
14,nfcorpus,50,bm25_no_rerank,0.0,0.0,test,PLAIN-1066,0.0,5,MED-1712
50,nfcorpus,50,bm25_no_rerank,0.25,0.1681522864689108,test,PLAIN-1151,0.05228758169934641,5,MED-1179
50,nfcorpus,50,bm25_no_rerank,1.0,0.36211082347570717,test,PLAIN-1262,0.3,5,MED-5293
50,nfcorpus,50,bm25_no_rerank,1.0,0.866947989864271,test,PLAIN-1527,0.12376237623762376,5,MED-2160
12,nfcorpus,50,bm25_no_rerank,1.0,1.0,test,PLAIN-1568,1.0,5,MED-4150
2,nfcorpus,50,bm25_no_rerank,1.0,1.0,test,PLAIN-1794,1.0,5,MED-5041
50,nfcorpus,50,bm25_no_rerank,1.0,0.9305687780632227,test,PLAIN-1805,0.20689655172413793,5,MED-3938
50,nfcorpus,50,bm25_no_rerank,1.0,0.793584067764911,test,PLAIN-1919,0.5555555555555556,5,MED-3321
21,nfcorpus,50,bm25_no_rerank,1.0,0.5810820381115676,test,PLAIN-2071,0.2,5,MED-3532
3,nfcorpus,50,bm25_no_rerank,0.0,0.0,test,PLAIN-2230,0.0,5,MED-557
9,nfcorpus,50,bm25_no_rerank,1.0,0.5834330535576521,test,PLAIN-2240,0.45454545454545453,5,MED-3969
50,nfcorpus,50,bm25_no_rerank,0.3333333333333333,0.11004588314904008,test,PLAIN-227,0.025,5,MED-3466
50,nfcorpus,50,bm25_no_rerank,0.0,0.0,test,PLAIN-238,0.018518518518518517,5,MED-4451
50,nfcorpus,50,bm25_no_rerank,0.0,0.0,test,PLAIN-2760,0.0,5,MED-4600
50,nfcorpus,50,bm25_no_rerank,0.0,0.0,test,PLAIN-2820,0.125,5,MED-2698
50,nfcorpus,50,bm25_no_rerank,1.0,1.0,test,PLAIN-2860,1.0,5,MED-4186
50,nfcorpus,50,bm25_no_rerank,1.0,0.3589542101716347,test,PLAIN-291,0.23076923076923078,5,MED-4517
50,nfcorpus,50,bm25_no_rerank,0.3333333333333333,0.3065735963827292,test,PLAIN-2991,0.5,5,MED-1663
50,nfcorpus,50,bm25_no_rerank,0.2,0.08891431692491045,test,PLAIN-33,0.0625,5,MED-2221
50,nfcorpus,50,bm25_no_rerank,0.16666666666666666,0.11020731481643124,test,PLAIN-3312,0.5384615384615384,5,MED-4360
50,nfcorpus,50,bm25_no_rerank,1.0,0.933745776545611,test,PLAIN-488,0.7333333333333333,5,MED-1808
50,nfcorpus,50,bm25_no_rerank,1.0,0.726007843808432,test,PLAIN-56,0.12,5,MED-2901
50,nfcorpus,50,bm25_no_rerank,1.0,0.361879195385413,test,PLAIN-701,0.375,5,MED-3720
50,nfcorpus,50,bm25_no_rerank,0.25,0.2980272981222516,test,PLAIN-956,0.0970873786407767,5,MED-5191
14,nfcorpus,50,fp32_reranker_cpu,0.0,0.0,test,PLAIN-1066,0.0,5,MED-892
50,nfcorpus,50,fp32_reranker_cpu,1.0,0.38113435412202,test,PLAIN-1151,0.05228758169934641,5,MED-4932
50,nfcorpus,50,fp32_reranker_cpu,1.0,0.4690000933206748,test,PLAIN-1262,0.3,5,MED-5293
50,nfcorpus,50,fp32_reranker_cpu,1.0,0.7573821447149967,test,PLAIN-1527,0.12376237623762376,5,MED-1304
12,nfcorpus,50,fp32_reranker_cpu,1.0,1.0,test,PLAIN-1568,1.0,5,MED-4150
2,nfcorpus,50,fp32_reranker_cpu,1.0,1.0,test,PLAIN-1794,1.0,5,MED-5042
50,nfcorpus,50,fp32_reranker_cpu,1.0,0.9052116356304493,test,PLAIN-1805,0.20689655172413793,5,MED-3935
50,nfcorpus,50,fp32_reranker_cpu,1.0,0.727329844310522,test,PLAIN-1919,0.5555555555555556,5,MED-3321
21,nfcorpus,50,fp32_reranker_cpu,1.0,0.4789015552876929,test,PLAIN-2071,0.2,5,MED-3532
3,nfcorpus,50,fp32_reranker_cpu,0.0,0.0,test,PLAIN-2230,0.0,5,MED-557
9,nfcorpus,50,fp32_reranker_cpu,1.0,0.6203974344166848,test,PLAIN-2240,0.45454545454545453,5,MED-3969
50,nfcorpus,50,fp32_reranker_cpu,1.0,0.22009176629808017,test,PLAIN-227,0.025,5,MED-4150
50,nfcorpus,50,fp32_reranker_cpu,0.0,0.0,test,PLAIN-238,0.018518518518518517,5,MED-2994
50,nfcorpus,50,fp32_reranker_cpu,0.0,0.0,test,PLAIN-2760,0.0,5,MED-4600
50,nfcorpus,50,fp32_reranker_cpu,0.0,0.0,test,PLAIN-2820,0.125,5,MED-1677
50,nfcorpus,50,fp32_reranker_cpu,1.0,1.0,test,PLAIN-2860,1.0,5,MED-4186
50,nfcorpus,50,fp32_reranker_cpu,1.0,0.3589542101716347,test,PLAIN-291,0.23076923076923078,5,MED-4517
50,nfcorpus,50,fp32_reranker_cpu,0.5,0.3868528072345416,test,PLAIN-2991,0.5,5,MED-1663
50,nfcorpus,50,fp32_reranker_cpu,1.0,0.2990289619202565,test,PLAIN-33,0.0625,5,MED-2717
50,nfcorpus,50,fp32_reranker_cpu,0.5,0.3305775870168063,test,PLAIN-3312,0.5384615384615384,5,MED-4360
50,nfcorpus,50,fp32_reranker_cpu,1.0,0.9305687780632227,test,PLAIN-488,0.7333333333333333,5,MED-1800
50,nfcorpus,50,fp32_reranker_cpu,1.0,0.6249269297112284,test,PLAIN-56,0.12,5,MED-4384
50,nfcorpus,50,fp32_reranker_cpu,1.0,0.5390031312763821,test,PLAIN-701,0.375,5,MED-3720
50,nfcorpus,50,fp32_reranker_cpu,1.0,0.6659485553357843,test,PLAIN-956,0.0970873786407767,5,MED-5076
14,nfcorpus,50,dynamic_int8_reranker_cpu,0.0,0.0,test,PLAIN-1066,0.0,5,MED-892
50,nfcorpus,50,dynamic_int8_reranker_cpu,1.0,0.388244052766991,test,PLAIN-1151,0.05228758169934641,5,MED-4932
50,nfcorpus,50,dynamic_int8_reranker_cpu,1.0,0.4690000933206748,test,PLAIN-1262,0.3,5,MED-5293
50,nfcorpus,50,dynamic_int8_reranker_cpu,1.0,0.7791714369672127,test,PLAIN-1527,0.12376237623762376,5,MED-1304
12,nfcorpus,50,dynamic_int8_reranker_cpu,1.0,1.0,test,PLAIN-1568,1.0,5,MED-4150
2,nfcorpus,50,dynamic_int8_reranker_cpu,1.0,1.0,test,PLAIN-1794,1.0,5,MED-5042
50,nfcorpus,50,dynamic_int8_reranker_cpu,1.0,1.0,test,PLAIN-1805,0.20689655172413793,5,MED-4939
50,nfcorpus,50,dynamic_int8_reranker_cpu,1.0,0.727329844310522,test,PLAIN-1919,0.5555555555555556,5,MED-3321
21,nfcorpus,50,dynamic_int8_reranker_cpu,1.0,0.4789015552876929,test,PLAIN-2071,0.2,5,MED-3532
3,nfcorpus,50,dynamic_int8_reranker_cpu,0.0,0.0,test,PLAIN-2230,0.0,5,MED-557
9,nfcorpus,50,dynamic_int8_reranker_cpu,1.0,0.6203974344166848,test,PLAIN-2240,0.45454545454545453,5,MED-3969
50,nfcorpus,50,dynamic_int8_reranker_cpu,1.0,0.22009176629808017,test,PLAIN-227,0.025,5,MED-4150
50,nfcorpus,50,dynamic_int8_reranker_cpu,0.0,0.0,test,PLAIN-238,0.018518518518518517,5,MED-5104
50,nfcorpus,50,dynamic_int8_reranker_cpu,0.0,0.0,test,PLAIN-2760,0.0,5,MED-4600
50,nfcorpus,50,dynamic_int8_reranker_cpu,0.0,0.0,test,PLAIN-2820,0.125,5,MED-1677
50,nfcorpus,50,dynamic_int8_reranker_cpu,1.0,1.0,test,PLAIN-2860,1.0,5,MED-4186
50,nfcorpus,50,dynamic_int8_reranker_cpu,1.0,0.3589542101716347,test,PLAIN-291,0.23076923076923078,5,MED-4517
50,nfcorpus,50,dynamic_int8_reranker_cpu,0.5,0.3868528072345416,test,PLAIN-2991,0.5,5,MED-1663
50,nfcorpus,50,dynamic_int8_reranker_cpu,1.0,0.2298401750281299,test,PLAIN-33,0.0625,5,MED-2717
50,nfcorpus,50,dynamic_int8_reranker_cpu,0.5,0.3333106279633294,test,PLAIN-3312,0.5384615384615384,5,MED-4360
50,nfcorpus,50,dynamic_int8_reranker_cpu,1.0,0.9305687780632227,test,PLAIN-488,0.7333333333333333,5,MED-1800
50,nfcorpus,50,dynamic_int8_reranker_cpu,1.0,0.6225606947502634,test,PLAIN-56,0.12,5,MED-4384
50,nfcorpus,50,dynamic_int8_reranker_cpu,1.0,0.5390031312763821,test,PLAIN-701,0.375,5,MED-3720
50,nfcorpus,50,dynamic_int8_reranker_cpu,1.0,0.6659485553357843,test,PLAIN-956,0.0970873786407767,5,MED-5076
25,nfcorpus,100,bm25_no_rerank,0.3333333333333333,0.4922818839877925,test,PLAIN-1018,0.13333333333333333,1,MED-5095
83,nfcorpus,100,bm25_no_rerank,0.25,0.1681522864689108,test,PLAIN-1151,0.06535947712418301,1,MED-1179
46,nfcorpus,100,bm25_no_rerank,0.0,0.0,test,PLAIN-1161,0.0,1,MED-3584
100,nfcorpus,100,bm25_no_rerank,0.0,0.0,test,PLAIN-133,0.027777777777777776,1,MED-1666
1,nfcorpus,100,bm25_no_rerank,0.0,0.0,test,PLAIN-1485,0.0,1,MED-2099
100,nfcorpus,100,bm25_no_rerank,1.0,0.866947989864271,test,PLAIN-1527,0.15841584158415842,1,MED-2160
40,nfcorpus,100,bm25_no_rerank,0.5,0.5806020001118019,test,PLAIN-1601,0.22972972972972974,1,MED-1700
0,nfcorpus,100,bm25_no_rerank,0.0,0.0,test,PLAIN-1679,0.0,1,
100,nfcorpus,100,bm25_no_rerank,1.0,0.7133080652109929,test,PLAIN-2051,0.1267605633802817,1,MED-1556
100,nfcorpus,100,bm25_no_rerank,0.5,0.1482972305701491,test,PLAIN-2145,0.1111111111111111,1,MED-743
100,nfcorpus,100,bm25_no_rerank,0.3333333333333333,0.11004588314904008,test,PLAIN-227,0.025,1,MED-3466
3,nfcorpus,100,bm25_no_rerank,0.0,0.0,test,PLAIN-2311,0.0,1,MED-4801
100,nfcorpus,100,bm25_no_rerank,0.3333333333333333,0.1269082923178573,test,PLAIN-2570,0.1,1,MED-1248
100,nfcorpus,100,bm25_no_rerank,1.0,1.0,test,PLAIN-2860,1.0,1,MED-4186
100,nfcorpus,100,bm25_no_rerank,1.0,0.3589542101716347,test,PLAIN-291,0.23076923076923078,1,MED-4517
100,nfcorpus,100,bm25_no_rerank,0.1,0.09848418277380512,test,PLAIN-3141,0.17647058823529413,1,MED-4235
100,nfcorpus,100,bm25_no_rerank,0.25,0.29660125079667127,test,PLAIN-3201,0.125,1,MED-2117
100,nfcorpus,100,bm25_no_rerank,0.0,0.0,test,PLAIN-3221,0.16666666666666666,1,MED-2212
100,nfcorpus,100,bm25_no_rerank,1.0,0.6131471927654584,test,PLAIN-332,0.5,1,MED-760
43,nfcorpus,100,bm25_no_rerank,0.0,0.0,test,PLAIN-3392,0.08695652173913043,1,MED-1646
100,nfcorpus,100,bm25_no_rerank,0.5,0.31204907722178066,test,PLAIN-3432,0.21428571428571427,1,MED-4336
96,nfcorpus,100,bm25_no_rerank,1.0,1.0,test,PLAIN-681,1.0,1,MED-5017
100,nfcorpus,100,bm25_no_rerank,0.0,0.0,test,PLAIN-782,0.0,1,MED-1055
6,nfcorpus,100,bm25_no_rerank,1.0,0.727329844310522,test,PLAIN-892,0.06521739130434782,1,MED-3132
25,nfcorpus,100,fp32_reranker_cpu,0.3333333333333333,0.4990267326507382,test,PLAIN-1018,0.13333333333333333,1,MED-5095
83,nfcorpus,100,fp32_reranker_cpu,0.5,0.28762634971412726,test,PLAIN-1151,0.06535947712418301,1,MED-1144
46,nfcorpus,100,fp32_reranker_cpu,0.0,0.0,test,PLAIN-1161,0.0,1,MED-2570
100,nfcorpus,100,fp32_reranker_cpu,0.0,0.0,test,PLAIN-133,0.027777777777777776,1,MED-1665
1,nfcorpus,100,fp32_reranker_cpu,0.0,0.0,test,PLAIN-1485,0.0,1,MED-2099
100,nfcorpus,100,fp32_reranker_cpu,1.0,0.7605591431973849,test,PLAIN-1527,0.15841584158415842,1,MED-1304
40,nfcorpus,100,fp32_reranker_cpu,1.0,0.6489315753318465,test,PLAIN-1601,0.22972972972972974,1,MED-3537
0,nfcorpus,100,fp32_reranker_cpu,0.0,0.0,test,PLAIN-1679,0.0,1,
100,nfcorpus,100,fp32_reranker_cpu,1.0,0.7529694065526482,test,PLAIN-2051,0.1267605633802817,1,MED-1556
100,nfcorpus,100,fp32_reranker_cpu,0.5,0.1482972305701491,test,PLAIN-2145,0.1111111111111111,1,MED-743
100,nfcorpus,100,fp32_reranker_cpu,1.0,0.22009176629808017,test,PLAIN-227,0.025,1,MED-4150
3,nfcorpus,100,fp32_reranker_cpu,0.0,0.0,test,PLAIN-2311,0.0,1,MED-4801
100,nfcorpus,100,fp32_reranker_cpu,0.5,0.25833009348557023,test,PLAIN-2570,0.1,1,MED-2148
100,nfcorpus,100,fp32_reranker_cpu,1.0,1.0,test,PLAIN-2860,1.0,1,MED-4186
100,nfcorpus,100,fp32_reranker_cpu,1.0,0.3589542101716347,test,PLAIN-291,0.23076923076923078,1,MED-4517
100,nfcorpus,100,fp32_reranker_cpu,0.0,0.0,test,PLAIN-3141,0.17647058823529413,1,MED-831
100,nfcorpus,100,fp32_reranker_cpu,1.0,0.45846608015576257,test,PLAIN-3201,0.125,1,MED-4752
100,nfcorpus,100,fp32_reranker_cpu,0.0,0.0,test,PLAIN-3221,0.16666666666666666,1,MED-2212
100,nfcorpus,100,fp32_reranker_cpu,1.0,0.6131471927654584,test,PLAIN-332,0.5,1,MED-760
43,nfcorpus,100,fp32_reranker_cpu,0.0,0.0,test,PLAIN-3392,0.08695652173913043,1,MED-3533
100,nfcorpus,100,fp32_reranker_cpu,1.0,0.388244052766991,test,PLAIN-3432,0.21428571428571427,1,MED-2227
96,nfcorpus,100,fp32_reranker_cpu,1.0,1.0,test,PLAIN-681,1.0,1,MED-5017
100,nfcorpus,100,fp32_reranker_cpu,0.0,0.0,test,PLAIN-782,0.0,1,MED-1055
6,nfcorpus,100,fp32_reranker_cpu,1.0,0.727329844310522,test,PLAIN-892,0.06521739130434782,1,MED-2145
25,nfcorpus,100,dynamic_int8_reranker_cpu,0.3333333333333333,0.5079937796926363,test,PLAIN-1018,0.13333333333333333,1,MED-5095
83,nfcorpus,100,dynamic_int8_reranker_cpu,1.0,0.3746661058764784,test,PLAIN-1151,0.06535947712418301,1,MED-4932
46,nfcorpus,100,dynamic_int8_reranker_cpu,0.0,0.0,test,PLAIN-1161,0.0,1,MED-2570
100,nfcorpus,100,dynamic_int8_reranker_cpu,0.14285714285714285,0.03192701970879784,test,PLAIN-133,0.027777777777777776,1,MED-1665
1,nfcorpus,100,dynamic_int8_reranker_cpu,0.0,0.0,test,PLAIN-1485,0.0,1,MED-2099
100,nfcorpus,100,dynamic_int8_reranker_cpu,1.0,0.78180487222265,test,PLAIN-1527,0.15841584158415842,1,MED-1304
40,nfcorpus,100,dynamic_int8_reranker_cpu,1.0,0.6489315753318465,test,PLAIN-1601,0.22972972972972974,1,MED-3537
0,nfcorpus,100,dynamic_int8_reranker_cpu,0.0,0.0,test,PLAIN-1679,0.0,1,
100,nfcorpus,100,dynamic_int8_reranker_cpu,1.0,0.7877736340270854,test,PLAIN-2051,0.1267605633802817,1,MED-1781
100,nfcorpus,100,dynamic_int8_reranker_cpu,0.5,0.1482972305701491,test,PLAIN-2145,0.1111111111111111,1,MED-743
100,nfcorpus,100,dynamic_int8_reranker_cpu,1.0,0.22009176629808017,test,PLAIN-227,0.025,1,MED-4150
3,nfcorpus,100,dynamic_int8_reranker_cpu,0.0,0.0,test,PLAIN-2311,0.0,1,MED-4801
100,nfcorpus,100,dynamic_int8_reranker_cpu,0.3333333333333333,0.22509795060686713,test,PLAIN-2570,0.1,1,MED-2148
100,nfcorpus,100,dynamic_int8_reranker_cpu,1.0,1.0,test,PLAIN-2860,1.0,1,MED-4186
100,nfcorpus,100,dynamic_int8_reranker_cpu,1.0,0.3589542101716347,test,PLAIN-291,0.23076923076923078,1,MED-4517
100,nfcorpus,100,dynamic_int8_reranker_cpu,0.0,0.0,test,PLAIN-3141,0.17647058823529413,1,MED-831
100,nfcorpus,100,dynamic_int8_reranker_cpu,1.0,0.45846608015576257,test,PLAIN-3201,0.125,1,MED-4752
100,nfcorpus,100,dynamic_int8_reranker_cpu,0.0,0.0,test,PLAIN-3221,0.16666666666666666,1,MED-2212
100,nfcorpus,100,dynamic_int8_reranker_cpu,1.0,0.6131471927654584,test,PLAIN-332,0.5,1,MED-760
43,nfcorpus,100,dynamic_int8_reranker_cpu,0.0,0.0,test,PLAIN-3392,0.08695652173913043,1,MED-3533
100,nfcorpus,100,dynamic_int8_reranker_cpu,1.0,0.37185395737611554,test,PLAIN-3432,0.21428571428571427,1,MED-2227
96,nfcorpus,100,dynamic_int8_reranker_cpu,1.0,1.0,test,PLAIN-681,1.0,1,MED-5017
100,nfcorpus,100,dynamic_int8_reranker_cpu,0.0,0.0,test,PLAIN-782,0.0,1,MED-1055
6,nfcorpus,100,dynamic_int8_reranker_cpu,1.0,0.727329844310522,test,PLAIN-892,0.06521739130434782,1,MED-2145
83,nfcorpus,100,bm25_no_rerank,0.25,0.1681522864689108,test,PLAIN-1151,0.06535947712418301,2,MED-1179
100,nfcorpus,100,bm25_no_rerank,0.1,0.06362078819895171,test,PLAIN-1193,0.4444444444444444,2,MED-2378
16,nfcorpus,100,bm25_no_rerank,1.0,0.7381919257729245,test,PLAIN-1288,0.05102040816326531,2,MED-1538
100,nfcorpus,100,bm25_no_rerank,1.0,0.3843483686763149,test,PLAIN-143,0.0784313725490196,2,MED-3621
100,nfcorpus,100,bm25_no_rerank,1.0,0.40350157154648025,test,PLAIN-1463,0.375,2,MED-2140
100,nfcorpus,100,bm25_no_rerank,1.0,0.9305687780632227,test,PLAIN-1805,0.22413793103448276,2,MED-3938
100,nfcorpus,100,bm25_no_rerank,1.0,0.6274092458891772,test,PLAIN-1857,0.18181818181818182,2,MED-4319
41,nfcorpus,100,bm25_no_rerank,1.0,0.933745776545611,test,PLAIN-2061,0.07804878048780488,2,MED-3031
7,nfcorpus,100,bm25_no_rerank,0.0,0.0,test,PLAIN-2250,0.0,2,MED-2346
67,nfcorpus,100,bm25_no_rerank,0.0,0.0,test,PLAIN-2321,0.0,2,MED-2745
100,nfcorpus,100,bm25_no_rerank,0.25,0.07919450280189604,test,PLAIN-2520,0.1232876712328767,2,MED-3273
100,nfcorpus,100,bm25_no_rerank,1.0,0.39748251179391547,test,PLAIN-2580,0.13043478260869565,2,MED-2220
100,nfcorpus,100,bm25_no_rerank,1.0,0.3460447326967689,test,PLAIN-2770,0.3170731707317073,2,MED-3832
100,nfcorpus,100,bm25_no_rerank,1.0,0.6421867266689009,test,PLAIN-2790,0.13559322033898305,2,MED-3964
100,nfcorpus,100,bm25_no_rerank,0.0,0.0,test,PLAIN-2820,0.125,2,MED-2698
100,nfcorpus,100,bm25_no_rerank,0.0,0.0,test,PLAIN-2920,0.14285714285714285,2,MED-4309
100,nfcorpus,100,bm25_no_rerank,0.14285714285714285,0.13216105048695953,test,PLAIN-3131,0.16666666666666666,2,MED-2291
100,nfcorpus,100,bm25_no_rerank,0.0,0.0,test,PLAIN-320,0.14285714285714285,2,MED-2424
100,nfcorpus,100,bm25_no_rerank,0.2,0.08891431692491045,test,PLAIN-33,0.125,2,MED-2221
100,nfcorpus,100,bm25_no_rerank,1.0,0.6363762929310753,test,PLAIN-3462,0.453125,2,MED-5271
100,nfcorpus,100,bm25_no_rerank,0.25,0.11861329943102608,test,PLAIN-371,1.0,2,MED-4620
100,nfcorpus,100,bm25_no_rerank,1.0,0.726007843808432,test,PLAIN-56,0.12,2,MED-2901
11,nfcorpus,100,bm25_no_rerank,1.0,0.84860265890399,test,PLAIN-741,0.42105263157894735,2,MED-4237
2,nfcorpus,100,bm25_no_rerank,1.0,0.3589542101716347,test,PLAIN-882,0.13333333333333333,2,MED-3622
83,nfcorpus,100,fp32_reranker_cpu,0.5,0.28762634971412726,test,PLAIN-1151,0.06535947712418301,2,MED-1144
100,nfcorpus,100,fp32_reranker_cpu,0.16666666666666666,0.07839826897867533,test,PLAIN-1193,0.4444444444444444,2,MED-3864
16,nfcorpus,100,fp32_reranker_cpu,0.5,0.7015099647232446,test,PLAIN-1288,0.05102040816326531,2,MED-2083
100,nfcorpus,100,fp32_reranker_cpu,1.0,0.6909032516569064,test,PLAIN-143,0.0784313725490196,2,MED-3621
100,nfcorpus,100,fp32_reranker_cpu,0.5,0.31516255047698366,test,PLAIN-1463,0.375,2,MED-2147
100,nfcorpus,100,fp32_reranker_cpu,1.0,0.9052116356304493,test,PLAIN-1805,0.22413793103448276,2,MED-3935
100,nfcorpus,100,fp32_reranker_cpu,1.0,0.6371523797895856,test,PLAIN-1857,0.18181818181818182,2,MED-2988
41,nfcorpus,100,fp32_reranker_cpu,1.0,0.9052116356304493,test,PLAIN-2061,0.07804878048780488,2,MED-4960
7,nfcorpus,100,fp32_reranker_cpu,0.0,0.0,test,PLAIN-2250,0.0,2,MED-2210
67,nfcorpus,100,fp32_reranker_cpu,0.0,0.0,test,PLAIN-2321,0.0,2,MED-2991
100,nfcorpus,100,fp32_reranker_cpu,0.3333333333333333,0.03668196104968002,test,PLAIN-2520,0.1232876712328767,2,MED-3273
100,nfcorpus,100,fp32_reranker_cpu,1.0,0.41235173674195585,test,PLAIN-2580,0.13043478260869565,2,MED-2220
100,nfcorpus,100,fp32_reranker_cpu,1.0,0.3211751986787163,test,PLAIN-2770,0.3170731707317073,2,MED-3836
100,nfcorpus,100,fp32_reranker_cpu,1.0,0.5271064966405455,test,PLAIN-2790,0.13559322033898305,2,MED-3970
100,nfcorpus,100,fp32_reranker_cpu,0.0,0.0,test,PLAIN-2820,0.125,2,MED-1677
100,nfcorpus,100,fp32_reranker_cpu,0.0,0.0,test,PLAIN-2920,0.14285714285714285,2,MED-3532
100,nfcorpus,100,fp32_reranker_cpu,1.0,0.39648315146087865,test,PLAIN-3131,0.16666666666666666,2,MED-4619
100,nfcorpus,100,fp32_reranker_cpu,0.0,0.0,test,PLAIN-320,0.14285714285714285,2,MED-2437
100,nfcorpus,100,fp32_reranker_cpu,1.0,0.2298401750281299,test,PLAIN-33,0.125,2,MED-2717
100,nfcorpus,100,fp32_reranker_cpu,1.0,0.6969179698201173,test,PLAIN-3462,0.453125,2,MED-5274
100,nfcorpus,100,fp32_reranker_cpu,1.0,0.27541155237618664,test,PLAIN-371,1.0,2,MED-4618
100,nfcorpus,100,fp32_reranker_cpu,1.0,0.620712253862344,test,PLAIN-56,0.12,2,MED-4384
11,nfcorpus,100,fp32_reranker_cpu,1.0,0.857980942822373,test,PLAIN-741,0.42105263157894735,2,MED-4232
2,nfcorpus,100,fp32_reranker_cpu,1.0,0.3589542101716347,test,PLAIN-882,0.13333333333333333,2,MED-3622
83,nfcorpus,100,dynamic_int8_reranker_cpu,1.0,0.3746661058764784,test,PLAIN-1151,0.06535947712418301,2,MED-4932
100,nfcorpus,100,dynamic_int8_reranker_cpu,0.16666666666666666,0.07839826897867533,test,PLAIN-1193,0.4444444444444444,2,MED-4443
16,nfcorpus,100,dynamic_int8_reranker_cpu,0.5,0.7065443116025598,test,PLAIN-1288,0.05102040816326531,2,MED-2083
100,nfcorpus,100,dynamic_int8_reranker_cpu,1.0,0.6316991638553519,test,PLAIN-143,0.0784313725490196,2,MED-3621
100,nfcorpus,100,dynamic_int8_reranker_cpu,0.5,0.29727159644205703,test,PLAIN-1463,0.375,2,MED-2147
100,nfcorpus,100,dynamic_int8_reranker_cpu,1.0,1.0,test,PLAIN-1805,0.22413793103448276,2,MED-4939
100,nfcorpus,100,dynamic_int8_reranker_cpu,1.0,0.6371523797895856,test,PLAIN-1857,0.18181818181818182,2,MED-2988
41,nfcorpus,100,dynamic_int8_reranker_cpu,1.0,0.9052116356304493,test,PLAIN-2061,0.07804878048780488,2,MED-2344
7,nfcorpus,100,dynamic_int8_reranker_cpu,0.0,0.0,test,PLAIN-2250,0.0,2,MED-2210
67,nfcorpus,100,dynamic_int8_reranker_cpu,0.0,0.0,test,PLAIN-2321,0.0,2,MED-2991
100,nfcorpus,100,dynamic_int8_reranker_cpu,0.5,0.07074212199097152,test,PLAIN-2520,0.1232876712328767,2,MED-3273
100,nfcorpus,100,dynamic_int8_reranker_cpu,1.0,0.41235173674195585,test,PLAIN-2580,0.13043478260869565,2,MED-2220
100,nfcorpus,100,dynamic_int8_reranker_cpu,1.0,0.3254096064878314,test,PLAIN-2770,0.3170731707317073,2,MED-3836
100,nfcorpus,100,dynamic_int8_reranker_cpu,1.0,0.5644487565714978,test,PLAIN-2790,0.13559322033898305,2,MED-3970
100,nfcorpus,100,dynamic_int8_reranker_cpu,0.0,0.0,test,PLAIN-2820,0.125,2,MED-1677
100,nfcorpus,100,dynamic_int8_reranker_cpu,0.0,0.0,test,PLAIN-2920,0.14285714285714285,2,MED-3532
100,nfcorpus,100,dynamic_int8_reranker_cpu,1.0,0.39648315146087865,test,PLAIN-3131,0.16666666666666666,2,MED-4619
100,nfcorpus,100,dynamic_int8_reranker_cpu,0.0,0.0,test,PLAIN-320,0.14285714285714285,2,MED-2437
100,nfcorpus,100,dynamic_int8_reranker_cpu,1.0,0.2298401750281299,test,PLAIN-33,0.125,2,MED-2717
100,nfcorpus,100,dynamic_int8_reranker_cpu,1.0,0.6969179698201173,test,PLAIN-3462,0.453125,2,MED-5274
100,nfcorpus,100,dynamic_int8_reranker_cpu,1.0,0.27541155237618664,test,PLAIN-371,1.0,2,MED-4618
100,nfcorpus,100,dynamic_int8_reranker_cpu,1.0,0.6192190065633056,test,PLAIN-56,0.12,2,MED-4384
11,nfcorpus,100,dynamic_int8_reranker_cpu,1.0,0.866947989864271,test,PLAIN-741,0.42105263157894735,2,MED-4237
2,nfcorpus,100,dynamic_int8_reranker_cpu,1.0,0.3589542101716347,test,PLAIN-882,0.13333333333333333,2,MED-3622
14,nfcorpus,100,bm25_no_rerank,0.0,0.0,test,PLAIN-1066,0.0,3,MED-1712
3,nfcorpus,100,bm25_no_rerank,0.0,0.0,test,PLAIN-1331,0.0,3,MED-1049
100,nfcorpus,100,bm25_no_rerank,0.25,0.09478836436955078,test,PLAIN-1656,0.03571428571428571,3,MED-4470
100,nfcorpus,100,bm25_no_rerank,0.5,0.26852556974265224,test,PLAIN-1762,0.625,3,MED-865
2,nfcorpus,100,bm25_no_rerank,0.0,0.0,test,PLAIN-1962,0.0,3,MED-2438
3,nfcorpus,100,bm25_no_rerank,1.0,0.644824486427155,test,PLAIN-2156,0.5,3,MED-4868
2,nfcorpus,100,bm25_no_rerank,0.0,0.0,test,PLAIN-2167,0.0,3,MED-2488
10,nfcorpus,100,bm25_no_rerank,0.5,0.29727159644205703,test,PLAIN-2177,0.125,3,MED-3282
0,nfcorpus,100,bm25_no_rerank,0.0,0.0,test,PLAIN-2281,0.0,3,
100,nfcorpus,100,bm25_no_rerank,0.16666666666666666,0.043358872528941626,test,PLAIN-2810,0.5,3,MED-2491
100,nfcorpus,100,bm25_no_rerank,0.0,0.0,test,PLAIN-2940,0.0,3,MED-3961
100,nfcorpus,100,bm25_no_rerank,0.16666666666666666,0.11020731481643124,test,PLAIN-3312,0.5384615384615384,3,MED-4360
100,nfcorpus,100,bm25_no_rerank,0.2,0.08514311764162098,test,PLAIN-3322,0.0759493670886076,3,MED-2174
100,nfcorpus,100,bm25_no_rerank,1.0,0.31613093951531274,test,PLAIN-3332,0.6428571428571429,3,MED-3696
100,nfcorpus,100,bm25_no_rerank,1.0,0.9616678931547908,test,PLAIN-441,1.0,3,MED-942
100,nfcorpus,100,bm25_no_rerank,0.5,0.38724877043467315,test,PLAIN-541,0.5,3,MED-4036
100,nfcorpus,100,bm25_no_rerank,1.0,0.726007843808432,test,PLAIN-56,0.12,3,MED-2901
0,nfcorpus,100,bm25_no_rerank,0.0,0.0,test,PLAIN-583,0.0,3,
2,nfcorpus,100,bm25_no_rerank,1.0,0.46927872602275644,test,PLAIN-593,0.3333333333333333,3,MED-4402
11,nfcorpus,100,bm25_no_rerank,1.0,0.84860265890399,test,PLAIN-741,0.42105263157894735,3,MED-4237
3,nfcorpus,100,bm25_no_rerank,1.0,0.644824486427155,test,PLAIN-792,0.5,3,MED-4546
13,nfcorpus,100,bm25_no_rerank,0.0,0.0,test,PLAIN-872,0.0,3,MED-3989
2,nfcorpus,100,bm25_no_rerank,1.0,0.3589542101716347,test,PLAIN-882,0.13333333333333333,3,MED-3622
100,nfcorpus,100,bm25_no_rerank,0.1111111111111111,0.14126697285982898,test,PLAIN-977,0.3333333333333333,3,MED-2598
14,nfcorpus,100,fp32_reranker_cpu,0.0,0.0,test,PLAIN-1066,0.0,3,MED-892
3,nfcorpus,100,fp32_reranker_cpu,0.0,0.0,test,PLAIN-1331,0.0,3,MED-1049
100,nfcorpus,100,fp32_reranker_cpu,0.0,0.0,test,PLAIN-1656,0.03571428571428571,3,MED-3764
100,nfcorpus,100,fp32_reranker_cpu,1.0,0.41253177989255346,test,PLAIN-1762,0.625,3,MED-3716
2,nfcorpus,100,fp32_reranker_cpu,0.0,0.0,test,PLAIN-1962,0.0,3,MED-4295
3,nfcorpus,100,fp32_reranker_cpu,1.0,0.644824486427155,test,PLAIN-2156,0.5,3,MED-4868
2,nfcorpus,100,fp32_reranker_cpu,0.0,0.0,test,PLAIN-2167,0.0,3,MED-2488
10,nfcorpus,100,fp32_reranker_cpu,1.0,0.42838543210841196,test,PLAIN-2177,0.125,3,MED-1185
0,nfcorpus,100,fp32_reranker_cpu,0.0,0.0,test,PLAIN-2281,0.0,3,
100,nfcorpus,100,fp32_reranker_cpu,0.0,0.0,test,PLAIN-2810,0.5,3,MED-1792
100,nfcorpus,100,fp32_reranker_cpu,0.0,0.0,test,PLAIN-2940,0.0,3,MED-1578
100,nfcorpus,100,fp32_reranker_cpu,0.5,0.3038875144840462,test,PLAIN-3312,0.5384615384615384,3,MED-4360
100,nfcorpus,100,fp32_reranker_cpu,0.2,0.1487639058405727,test,PLAIN-3322,0.0759493670886076,3,MED-4714
100,nfcorpus,100,fp32_reranker_cpu,1.0,0.6282272412144296,test,PLAIN-3332,0.6428571428571429,3,MED-3768
100,nfcorpus,100,fp32_reranker_cpu,1.0,0.8917515521562532,test,PLAIN-441,1.0,3,MED-942
100,nfcorpus,100,fp32_reranker_cpu,0.3333333333333333,0.2521686779156779,test,PLAIN-541,0.5,3,MED-1307
100,nfcorpus,100,fp32_reranker_cpu,1.0,0.620712253862344,test,PLAIN-56,0.12,3,MED-4384
0,nfcorpus,100,fp32_reranker_cpu,0.0,0.0,test,PLAIN-583,0.0,3,
2,nfcorpus,100,fp32_reranker_cpu,1.0,0.46927872602275644,test,PLAIN-593,0.3333333333333333,3,MED-4402
11,nfcorpus,100,fp32_reranker_cpu,1.0,0.857980942822373,test,PLAIN-741,0.42105263157894735,3,MED-4232
3,nfcorpus,100,fp32_reranker_cpu,1.0,0.644824486427155,test,PLAIN-792,0.5,3,MED-4546
13,nfcorpus,100,fp32_reranker_cpu,0.0,0.0,test,PLAIN-872,0.0,3,MED-3989
2,nfcorpus,100,fp32_reranker_cpu,1.0,0.3589542101716347,test,PLAIN-882,0.13333333333333333,3,MED-3622
100,nfcorpus,100,fp32_reranker_cpu,0.1111111111111111,0.14126697285982898,test,PLAIN-977,0.3333333333333333,3,MED-2284
14,nfcorpus,100,dynamic_int8_reranker_cpu,0.0,0.0,test,PLAIN-1066,0.0,3,MED-892
3,nfcorpus,100,dynamic_int8_reranker_cpu,0.0,0.0,test,PLAIN-1331,0.0,3,MED-1049
100,nfcorpus,100,dynamic_int8_reranker_cpu,0.0,0.0,test,PLAIN-1656,0.03571428571428571,3,MED-3764
100,nfcorpus,100,dynamic_int8_reranker_cpu,1.0,0.41253177989255346,test,PLAIN-1762,0.625,3,MED-3716
2,nfcorpus,100,dynamic_int8_reranker_cpu,0.0,0.0,test,PLAIN-1962,0.0,3,MED-4295
3,nfcorpus,100,dynamic_int8_reranker_cpu,1.0,0.644824486427155,test,PLAIN-2156,0.5,3,MED-4868
2,nfcorpus,100,dynamic_int8_reranker_cpu,0.0,0.0,test,PLAIN-2167,0.0,3,MED-2488
10,nfcorpus,100,dynamic_int8_reranker_cpu,1.0,0.42838543210841196,test,PLAIN-2177,0.125,3,MED-1185
0,nfcorpus,100,dynamic_int8_reranker_cpu,0.0,0.0,test,PLAIN-2281,0.0,3,
100,nfcorpus,100,dynamic_int8_reranker_cpu,0.0,0.0,test,PLAIN-2810,0.5,3,MED-1792
100,nfcorpus,100,dynamic_int8_reranker_cpu,0.0,0.0,test,PLAIN-2940,0.0,3,MED-1578
100,nfcorpus,100,dynamic_int8_reranker_cpu,0.5,0.3333106279633294,test,PLAIN-3312,0.5384615384615384,3,MED-4360
100,nfcorpus,100,dynamic_int8_reranker_cpu,0.2,0.08514311764162098,test,PLAIN-3322,0.0759493670886076,3,MED-4714
100,nfcorpus,100,dynamic_int8_reranker_cpu,1.0,0.6263986997849285,test,PLAIN-3332,0.6428571428571429,3,MED-3768
100,nfcorpus,100,dynamic_int8_reranker_cpu,1.0,0.8452056591473734,test,PLAIN-441,1.0,3,MED-942
100,nfcorpus,100,dynamic_int8_reranker_cpu,0.25,0.23119123707664177,test,PLAIN-541,0.5,3,MED-872
100,nfcorpus,100,dynamic_int8_reranker_cpu,1.0,0.6192190065633056,test,PLAIN-56,0.12,3,MED-4384
0,nfcorpus,100,dynamic_int8_reranker_cpu,0.0,0.0,test,PLAIN-583,0.0,3,
2,nfcorpus,100,dynamic_int8_reranker_cpu,1.0,0.46927872602275644,test,PLAIN-593,0.3333333333333333,3,MED-4402
11,nfcorpus,100,dynamic_int8_reranker_cpu,1.0,0.866947989864271,test,PLAIN-741,0.42105263157894735,3,MED-4237
3,nfcorpus,100,dynamic_int8_reranker_cpu,1.0,0.644824486427155,test,PLAIN-792,0.5,3,MED-4546
13,nfcorpus,100,dynamic_int8_reranker_cpu,0.0,0.0,test,PLAIN-872,0.0,3,MED-3989
2,nfcorpus,100,dynamic_int8_reranker_cpu,1.0,0.3589542101716347,test,PLAIN-882,0.13333333333333333,3,MED-3622
100,nfcorpus,100,dynamic_int8_reranker_cpu,0.1,0.13565197343244778,test,PLAIN-977,0.3333333333333333,3,MED-2284
100,nfcorpus,100,bm25_no_rerank,0.0,0.0,test,PLAIN-1119,0.0,4,MED-4025
100,nfcorpus,100,bm25_no_rerank,1.0,0.22009176629808017,test,PLAIN-1141,0.1875,4,MED-2112
0,nfcorpus,100,bm25_no_rerank,0.0,0.0,test,PLAIN-1309,0.0,4,
59,nfcorpus,100,bm25_no_rerank,0.5,0.32730659600126993,test,PLAIN-1342,0.3125,4,MED-2851
100,nfcorpus,100,bm25_no_rerank,1.0,0.40350157154648025,test,PLAIN-1463,0.375,4,MED-2140
100,nfcorpus,100,bm25_no_rerank,1.0,0.866947989864271,test,PLAIN-1527,0.15841584158415842,4,MED-2160
100,nfcorpus,100,bm25_no_rerank,0.0,0.0,test,PLAIN-1537,0.2,4,MED-4880
100,nfcorpus,100,bm25_no_rerank,0.0,0.0,test,PLAIN-1784,0.0,4,MED-2671
0,nfcorpus,100,bm25_no_rerank,0.0,0.0,test,PLAIN-1867,0.0,4,
100,nfcorpus,100,bm25_no_rerank,0.5,0.2866919347890071,test,PLAIN-207,0.2727272727272727,4,MED-3000
100,nfcorpus,100,bm25_no_rerank,1.0,0.5352543167750639,test,PLAIN-2102,0.09738717339667459,4,MED-1545
100,nfcorpus,100,bm25_no_rerank,0.0,0.0,test,PLAIN-217,0.05555555555555555,4,MED-4831
100,nfcorpus,100,bm25_no_rerank,1.0,0.45221360703148816,test,PLAIN-2291,0.4,4,MED-2726
100,nfcorpus,100,bm25_no_rerank,1.0,0.28823223514537355,test,PLAIN-23,0.12222222222222222,4,MED-2643
100,nfcorpus,100,bm25_no_rerank,0.0,0.0,test,PLAIN-2364,0.0,4,MED-5004
100,nfcorpus,100,bm25_no_rerank,0.0,0.0,test,PLAIN-2440,0.0,4,MED-1792
100,nfcorpus,100,bm25_no_rerank,0.125,0.1371614420335284,test,PLAIN-2500,0.42857142857142855,4,MED-1556
100,nfcorpus,100,bm25_no_rerank,1.0,0.3460447326967689,test,PLAIN-2770,0.3170731707317073,4,MED-3832
100,nfcorpus,100,bm25_no_rerank,1.0,0.45846608015576257,test,PLAIN-2930,0.42857142857142855,4,MED-4325
100,nfcorpus,100,bm25_no_rerank,0.25,0.35583989829307827,test,PLAIN-2960,0.5,4,MED-4371
100,nfcorpus,100,bm25_no_rerank,0.0,0.0,test,PLAIN-3352,0.20512820512820512,4,MED-3504
100,nfcorpus,100,bm25_no_rerank,0.0,0.0,test,PLAIN-44,0.20689655172413793,4,MED-2782
0,nfcorpus,100,bm25_no_rerank,0.0,0.0,test,PLAIN-520,0.0,4,
0,nfcorpus,100,bm25_no_rerank,0.0,0.0,test,PLAIN-583,0.0,4,
100,nfcorpus,100,fp32_reranker_cpu,0.0,0.0,test,PLAIN-1119,0.0,4,MED-877
100,nfcorpus,100,fp32_reranker_cpu,1.0,0.22009176629808017,test,PLAIN-1141,0.1875,4,MED-2112
0,nfcorpus,100,fp32_reranker_cpu,0.0,0.0,test,PLAIN-1309,0.0,4,
59,nfcorpus,100,fp32_reranker_cpu,1.0,0.49118023727106,test,PLAIN-1342,0.3125,4,MED-1403
100,nfcorpus,100,fp32_reranker_cpu,0.5,0.31516255047698366,test,PLAIN-1463,0.375,4,MED-2147
100,nfcorpus,100,fp32_reranker_cpu,1.0,0.7605591431973849,test,PLAIN-1527,0.15841584158415842,4,MED-1304
100,nfcorpus,100,fp32_reranker_cpu,0.5,0.5806020001118019,test,PLAIN-1537,0.2,4,MED-4880
100,nfcorpus,100,fp32_reranker_cpu,0.0,0.0,test,PLAIN-1784,0.0,4,MED-2704
0,nfcorpus,100,fp32_reranker_cpu,0.0,0.0,test,PLAIN-1867,0.0,4,
100,nfcorpus,100,fp32_reranker_cpu,1.0,0.7846170207230129,test,PLAIN-207,0.2727272727272727,4,MED-4068
100,nfcorpus,100,fp32_reranker_cpu,1.0,0.7721596254947203,test,PLAIN-2102,0.09738717339667459,4,MED-3046
100,nfcorpus,100,fp32_reranker_cpu,0.0,0.0,test,PLAIN-217,0.05555555555555555,4,MED-3931
100,nfcorpus,100,fp32_reranker_cpu,1.0,0.3391602052736161,test,PLAIN-2291,0.4,4,MED-2726
100,nfcorpus,100,fp32_reranker_cpu,0.5,0.35909226019316,test,PLAIN-23,0.12222222222222222,4,MED-1961
100,nfcorpus,100,fp32_reranker_cpu,0.0,0.0,test,PLAIN-2364,0.0,4,MED-5004
100,nfcorpus,100,fp32_reranker_cpu,0.0,0.0,test,PLAIN-2440,0.0,4,MED-1792
100,nfcorpus,100,fp32_reranker_cpu,0.1111111111111111,0.25656820354846216,test,PLAIN-2500,0.42857142857142855,4,MED-1556
100,nfcorpus,100,fp32_reranker_cpu,1.0,0.3211751986787163,test,PLAIN-2770,0.3170731707317073,4,MED-3836
100,nfcorpus,100,fp32_reranker_cpu,1.0,0.45846608015576257,test,PLAIN-2930,0.42857142857142855,4,MED-4325
100,nfcorpus,100,fp32_reranker_cpu,0.25,0.35583989829307827,test,PLAIN-2960,0.5,4,MED-4372
100,nfcorpus,100,fp32_reranker_cpu,0.0,0.0,test,PLAIN-3352,0.20512820512820512,4,MED-2224
100,nfcorpus,100,fp32_reranker_cpu,0.1111111111111111,0.026991205241818556,test,PLAIN-44,0.20689655172413793,4,MED-2815
0,nfcorpus,100,fp32_reranker_cpu,0.0,0.0,test,PLAIN-520,0.0,4,
0,nfcorpus,100,fp32_reranker_cpu,0.0,0.0,test,PLAIN-583,0.0,4,
100,nfcorpus,100,dynamic_int8_reranker_cpu,0.0,0.0,test,PLAIN-1119,0.0,4,MED-877
100,nfcorpus,100,dynamic_int8_reranker_cpu,1.0,0.22009176629808017,test,PLAIN-1141,0.1875,4,MED-2112
0,nfcorpus,100,dynamic_int8_reranker_cpu,0.0,0.0,test,PLAIN-1309,0.0,4,
59,nfcorpus,100,dynamic_int8_reranker_cpu,1.0,0.49118023727106,test,PLAIN-1342,0.3125,4,MED-1403
100,nfcorpus,100,dynamic_int8_reranker_cpu,0.5,0.29727159644205703,test,PLAIN-1463,0.375,4,MED-2147
100,nfcorpus,100,dynamic_int8_reranker_cpu,1.0,0.78180487222265,test,PLAIN-1527,0.15841584158415842,4,MED-1304
100,nfcorpus,100,dynamic_int8_reranker_cpu,0.5,0.5716349530699038,test,PLAIN-1537,0.2,4,MED-4880
100,nfcorpus,100,dynamic_int8_reranker_cpu,0.0,0.0,test,PLAIN-1784,0.0,4,MED-2704
0,nfcorpus,100,dynamic_int8_reranker_cpu,0.0,0.0,test,PLAIN-1867,0.0,4,
100,nfcorpus,100,dynamic_int8_reranker_cpu,1.0,0.7631925784528223,test,PLAIN-207,0.2727272727272727,4,MED-4068
100,nfcorpus,100,dynamic_int8_reranker_cpu,1.0,0.7753366239771086,test,PLAIN-2102,0.09738717339667459,4,MED-3046
100,nfcorpus,100,dynamic_int8_reranker_cpu,0.0,0.0,test,PLAIN-217,0.05555555555555555,4,MED-3931
100,nfcorpus,100,dynamic_int8_reranker_cpu,1.0,0.3391602052736161,test,PLAIN-2291,0.4,4,MED-2726
100,nfcorpus,100,dynamic_int8_reranker_cpu,0.5,0.40962876855075675,test,PLAIN-23,0.12222222222222222,4,MED-1961
100,nfcorpus,100,dynamic_int8_reranker_cpu,0.0,0.0,test,PLAIN-2364,0.0,4,MED-5004
100,nfcorpus,100,dynamic_int8_reranker_cpu,0.0,0.0,test,PLAIN-2440,0.0,4,MED-1792
100,nfcorpus,100,dynamic_int8_reranker_cpu,0.125,0.2628443669375999,test,PLAIN-2500,0.42857142857142855,4,MED-1556
100,nfcorpus,100,dynamic_int8_reranker_cpu,1.0,0.3254096064878314,test,PLAIN-2770,0.3170731707317073,4,MED-3836
100,nfcorpus,100,dynamic_int8_reranker_cpu,1.0,0.45846608015576257,test,PLAIN-2930,0.42857142857142855,4,MED-4325
100,nfcorpus,100,dynamic_int8_reranker_cpu,0.25,0.35583989829307827,test,PLAIN-2960,0.5,4,MED-4372
100,nfcorpus,100,dynamic_int8_reranker_cpu,0.16666666666666666,0.04563588375858239,test,PLAIN-3352,0.20512820512820512,4,MED-2224
100,nfcorpus,100,dynamic_int8_reranker_cpu,0.16666666666666666,0.061826163431759014,test,PLAIN-44,0.20689655172413793,4,MED-2815
0,nfcorpus,100,dynamic_int8_reranker_cpu,0.0,0.0,test,PLAIN-520,0.0,4,
0,nfcorpus,100,dynamic_int8_reranker_cpu,0.0,0.0,test,PLAIN-583,0.0,4,
14,nfcorpus,100,bm25_no_rerank,0.0,0.0,test,PLAIN-1066,0.0,5,MED-1712
83,nfcorpus,100,bm25_no_rerank,0.25,0.1681522864689108,test,PLAIN-1151,0.06535947712418301,5,MED-1179
100,nfcorpus,100,bm25_no_rerank,1.0,0.36211082347570717,test,PLAIN-1262,0.3,5,MED-5293
100,nfcorpus,100,bm25_no_rerank,1.0,0.866947989864271,test,PLAIN-1527,0.15841584158415842,5,MED-2160
12,nfcorpus,100,bm25_no_rerank,1.0,1.0,test,PLAIN-1568,1.0,5,MED-4150
2,nfcorpus,100,bm25_no_rerank,1.0,1.0,test,PLAIN-1794,1.0,5,MED-5041
100,nfcorpus,100,bm25_no_rerank,1.0,0.9305687780632227,test,PLAIN-1805,0.22413793103448276,5,MED-3938
100,nfcorpus,100,bm25_no_rerank,1.0,0.793584067764911,test,PLAIN-1919,0.6296296296296297,5,MED-3321
21,nfcorpus,100,bm25_no_rerank,1.0,0.5810820381115676,test,PLAIN-2071,0.2,5,MED-3532
3,nfcorpus,100,bm25_no_rerank,0.0,0.0,test,PLAIN-2230,0.0,5,MED-557
9,nfcorpus,100,bm25_no_rerank,1.0,0.5834330535576521,test,PLAIN-2240,0.45454545454545453,5,MED-3969
100,nfcorpus,100,bm25_no_rerank,0.3333333333333333,0.11004588314904008,test,PLAIN-227,0.025,5,MED-3466
100,nfcorpus,100,bm25_no_rerank,0.0,0.0,test,PLAIN-238,0.037037037037037035,5,MED-4451
100,nfcorpus,100,bm25_no_rerank,0.0,0.0,test,PLAIN-2760,0.0,5,MED-4600
100,nfcorpus,100,bm25_no_rerank,0.0,0.0,test,PLAIN-2820,0.125,5,MED-2698
100,nfcorpus,100,bm25_no_rerank,1.0,1.0,test,PLAIN-2860,1.0,5,MED-4186
100,nfcorpus,100,bm25_no_rerank,1.0,0.3589542101716347,test,PLAIN-291,0.23076923076923078,5,MED-4517
100,nfcorpus,100,bm25_no_rerank,0.3333333333333333,0.3065735963827292,test,PLAIN-2991,0.5,5,MED-1663
100,nfcorpus,100,bm25_no_rerank,0.2,0.08891431692491045,test,PLAIN-33,0.125,5,MED-2221
100,nfcorpus,100,bm25_no_rerank,0.16666666666666666,0.11020731481643124,test,PLAIN-3312,0.5384615384615384,5,MED-4360
100,nfcorpus,100,bm25_no_rerank,1.0,0.933745776545611,test,PLAIN-488,0.7333333333333333,5,MED-1808
100,nfcorpus,100,bm25_no_rerank,1.0,0.726007843808432,test,PLAIN-56,0.12,5,MED-2901
82,nfcorpus,100,bm25_no_rerank,1.0,0.361879195385413,test,PLAIN-701,0.5,5,MED-3720
100,nfcorpus,100,bm25_no_rerank,0.25,0.2980272981222516,test,PLAIN-956,0.1553398058252427,5,MED-5191
14,nfcorpus,100,fp32_reranker_cpu,0.0,0.0,test,PLAIN-1066,0.0,5,MED-892
83,nfcorpus,100,fp32_reranker_cpu,0.5,0.28762634971412726,test,PLAIN-1151,0.06535947712418301,5,MED-1144
100,nfcorpus,100,fp32_reranker_cpu,1.0,0.4690000933206748,test,PLAIN-1262,0.3,5,MED-5293
100,nfcorpus,100,fp32_reranker_cpu,1.0,0.7605591431973849,test,PLAIN-1527,0.15841584158415842,5,MED-1304
12,nfcorpus,100,fp32_reranker_cpu,1.0,1.0,test,PLAIN-1568,1.0,5,MED-4150
2,nfcorpus,100,fp32_reranker_cpu,1.0,1.0,test,PLAIN-1794,1.0,5,MED-5042
100,nfcorpus,100,fp32_reranker_cpu,1.0,0.9052116356304493,test,PLAIN-1805,0.22413793103448276,5,MED-3935
100,nfcorpus,100,fp32_reranker_cpu,1.0,0.727329844310522,test,PLAIN-1919,0.6296296296296297,5,MED-3321
21,nfcorpus,100,fp32_reranker_cpu,1.0,0.4789015552876929,test,PLAIN-2071,0.2,5,MED-3532
3,nfcorpus,100,fp32_reranker_cpu,0.0,0.0,test,PLAIN-2230,0.0,5,MED-557
9,nfcorpus,100,fp32_reranker_cpu,1.0,0.6203974344166848,test,PLAIN-2240,0.45454545454545453,5,MED-3969
100,nfcorpus,100,fp32_reranker_cpu,1.0,0.22009176629808017,test,PLAIN-227,0.025,5,MED-4150
100,nfcorpus,100,fp32_reranker_cpu,1.0,0.22009176629808017,test,PLAIN-238,0.037037037037037035,5,MED-4739
100,nfcorpus,100,fp32_reranker_cpu,0.0,0.0,test,PLAIN-2760,0.0,5,MED-4600
100,nfcorpus,100,fp32_reranker_cpu,0.0,0.0,test,PLAIN-2820,0.125,5,MED-1677
100,nfcorpus,100,fp32_reranker_cpu,1.0,1.0,test,PLAIN-2860,1.0,5,MED-4186
100,nfcorpus,100,fp32_reranker_cpu,1.0,0.3589542101716347,test,PLAIN-291,0.23076923076923078,5,MED-4517
100,nfcorpus,100,fp32_reranker_cpu,0.5,0.3868528072345416,test,PLAIN-2991,0.5,5,MED-1663
100,nfcorpus,100,fp32_reranker_cpu,1.0,0.2298401750281299,test,PLAIN-33,0.125,5,MED-2717
100,nfcorpus,100,fp32_reranker_cpu,0.5,0.3038875144840462,test,PLAIN-3312,0.5384615384615384,5,MED-4360
100,nfcorpus,100,fp32_reranker_cpu,1.0,0.9305687780632227,test,PLAIN-488,0.7333333333333333,5,MED-1800
100,nfcorpus,100,fp32_reranker_cpu,1.0,0.620712253862344,test,PLAIN-56,0.12,5,MED-4384
82,nfcorpus,100,fp32_reranker_cpu,1.0,0.647939623894138,test,PLAIN-701,0.5,5,MED-3720
100,nfcorpus,100,fp32_reranker_cpu,1.0,0.6659485553357843,test,PLAIN-956,0.1553398058252427,5,MED-5076
14,nfcorpus,100,dynamic_int8_reranker_cpu,0.0,0.0,test,PLAIN-1066,0.0,5,MED-892
83,nfcorpus,100,dynamic_int8_reranker_cpu,1.0,0.3746661058764784,test,PLAIN-1151,0.06535947712418301,5,MED-4932
100,nfcorpus,100,dynamic_int8_reranker_cpu,1.0,0.4690000933206748,test,PLAIN-1262,0.3,5,MED-5293
100,nfcorpus,100,dynamic_int8_reranker_cpu,1.0,0.78180487222265,test,PLAIN-1527,0.15841584158415842,5,MED-1304
12,nfcorpus,100,dynamic_int8_reranker_cpu,1.0,1.0,test,PLAIN-1568,1.0,5,MED-4150
2,nfcorpus,100,dynamic_int8_reranker_cpu,1.0,1.0,test,PLAIN-1794,1.0,5,MED-5042
100,nfcorpus,100,dynamic_int8_reranker_cpu,1.0,1.0,test,PLAIN-1805,0.22413793103448276,5,MED-4939
100,nfcorpus,100,dynamic_int8_reranker_cpu,1.0,0.727329844310522,test,PLAIN-1919,0.6296296296296297,5,MED-3321
21,nfcorpus,100,dynamic_int8_reranker_cpu,1.0,0.4789015552876929,test,PLAIN-2071,0.2,5,MED-3532
3,nfcorpus,100,dynamic_int8_reranker_cpu,0.0,0.0,test,PLAIN-2230,0.0,5,MED-557
9,nfcorpus,100,dynamic_int8_reranker_cpu,1.0,0.6203974344166848,test,PLAIN-2240,0.45454545454545453,5,MED-3969
100,nfcorpus,100,dynamic_int8_reranker_cpu,1.0,0.22009176629808017,test,PLAIN-227,0.025,5,MED-4150
100,nfcorpus,100,dynamic_int8_reranker_cpu,1.0,0.22009176629808017,test,PLAIN-238,0.037037037037037035,5,MED-4739
100,nfcorpus,100,dynamic_int8_reranker_cpu,0.0,0.0,test,PLAIN-2760,0.0,5,MED-4600
100,nfcorpus,100,dynamic_int8_reranker_cpu,0.0,0.0,test,PLAIN-2820,0.125,5,MED-1677
100,nfcorpus,100,dynamic_int8_reranker_cpu,1.0,1.0,test,PLAIN-2860,1.0,5,MED-4186
100,nfcorpus,100,dynamic_int8_reranker_cpu,1.0,0.3589542101716347,test,PLAIN-291,0.23076923076923078,5,MED-4517
100,nfcorpus,100,dynamic_int8_reranker_cpu,0.5,0.3868528072345416,test,PLAIN-2991,0.5,5,MED-1663
100,nfcorpus,100,dynamic_int8_reranker_cpu,1.0,0.2298401750281299,test,PLAIN-33,0.125,5,MED-2717
100,nfcorpus,100,dynamic_int8_reranker_cpu,0.5,0.3333106279633294,test,PLAIN-3312,0.5384615384615384,5,MED-4360
100,nfcorpus,100,dynamic_int8_reranker_cpu,1.0,0.9305687780632227,test,PLAIN-488,0.7333333333333333,5,MED-1800
100,nfcorpus,100,dynamic_int8_reranker_cpu,1.0,0.6192190065633056,test,PLAIN-56,0.12,5,MED-4384
82,nfcorpus,100,dynamic_int8_reranker_cpu,1.0,0.647939623894138,test,PLAIN-701,0.5,5,MED-3720
100,nfcorpus,100,dynamic_int8_reranker_cpu,1.0,0.6659485553357843,test,PLAIN-956,0.1553398058252427,5,MED-5076
20,fiqa,20,bm25_no_rerank,1.0,0.3932591258696538,test,10109,0.2857142857142857,1,28314
20,fiqa,20,bm25_no_rerank,0.0,0.0,test,1074,0.0,1,544869
20,fiqa,20,bm25_no_rerank,0.0,0.0,test,10808,0.0,1,387722
20,fiqa,20,bm25_no_rerank,1.0,0.8270433092474515,test,1441,1.0,1,178
20,fiqa,20,bm25_no_rerank,0.0,0.0,test,2118,0.0,1,409562
20,fiqa,20,bm25_no_rerank,1.0,0.6131471927654584,test,2316,0.5,1,482343
20,fiqa,20,bm25_no_rerank,1.0,0.3932591258696538,test,2423,0.2857142857142857,1,529444
20,fiqa,20,bm25_no_rerank,0.1,0.13565197343244778,test,2590,0.3333333333333333,1,528880
20,fiqa,20,bm25_no_rerank,0.0,0.0,test,3771,0.0,1,490384
20,fiqa,20,bm25_no_rerank,0.0,0.0,test,4037,0.0,1,273071
20,fiqa,20,bm25_no_rerank,0.0,0.0,test,4415,0.0,1,90522
20,fiqa,20,bm25_no_rerank,0.0,0.0,test,4539,0.0,1,42475
20,fiqa,20,bm25_no_rerank,1.0,1.0,test,5155,1.0,1,462892
20,fiqa,20,bm25_no_rerank,1.0,0.5548010254700116,test,6002,0.8181818181818182,1,390642
20,fiqa,20,bm25_no_rerank,1.0,0.3932783996463063,test,6131,0.3333333333333333,1,326094
20,fiqa,20,bm25_no_rerank,0.0,0.0,test,6832,0.0,1,420587
20,fiqa,20,bm25_no_rerank,0.0,0.0,test,6907,1.0,1,546548
20,fiqa,20,bm25_no_rerank,0.3333333333333333,0.5,test,6985,1.0,1,548705
20,fiqa,20,bm25_no_rerank,0.0,0.0,test,7279,0.0,1,213373
20,fiqa,20,bm25_no_rerank,0.3333333333333333,0.5,test,7484,1.0,1,76285
20,fiqa,20,bm25_no_rerank,0.5,0.2960819109658652,test,7534,0.3333333333333333,1,426157
20,fiqa,20,bm25_no_rerank,0.0,0.0,test,885,0.0,1,143596
20,fiqa,20,bm25_no_rerank,0.0,0.0,test,9275,0.0,1,537916
20,fiqa,20,bm25_no_rerank,0.0,0.0,test,9548,0.0,1,211525
20,fiqa,20,fp32_reranker_cpu,1.0,0.4483039899025303,test,10109,0.2857142857142857,1,28314
20,fiqa,20,fp32_reranker_cpu,0.0,0.0,test,1074,0.0,1,66607
20,fiqa,20,fp32_reranker_cpu,0.0,0.0,test,10808,0.0,1,40227
20,fiqa,20,fp32_reranker_cpu,1.0,0.9267582364714126,test,1441,1.0,1,414940
20,fiqa,20,fp32_reranker_cpu,0.0,0.0,test,2118,0.0,1,304007
20,fiqa,20,fp32_reranker_cpu,1.0,0.6131471927654584,test,2316,0.5,1,482343
20,fiqa,20,fp32_reranker_cpu,1.0,0.3932591258696538,test,2423,0.2857142857142857,1,529444
20,fiqa,20,fp32_reranker_cpu,0.25,0.20210734650054757,test,2590,0.3333333333333333,1,134972
20,fiqa,20,fp32_reranker_cpu,0.0,0.0,test,3771,0.0,1,490384
20,fiqa,20,fp32_reranker_cpu,0.0,0.0,test,4037,0.0,1,244555
20,fiqa,20,fp32_reranker_cpu,0.0,0.0,test,4415,0.0,1,117578
20,fiqa,20,fp32_reranker_cpu,0.0,0.0,test,4539,0.0,1,449745
20,fiqa,20,fp32_reranker_cpu,1.0,1.0,test,5155,1.0,1,462892
20,fiqa,20,fp32_reranker_cpu,1.0,0.7819835854675755,test,6002,0.8181818181818182,1,233472
20,fiqa,20,fp32_reranker_cpu,1.0,0.5541432109622958,test,6131,0.3333333333333333,1,326094
20,fiqa,20,fp32_reranker_cpu,0.0,0.0,test,6832,0.0,1,384251
20,fiqa,20,fp32_reranker_cpu,0.2,0.38685280723454163,test,6907,1.0,1,400738
20,fiqa,20,fp32_reranker_cpu,1.0,1.0,test,6985,1.0,1,456436
20,fiqa,20,fp32_reranker_cpu,0.0,0.0,test,7279,0.0,1,213373
20,fiqa,20,fp32_reranker_cpu,1.0,1.0,test,7484,1.0,1,444562
20,fiqa,20,fp32_reranker_cpu,1.0,0.46927872602275644,test,7534,0.3333333333333333,1,175821
20,fiqa,20,fp32_reranker_cpu,0.0,0.0,test,885,0.0,1,99449
20,fiqa,20,fp32_reranker_cpu,0.0,0.0,test,9275,0.0,1,23217
20,fiqa,20,fp32_reranker_cpu,0.0,0.0,test,9548,0.0,1,211525
20,fiqa,20,dynamic_int8_reranker_cpu,1.0,0.4483039899025303,test,10109,0.2857142857142857,1,28314
20,fiqa,20,dynamic_int8_reranker_cpu,0.0,0.0,test,1074,0.0,1,66607
20,fiqa,20,dynamic_int8_reranker_cpu,0.0,0.0,test,10808,0.0,1,40227
20,fiqa,20,dynamic_int8_reranker_cpu,1.0,0.9267582364714126,test,1441,1.0,1,414940
20,fiqa,20,dynamic_int8_reranker_cpu,0.0,0.0,test,2118,0.0,1,304007
20,fiqa,20,dynamic_int8_reranker_cpu,1.0,0.6131471927654584,test,2316,0.5,1,482343
20,fiqa,20,dynamic_int8_reranker_cpu,1.0,0.3932591258696538,test,2423,0.2857142857142857,1,529444
20,fiqa,20,dynamic_int8_reranker_cpu,0.2,0.18154179253735267,test,2590,0.3333333333333333,1,134972
20,fiqa,20,dynamic_int8_reranker_cpu,0.0,0.0,test,3771,0.0,1,490384
20,fiqa,20,dynamic_int8_reranker_cpu,0.0,0.0,test,4037,0.0,1,244555
20,fiqa,20,dynamic_int8_reranker_cpu,0.0,0.0,test,4415,0.0,1,117578
20,fiqa,20,dynamic_int8_reranker_cpu,0.0,0.0,test,4539,0.0,1,32744
20,fiqa,20,dynamic_int8_reranker_cpu,1.0,1.0,test,5155,1.0,1,462892
20,fiqa,20,dynamic_int8_reranker_cpu,1.0,0.7859162856301584,test,6002,0.8181818181818182,1,154181
20,fiqa,20,dynamic_int8_reranker_cpu,1.0,0.5384313152574521,test,6131,0.3333333333333333,1,326094
20,fiqa,20,dynamic_int8_reranker_cpu,0.0,0.0,test,6832,0.0,1,384251
20,fiqa,20,dynamic_int8_reranker_cpu,0.14285714285714285,0.3333333333333333,test,6907,1.0,1,400738
20,fiqa,20,dynamic_int8_reranker_cpu,1.0,1.0,test,6985,1.0,1,456436
20,fiqa,20,dynamic_int8_reranker_cpu,0.0,0.0,test,7279,0.0,1,213373
20,fiqa,20,dynamic_int8_reranker_cpu,1.0,1.0,test,7484,1.0,1,444562
20,fiqa,20,dynamic_int8_reranker_cpu,1.0,0.46927872602275644,test,7534,0.3333333333333333,1,175821
20,fiqa,20,dynamic_int8_reranker_cpu,0.0,0.0,test,885,0.0,1,99449
20,fiqa,20,dynamic_int8_reranker_cpu,0.0,0.0,test,9275,0.0,1,23217
20,fiqa,20,dynamic_int8_reranker_cpu,0.0,0.0,test,9548,0.0,1,211525
20,fiqa,20,bm25_no_rerank,1.0,0.6105858728157117,test,10734,0.5,2,225718
20,fiqa,20,bm25_no_rerank,0.0,0.0,test,1085,0.0,2,242013
20,fiqa,20,bm25_no_rerank,0.2,0.38685280723454163,test,1310,1.0,2,101103
20,fiqa,20,bm25_no_rerank,1.0,1.0,test,1933,1.0,2,183612
20,fiqa,20,bm25_no_rerank,0.0,0.0,test,2076,0.0,2,328073
20,fiqa,20,bm25_no_rerank,0.14285714285714285,0.15642624200758548,test,2994,0.3333333333333333,2,403563
20,fiqa,20,bm25_no_rerank,0.3333333333333333,0.5,test,3103,1.0,2,229937
20,fiqa,20,bm25_no_rerank,1.0,0.46927872602275644,test,3791,0.3333333333333333,2,212222
20,fiqa,20,bm25_no_rerank,0.0,0.0,test,4394,0.0,2,322838
20,fiqa,20,bm25_no_rerank,0.0,0.0,test,4600,0.0,2,392885
20,fiqa,20,bm25_no_rerank,0.3333333333333333,0.5,test,5067,1.0,2,237760
20,fiqa,20,bm25_no_rerank,0.0,0.0,test,5710,0.0,2,581010
20,fiqa,20,bm25_no_rerank,1.0,0.3391602052736161,test,5782,0.2,2,172084
20,fiqa,20,bm25_no_rerank,0.0,0.0,test,5903,0.0,2,372233
20,fiqa,20,bm25_no_rerank,0.5,0.38685280723454163,test,6146,0.5,2,116243
20,fiqa,20,bm25_no_rerank,1.0,1.0,test,6807,1.0,2,332567
20,fiqa,20,bm25_no_rerank,0.3333333333333333,0.3065735963827292,test,6901,0.5,2,344065
20,fiqa,20,bm25_no_rerank,0.0,0.0,test,7188,0.0,2,179093
20,fiqa,20,bm25_no_rerank,0.0,0.0,test,7674,0.0,2,447886
20,fiqa,20,bm25_no_rerank,0.0,0.0,test,7758,1.0,2,351011
20,fiqa,20,bm25_no_rerank,1.0,0.46927872602275644,test,8456,0.3333333333333333,2,257853
20,fiqa,20,bm25_no_rerank,0.5,0.6309297535714575,test,904,1.0,2,460325
20,fiqa,20,bm25_no_rerank,0.5,0.6240505200038379,test,9481,1.0,2,132760
20,fiqa,20,bm25_no_rerank,0.0,0.0,test,9487,0.0,2,320472
20,fiqa,20,fp32_reranker_cpu,1.0,0.601312434202259,test,10734,0.5,2,225718
20,fiqa,20,fp32_reranker_cpu,0.0,0.0,test,1085,0.0,2,372039
20,fiqa,20,fp32_reranker_cpu,1.0,1.0,test,1310,1.0,2,535651
20,fiqa,20,fp32_reranker_cpu,1.0,1.0,test,1933,1.0,2,183612
20,fiqa,20,fp32_reranker_cpu,0.0,0.0,test,2076,0.0,2,541809
20,fiqa,20,fp32_reranker_cpu,0.25,0.20210734650054757,test,2994,0.3333333333333333,2,423625
20,fiqa,20,fp32_reranker_cpu,0.5,0.6309297535714575,test,3103,1.0,2,229937
20,fiqa,20,fp32_reranker_cpu,0.0,0.0,test,3791,0.3333333333333333,2,570466
20,fiqa,20,fp32_reranker_cpu,0.0,0.0,test,4394,0.0,2,305907
20,fiqa,20,fp32_reranker_cpu,0.0,0.0,test,4600,0.0,2,392885
20,fiqa,20,fp32_reranker_cpu,0.25,0.43067655807339306,test,5067,1.0,2,237760
20,fiqa,20,fp32_reranker_cpu,0.0,0.0,test,5710,0.0,2,273071
20,fiqa,20,fp32_reranker_cpu,1.0,0.3391602052736161,test,5782,0.2,2,172084
20,fiqa,20,fp32_reranker_cpu,0.0,0.0,test,5903,0.0,2,408524
20,fiqa,20,fp32_reranker_cpu,1.0,0.6131471927654584,test,6146,0.5,2,160125
20,fiqa,20,fp32_reranker_cpu,1.0,1.0,test,6807,1.0,2,332567
20,fiqa,20,fp32_reranker_cpu,1.0,0.6131471927654584,test,6901,0.5,2,254474
20,fiqa,20,fp32_reranker_cpu,0.0,0.0,test,7188,0.0,2,60166
20,fiqa,20,fp32_reranker_cpu,0.0,0.0,test,7674,0.0,2,514841
20,fiqa,20,fp32_reranker_cpu,1.0,1.0,test,7758,1.0,2,574327
20,fiqa,20,fp32_reranker_cpu,1.0,0.46927872602275644,test,8456,0.3333333333333333,2,257853
20,fiqa,20,fp32_reranker_cpu,1.0,1.0,test,904,1.0,2,415514
20,fiqa,20,fp32_reranker_cpu,0.5,0.6934264036172708,test,9481,1.0,2,132760
20,fiqa,20,fp32_reranker_cpu,0.0,0.0,test,9487,0.0,2,162454
20,fiqa,20,dynamic_int8_reranker_cpu,1.0,0.6238470455881188,test,10734,0.5,2,225718
20,fiqa,20,dynamic_int8_reranker_cpu,0.0,0.0,test,1085,0.0,2,372039
20,fiqa,20,dynamic_int8_reranker_cpu,1.0,1.0,test,1310,1.0,2,535651
20,fiqa,20,dynamic_int8_reranker_cpu,1.0,1.0,test,1933,1.0,2,183612
20,fiqa,20,dynamic_int8_reranker_cpu,0.0,0.0,test,2076,0.0,2,541809
20,fiqa,20,dynamic_int8_reranker_cpu,0.3333333333333333,0.23463936301137822,test,2994,0.3333333333333333,2,423625
20,fiqa,20,dynamic_int8_reranker_cpu,0.5,0.6309297535714575,test,3103,1.0,2,229937
20,fiqa,20,dynamic_int8_reranker_cpu,0.1111111111111111,0.14126697285982898,test,3791,0.3333333333333333,2,570466
20,fiqa,20,dynamic_int8_reranker_cpu,0.0,0.0,test,4394,0.0,2,322838
20,fiqa,20,dynamic_int8_reranker_cpu,0.0,0.0,test,4600,0.0,2,392885
20,fiqa,20,dynamic_int8_reranker_cpu,0.25,0.43067655807339306,test,5067,1.0,2,237760
20,fiqa,20,dynamic_int8_reranker_cpu,0.0,0.0,test,5710,0.0,2,273071
20,fiqa,20,dynamic_int8_reranker_cpu,1.0,0.3391602052736161,test,5782,0.2,2,172084
20,fiqa,20,dynamic_int8_reranker_cpu,0.0,0.0,test,5903,0.0,2,408524
20,fiqa,20,dynamic_int8_reranker_cpu,1.0,0.6131471927654584,test,6146,0.5,2,160125
20,fiqa,20,dynamic_int8_reranker_cpu,1.0,1.0,test,6807,1.0,2,332567
20,fiqa,20,dynamic_int8_reranker_cpu,0.5,0.38685280723454163,test,6901,0.5,2,105373
20,fiqa,20,dynamic_int8_reranker_cpu,0.0,0.0,test,7188,0.0,2,60166
20,fiqa,20,dynamic_int8_reranker_cpu,0.0,0.0,test,7674,0.0,2,514841
20,fiqa,20,dynamic_int8_reranker_cpu,1.0,1.0,test,7758,1.0,2,574327
20,fiqa,20,dynamic_int8_reranker_cpu,1.0,0.46927872602275644,test,8456,0.3333333333333333,2,257853
20,fiqa,20,dynamic_int8_reranker_cpu,1.0,1.0,test,904,1.0,2,415514
20,fiqa,20,dynamic_int8_reranker_cpu,0.5,0.6934264036172708,test,9481,1.0,2,132760
20,fiqa,20,dynamic_int8_reranker_cpu,0.0,0.0,test,9487,0.0,2,137478
20,fiqa,20,bm25_no_rerank,0.125,0.1480409554829326,test,10447,0.3333333333333333,3,447482
20,fiqa,20,bm25_no_rerank,0.0,0.0,test,15,0.0,3,230003
20,fiqa,20,bm25_no_rerank,0.1111111111111111,0.09109240322345806,test,2579,0.16666666666666666,3,552290
20,fiqa,20,bm25_no_rerank,1.0,1.0,test,2880,1.0,3,533791
20,fiqa,20,bm25_no_rerank,1.0,0.27487633291429087,test,3503,0.2857142857142857,3,360621
20,fiqa,20,bm25_no_rerank,0.0,0.0,test,4084,0.5,3,53431
20,fiqa,20,bm25_no_rerank,0.0,0.0,test,4103,0.0,3,180958
20,fiqa,20,bm25_no_rerank,0.14285714285714285,0.13012668333070054,test,4142,0.25,3,87580
20,fiqa,20,bm25_no_rerank,0.0,0.0,test,4465,0.3333333333333333,3,475896
20,fiqa,20,bm25_no_rerank,1.0,0.6131471927654584,test,588,0.5,3,203710
20,fiqa,20,bm25_no_rerank,0.0,0.0,test,622,0.5,3,243571
20,fiqa,20,bm25_no_rerank,0.16666666666666666,0.3562071871080222,test,7218,1.0,3,266900
20,fiqa,20,bm25_no_rerank,0.0,0.0,test,7221,0.0,3,140266
20,fiqa,20,bm25_no_rerank,0.0,0.0,test,7311,0.0,3,125355
20,fiqa,20,bm25_no_rerank,0.0,0.0,test,7329,0.0,3,215596
20,fiqa,20,bm25_no_rerank,0.3333333333333333,0.4911492931622974,test,8296,1.0,3,432424
20,fiqa,20,bm25_no_rerank,1.0,0.46927872602275644,test,8456,0.3333333333333333,3,257853
20,fiqa,20,bm25_no_rerank,0.0,0.0,test,8513,0.0,3,321205
20,fiqa,20,bm25_no_rerank,0.16666666666666666,0.21840743681816419,test,853,0.5,3,252843
20,fiqa,20,bm25_no_rerank,0.0,0.0,test,90,0.0,3,154931
20,fiqa,20,bm25_no_rerank,0.125,0.19342640361727081,test,928,0.5,3,465905
20,fiqa,20,bm25_no_rerank,0.0,0.0,test,9403,0.0,3,105089
20,fiqa,20,bm25_no_rerank,0.5,0.6240505200038379,test,9481,1.0,3,132760
20,fiqa,20,bm25_no_rerank,0.0,0.0,test,9824,0.0,3,373170
20,fiqa,20,fp32_reranker_cpu,0.0,0.0,test,10447,0.3333333333333333,3,500175
20,fiqa,20,fp32_reranker_cpu,0.0,0.0,test,15,0.0,3,224000
20,fiqa,20,fp32_reranker_cpu,1.0,0.30260241349881345,test,2579,0.16666666666666666,3,524471
20,fiqa,20,fp32_reranker_cpu,1.0,1.0,test,2880,1.0,3,533791
20,fiqa,20,fp32_reranker_cpu,1.0,0.41231449937143627,test,3503,0.2857142857142857,3,360621
20,fiqa,20,fp32_reranker_cpu,0.5,0.38685280723454163,test,4084,0.5,3,262925
20,fiqa,20,fp32_reranker_cpu,0.0,0.0,test,4103,0.0,3,180958
20,fiqa,20,fp32_reranker_cpu,0.16666666666666666,0.13905617951077562,test,4142,0.25,3,87580
20,fiqa,20,fp32_reranker_cpu,0.0,0.0,test,4465,0.3333333333333333,3,375708
20,fiqa,20,fp32_reranker_cpu,1.0,0.6131471927654584,test,588,0.5,3,203710
20,fiqa,20,fp32_reranker_cpu,0.25,0.2640681225725909,test,622,0.5,3,243571
20,fiqa,20,fp32_reranker_cpu,0.3333333333333333,0.5,test,7218,1.0,3,94062
20,fiqa,20,fp32_reranker_cpu,0.0,0.0,test,7221,0.0,3,140266
20,fiqa,20,fp32_reranker_cpu,0.0,0.0,test,7311,0.0,3,125355
20,fiqa,20,fp32_reranker_cpu,0.0,0.0,test,7329,0.0,3,391063
20,fiqa,20,fp32_reranker_cpu,0.5,0.6934264036172708,test,8296,1.0,3,432424
20,fiqa,20,fp32_reranker_cpu,1.0,0.46927872602275644,test,8456,0.3333333333333333,3,257853
20,fiqa,20,fp32_reranker_cpu,0.0,0.0,test,8513,0.0,3,572622
20,fiqa,20,fp32_reranker_cpu,0.2,0.23719771276929622,test,853,0.5,3,406789
20,fiqa,20,fp32_reranker_cpu,0.0,0.0,test,90,0.0,3,454537
20,fiqa,20,fp32_reranker_cpu,0.5,0.38685280723454163,test,928,0.5,3,465905
20,fiqa,20,fp32_reranker_cpu,0.0,0.0,test,9403,0.0,3,404493
20,fiqa,20,fp32_reranker_cpu,0.5,0.6934264036172708,test,9481,1.0,3,132760
20,fiqa,20,fp32_reranker_cpu,0.0,0.0,test,9824,0.0,3,336005
20,fiqa,20,dynamic_int8_reranker_cpu,0.0,0.0,test,10447,0.3333333333333333,3,500175
20,fiqa,20,dynamic_int8_reranker_cpu,0.0,0.0,test,15,0.0,3,224000
20,fiqa,20,dynamic_int8_reranker_cpu,1.0,0.30260241349881345,test,2579,0.16666666666666666,3,524471
20,fiqa,20,dynamic_int8_reranker_cpu,1.0,1.0,test,2880,1.0,3,533791
20,fiqa,20,dynamic_int8_reranker_cpu,1.0,0.4483039899025303,test,3503,0.2857142857142857,3,360621
20,fiqa,20,dynamic_int8_reranker_cpu,0.3333333333333333,0.3065735963827292,test,4084,0.5,3,262925
20,fiqa,20,dynamic_int8_reranker_cpu,0.0,0.0,test,4103,0.0,3,180958
20,fiqa,20,dynamic_int8_reranker_cpu,0.2,0.15101961822780524,test,4142,0.25,3,87580
20,fiqa,20,dynamic_int8_reranker_cpu,0.0,0.0,test,4465,0.3333333333333333,3,475896
20,fiqa,20,dynamic_int8_reranker_cpu,1.0,0.6131471927654584,test,588,0.5,3,203710
20,fiqa,20,dynamic_int8_reranker_cpu,0.16666666666666666,0.21840743681816419,test,622,0.5,3,243571
20,fiqa,20,dynamic_int8_reranker_cpu,0.3333333333333333,0.5,test,7218,1.0,3,94062
20,fiqa,20,dynamic_int8_reranker_cpu,0.0,0.0,test,7221,0.0,3,140266
20,fiqa,20,dynamic_int8_reranker_cpu,0.0,0.0,test,7311,0.0,3,125355
20,fiqa,20,dynamic_int8_reranker_cpu,0.0,0.0,test,7329,0.0,3,391063
20,fiqa,20,dynamic_int8_reranker_cpu,0.5,0.6934264036172708,test,8296,1.0,3,432424
20,fiqa,20,dynamic_int8_reranker_cpu,1.0,0.46927872602275644,test,8456,0.3333333333333333,3,257853
20,fiqa,20,dynamic_int8_reranker_cpu,0.0,0.0,test,8513,0.0,3,572622
20,fiqa,20,dynamic_int8_reranker_cpu,0.16666666666666666,0.21840743681816419,test,853,0.5,3,252843
20,fiqa,20,dynamic_int8_reranker_cpu,0.0,0.0,test,90,0.0,3,454537
20,fiqa,20,dynamic_int8_reranker_cpu,0.3333333333333333,0.3065735963827292,test,928,0.5,3,465905
20,fiqa,20,dynamic_int8_reranker_cpu,0.0,0.0,test,9403,0.0,3,404493
20,fiqa,20,dynamic_int8_reranker_cpu,0.5,0.6934264036172708,test,9481,1.0,3,132760
20,fiqa,20,dynamic_int8_reranker_cpu,0.0,0.0,test,9824,0.0,3,329582
20,fiqa,20,bm25_no_rerank,1.0,0.843537875344446,test,10596,0.8,4,164008
20,fiqa,20,bm25_no_rerank,0.0,0.0,test,10674,0.0,4,72860
20,fiqa,20,bm25_no_rerank,0.0,0.0,test,1391,0.0,4,267067
20,fiqa,20,bm25_no_rerank,0.1111111111111111,0.14126697285982898,test,1530,0.3333333333333333,4,356237
20,fiqa,20,bm25_no_rerank,0.0,0.0,test,2075,0.0,4,464810
20,fiqa,20,bm25_no_rerank,0.0,0.0,test,2318,0.0,4,78632
20,fiqa,20,bm25_no_rerank,1.0,0.42257499837058643,test,2348,0.26666666666666666,4,447619
20,fiqa,20,bm25_no_rerank,0.0,0.0,test,2903,0.0,4,305791
20,fiqa,20,bm25_no_rerank,1.0,0.5531464700081437,test,3148,0.4,4,584305
20,fiqa,20,bm25_no_rerank,0.0,0.0,test,3822,0.0,4,194730
20,fiqa,20,bm25_no_rerank,0.0,0.0,test,3932,0.0,4,337793
20,fiqa,20,bm25_no_rerank,1.0,0.6131471927654584,test,4116,0.5,4,109149
20,fiqa,20,bm25_no_rerank,0.0,0.0,test,4484,1.0,4,136040
20,fiqa,20,bm25_no_rerank,0.0,0.0,test,4500,0.5,4,264396
20,fiqa,20,bm25_no_rerank,0.3333333333333333,0.5,test,475,1.0,4,71338
20,fiqa,20,bm25_no_rerank,0.0,0.0,test,4846,0.0,4,3533
20,fiqa,20,bm25_no_rerank,0.0,0.0,test,504,0.0,4,77248
20,fiqa,20,bm25_no_rerank,0.0,0.0,test,570,0.0,4,79375
20,fiqa,20,bm25_no_rerank,1.0,0.9197207891481876,test,6219,1.0,4,146924
20,fiqa,20,bm25_no_rerank,0.0,0.0,test,6395,0.0,4,194730
20,fiqa,20,bm25_no_rerank,0.25,0.43067655807339306,test,7377,1.0,4,462984
20,fiqa,20,bm25_no_rerank,0.125,0.2893079283427616,test,7936,0.6666666666666666,4,281533
20,fiqa,20,bm25_no_rerank,0.0,0.0,test,8230,0.5,4,347521
20,fiqa,20,bm25_no_rerank,0.0,0.0,test,8513,0.0,4,321205
20,fiqa,20,fp32_reranker_cpu,1.0,0.8687949224876582,test,10596,0.8,4,208070
20,fiqa,20,fp32_reranker_cpu,0.0,0.0,test,10674,0.0,4,365331
20,fiqa,20,fp32_reranker_cpu,0.0,0.0,test,1391,0.0,4,267067
20,fiqa,20,fp32_reranker_cpu,1.0,0.46927872602275644,test,1530,0.3333333333333333,4,28764
20,fiqa,20,fp32_reranker_cpu,0.0,0.0,test,2075,0.0,4,519501
20,fiqa,20,fp32_reranker_cpu,0.0,0.0,test,2318,0.0,4,78632
20,fiqa,20,fp32_reranker_cpu,1.0,0.49118023727106,test,2348,0.26666666666666666,4,447619
20,fiqa,20,fp32_reranker_cpu,0.0,0.0,test,2903,0.0,4,586026
20,fiqa,20,fp32_reranker_cpu,1.0,0.5531464700081437,test,3148,0.4,4,172855
20,fiqa,20,fp32_reranker_cpu,0.0,0.0,test,3822,0.0,4,194730
20,fiqa,20,fp32_reranker_cpu,0.0,0.0,test,3932,0.0,4,503988
20,fiqa,20,fp32_reranker_cpu,1.0,0.6131471927654584,test,4116,0.5,4,109149
20,fiqa,20,fp32_reranker_cpu,0.3333333333333333,0.5,test,4484,1.0,4,481898
20,fiqa,20,fp32_reranker_cpu,0.0,0.0,test,4500,0.5,4,245168
20,fiqa,20,fp32_reranker_cpu,0.5,0.6309297535714575,test,475,1.0,4,431685
20,fiqa,20,fp32_reranker_cpu,0.0,0.0,test,4846,0.0,4,98096
20,fiqa,20,fp32_reranker_cpu,0.0,0.0,test,504,0.0,4,559718
20,fiqa,20,fp32_reranker_cpu,0.0,0.0,test,570,0.0,4,396968
20,fiqa,20,fp32_reranker_cpu,1.0,1.0,test,6219,1.0,4,48946
20,fiqa,20,fp32_reranker_cpu,0.0,0.0,test,6395,0.0,4,300139
20,fiqa,20,fp32_reranker_cpu,0.3333333333333333,0.5,test,7377,1.0,4,69771
20,fiqa,20,fp32_reranker_cpu,0.25,0.36926780146674987,test,7936,0.6666666666666666,4,5257
20,fiqa,20,fp32_reranker_cpu,0.1111111111111111,0.18457569677956817,test,8230,0.5,4,347521
20,fiqa,20,fp32_reranker_cpu,0.0,0.0,test,8513,0.0,4,572622
20,fiqa,20,dynamic_int8_reranker_cpu,1.0,0.8687949224876582,test,10596,0.8,4,208070
20,fiqa,20,dynamic_int8_reranker_cpu,0.0,0.0,test,10674,0.0,4,365331
20,fiqa,20,dynamic_int8_reranker_cpu,0.0,0.0,test,1391,0.0,4,267067
20,fiqa,20,dynamic_int8_reranker_cpu,1.0,0.46927872602275644,test,1530,0.3333333333333333,4,28764
20,fiqa,20,dynamic_int8_reranker_cpu,0.0,0.0,test,2075,0.0,4,519501
20,fiqa,20,dynamic_int8_reranker_cpu,0.0,0.0,test,2318,0.0,4,78632
20,fiqa,20,dynamic_int8_reranker_cpu,0.5,0.3436966913921454,test,2348,0.26666666666666666,4,151412
20,fiqa,20,dynamic_int8_reranker_cpu,0.0,0.0,test,2903,0.0,4,586026
20,fiqa,20,dynamic_int8_reranker_cpu,1.0,0.5531464700081437,test,3148,0.4,4,172855
20,fiqa,20,dynamic_int8_reranker_cpu,0.0,0.0,test,3822,0.0,4,79777
20,fiqa,20,dynamic_int8_reranker_cpu,0.0,0.0,test,3932,0.0,4,503988
20,fiqa,20,dynamic_int8_reranker_cpu,1.0,0.6131471927654584,test,4116,0.5,4,109149
20,fiqa,20,dynamic_int8_reranker_cpu,0.3333333333333333,0.5,test,4484,1.0,4,481898
20,fiqa,20,dynamic_int8_reranker_cpu,0.0,0.0,test,4500,0.5,4,245168
20,fiqa,20,dynamic_int8_reranker_cpu,0.5,0.6309297535714575,test,475,1.0,4,431685
20,fiqa,20,dynamic_int8_reranker_cpu,0.0,0.0,test,4846,0.0,4,98096
20,fiqa,20,dynamic_int8_reranker_cpu,0.0,0.0,test,504,0.0,4,559718
20,fiqa,20,dynamic_int8_reranker_cpu,0.0,0.0,test,570,0.0,4,396968
20,fiqa,20,dynamic_int8_reranker_cpu,1.0,1.0,test,6219,1.0,4,48946
20,fiqa,20,dynamic_int8_reranker_cpu,0.0,0.0,test,6395,0.0,4,467463
20,fiqa,20,dynamic_int8_reranker_cpu,0.3333333333333333,0.5,test,7377,1.0,4,69771
20,fiqa,20,dynamic_int8_reranker_cpu,0.25,0.34337431936037655,test,7936,0.6666666666666666,4,5257
20,fiqa,20,dynamic_int8_reranker_cpu,0.1,0.17723928678404774,test,8230,0.5,4,347521
20,fiqa,20,dynamic_int8_reranker_cpu,0.0,0.0,test,8513,0.0,4,572622
20,fiqa,20,bm25_no_rerank,0.125,0.1480409554829326,test,10447,0.3333333333333333,5,447482
20,fiqa,20,bm25_no_rerank,0.0,0.0,test,1074,0.0,5,544869
20,fiqa,20,bm25_no_rerank,1.0,1.0,test,1284,1.0,5,342411
20,fiqa,20,bm25_no_rerank,1.0,0.6131471927654584,test,2316,0.5,5,482343
20,fiqa,20,bm25_no_rerank,0.0,0.0,test,2398,0.0,5,168922
20,fiqa,20,bm25_no_rerank,0.0,0.0,test,2964,0.0,5,280177
20,fiqa,20,bm25_no_rerank,0.0,0.0,test,3006,0.0,5,34929
20,fiqa,20,bm25_no_rerank,0.0,0.0,test,3394,0.0,5,224765
20,fiqa,20,bm25_no_rerank,0.0,0.0,test,3830,1.0,5,13496
20,fiqa,20,bm25_no_rerank,0.0,0.0,test,4289,0.0,5,147551
20,fiqa,20,bm25_no_rerank,1.0,0.6366824387328317,test,4335,0.5,5,318583
20,fiqa,20,bm25_no_rerank,0.0,0.0,test,4415,0.0,5,90522
20,fiqa,20,bm25_no_rerank,0.0,0.0,test,4775,0.0,5,507151
20,fiqa,20,bm25_no_rerank,1.0,0.8503449055347546,test,5683,1.0,5,448690
20,fiqa,20,bm25_no_rerank,0.0,0.0,test,5903,0.0,5,372233
20,fiqa,20,bm25_no_rerank,0.0,0.0,test,6004,0.0,5,374797
20,fiqa,20,bm25_no_rerank,1.0,0.46927872602275644,test,6122,0.3333333333333333,5,496166
20,fiqa,20,bm25_no_rerank,1.0,0.8175295903539445,test,6479,1.0,5,404339
20,fiqa,20,bm25_no_rerank,0.0,0.0,test,7188,0.0,5,179093
20,fiqa,20,bm25_no_rerank,0.16666666666666666,0.3562071871080222,test,7218,1.0,5,266900
20,fiqa,20,bm25_no_rerank,0.5,0.2960819109658652,test,8079,0.6666666666666666,5,350607
20,fiqa,20,bm25_no_rerank,0.0,0.0,test,8378,0.0,5,584291
20,fiqa,20,bm25_no_rerank,0.0,0.0,test,8937,0.0,5,453582
20,fiqa,20,bm25_no_rerank,0.0,0.0,test,9771,0.0,5,273718
20,fiqa,20,fp32_reranker_cpu,0.0,0.0,test,10447,0.3333333333333333,5,500175
20,fiqa,20,fp32_reranker_cpu,0.0,0.0,test,1074,0.0,5,66607
20,fiqa,20,fp32_reranker_cpu,1.0,1.0,test,1284,1.0,5,342411
20,fiqa,20,fp32_reranker_cpu,1.0,0.6131471927654584,test,2316,0.5,5,482343
20,fiqa,20,fp32_reranker_cpu,0.0,0.0,test,2398,0.0,5,487094
20,fiqa,20,fp32_reranker_cpu,0.0,0.0,test,2964,0.0,5,280177
20,fiqa,20,fp32_reranker_cpu,0.0,0.0,test,3006,0.0,5,490382
20,fiqa,20,fp32_reranker_cpu,0.0,0.0,test,3394,0.0,5,127566
20,fiqa,20,fp32_reranker_cpu,0.5,0.6309297535714575,test,3830,1.0,5,13496
20,fiqa,20,fp32_reranker_cpu,0.0,0.0,test,4289,0.0,5,17469
20,fiqa,20,fp32_reranker_cpu,1.0,0.5585075862632192,test,4335,0.5,5,318583
20,fiqa,20,fp32_reranker_cpu,0.0,0.0,test,4415,0.0,5,117578
20,fiqa,20,fp32_reranker_cpu,0.0,0.0,test,4775,0.0,5,365651
20,fiqa,20,fp32_reranker_cpu,0.5,0.6934264036172708,test,5683,1.0,5,192686
20,fiqa,20,fp32_reranker_cpu,0.0,0.0,test,5903,0.0,5,408524
20,fiqa,20,fp32_reranker_cpu,0.0,0.0,test,6004,0.0,5,345410
20,fiqa,20,fp32_reranker_cpu,1.0,0.46927872602275644,test,6122,0.3333333333333333,5,496166
20,fiqa,20,fp32_reranker_cpu,1.0,1.0,test,6479,1.0,5,404339
20,fiqa,20,fp32_reranker_cpu,0.0,0.0,test,7188,0.0,5,60166
20,fiqa,20,fp32_reranker_cpu,0.3333333333333333,0.5,test,7218,1.0,5,94062
20,fiqa,20,fp32_reranker_cpu,1.0,0.617319681505689,test,8079,0.6666666666666666,5,95278
20,fiqa,20,fp32_reranker_cpu,0.0,0.0,test,8378,0.0,5,495568
20,fiqa,20,fp32_reranker_cpu,0.0,0.0,test,8937,0.0,5,271109
20,fiqa,20,fp32_reranker_cpu,0.0,0.0,test,9771,0.0,5,137898
20,fiqa,20,dynamic_int8_reranker_cpu,0.0,0.0,test,10447,0.3333333333333333,5,500175
20,fiqa,20,dynamic_int8_reranker_cpu,0.0,0.0,test,1074,0.0,5,66607
20,fiqa,20,dynamic_int8_reranker_cpu,1.0,1.0,test,1284,1.0,5,342411
20,fiqa,20,dynamic_int8_reranker_cpu,1.0,0.6131471927654584,test,2316,0.5,5,482343
20,fiqa,20,dynamic_int8_reranker_cpu,0.0,0.0,test,2398,0.0,5,487094
20,fiqa,20,dynamic_int8_reranker_cpu,0.0,0.0,test,2964,0.0,5,280177
20,fiqa,20,dynamic_int8_reranker_cpu,0.0,0.0,test,3006,0.0,5,490382
20,fiqa,20,dynamic_int8_reranker_cpu,0.0,0.0,test,3394,0.0,5,127566
20,fiqa,20,dynamic_int8_reranker_cpu,0.3333333333333333,0.5,test,3830,1.0,5,322838
20,fiqa,20,dynamic_int8_reranker_cpu,0.0,0.0,test,4289,0.0,5,17469
20,fiqa,20,dynamic_int8_reranker_cpu,1.0,0.5585075862632192,test,4335,0.5,5,318583
20,fiqa,20,dynamic_int8_reranker_cpu,0.0,0.0,test,4415,0.0,5,117578
20,fiqa,20,dynamic_int8_reranker_cpu,0.0,0.0,test,4775,0.0,5,365651
20,fiqa,20,dynamic_int8_reranker_cpu,0.5,0.6934264036172708,test,5683,1.0,5,192686
20,fiqa,20,dynamic_int8_reranker_cpu,0.0,0.0,test,5903,0.0,5,408524
20,fiqa,20,dynamic_int8_reranker_cpu,0.0,0.0,test,6004,0.0,5,345410
20,fiqa,20,dynamic_int8_reranker_cpu,1.0,0.46927872602275644,test,6122,0.3333333333333333,5,496166
20,fiqa,20,dynamic_int8_reranker_cpu,1.0,1.0,test,6479,1.0,5,404339
20,fiqa,20,dynamic_int8_reranker_cpu,0.0,0.0,test,7188,0.0,5,60166
20,fiqa,20,dynamic_int8_reranker_cpu,0.3333333333333333,0.5,test,7218,1.0,5,94062
20,fiqa,20,dynamic_int8_reranker_cpu,1.0,0.617319681505689,test,8079,0.6666666666666666,5,95278
20,fiqa,20,dynamic_int8_reranker_cpu,0.0,0.0,test,8378,0.0,5,495568
20,fiqa,20,dynamic_int8_reranker_cpu,0.0,0.0,test,8937,0.0,5,271109
20,fiqa,20,dynamic_int8_reranker_cpu,0.0,0.0,test,9771,0.0,5,137898
50,fiqa,50,bm25_no_rerank,1.0,0.3932591258696538,test,10109,0.2857142857142857,1,28314
50,fiqa,50,bm25_no_rerank,0.0,0.0,test,1074,0.0,1,544869
50,fiqa,50,bm25_no_rerank,0.0,0.0,test,10808,0.0,1,387722
50,fiqa,50,bm25_no_rerank,1.0,0.8270433092474515,test,1441,1.0,1,178
50,fiqa,50,bm25_no_rerank,0.0,0.0,test,2118,0.0,1,409562
50,fiqa,50,bm25_no_rerank,1.0,0.6131471927654584,test,2316,0.5,1,482343
50,fiqa,50,bm25_no_rerank,1.0,0.3932591258696538,test,2423,0.42857142857142855,1,529444
50,fiqa,50,bm25_no_rerank,0.1,0.13565197343244778,test,2590,0.3333333333333333,1,528880
50,fiqa,50,bm25_no_rerank,0.0,0.0,test,3771,0.0,1,490384
50,fiqa,50,bm25_no_rerank,0.0,0.0,test,4037,0.0,1,273071
50,fiqa,50,bm25_no_rerank,0.0,0.0,test,4415,0.0,1,90522
50,fiqa,50,bm25_no_rerank,0.0,0.0,test,4539,0.0,1,42475
50,fiqa,50,bm25_no_rerank,1.0,1.0,test,5155,1.0,1,462892
50,fiqa,50,bm25_no_rerank,1.0,0.5548010254700116,test,6002,0.9090909090909091,1,390642
50,fiqa,50,bm25_no_rerank,1.0,0.3932783996463063,test,6131,0.3333333333333333,1,326094
50,fiqa,50,bm25_no_rerank,0.0,0.0,test,6832,0.5,1,420587
50,fiqa,50,bm25_no_rerank,0.0,0.0,test,6907,1.0,1,546548
50,fiqa,50,bm25_no_rerank,0.3333333333333333,0.5,test,6985,1.0,1,548705
50,fiqa,50,bm25_no_rerank,0.0,0.0,test,7279,0.5,1,213373
50,fiqa,50,bm25_no_rerank,0.3333333333333333,0.5,test,7484,1.0,1,76285
50,fiqa,50,bm25_no_rerank,0.5,0.2960819109658652,test,7534,0.6666666666666666,1,426157
50,fiqa,50,bm25_no_rerank,0.0,0.0,test,885,0.0,1,143596
50,fiqa,50,bm25_no_rerank,0.0,0.0,test,9275,0.0,1,537916
50,fiqa,50,bm25_no_rerank,0.0,0.0,test,9548,1.0,1,211525
50,fiqa,50,fp32_reranker_cpu,1.0,0.4483039899025303,test,10109,0.2857142857142857,1,28314
50,fiqa,50,fp32_reranker_cpu,0.0,0.0,test,1074,0.0,1,423191
50,fiqa,50,fp32_reranker_cpu,0.0,0.0,test,10808,0.0,1,40227
50,fiqa,50,fp32_reranker_cpu,1.0,0.9267582364714126,test,1441,1.0,1,414940
50,fiqa,50,fp32_reranker_cpu,0.0,0.0,test,2118,0.0,1,304007
50,fiqa,50,fp32_reranker_cpu,1.0,0.6131471927654584,test,2316,0.5,1,482343
50,fiqa,50,fp32_reranker_cpu,1.0,0.3727892582642586,test,2423,0.42857142857142855,1,529444
50,fiqa,50,fp32_reranker_cpu,0.14285714285714285,0.15642624200758548,test,2590,0.3333333333333333,1,134972
50,fiqa,50,fp32_reranker_cpu,0.0,0.0,test,3771,0.0,1,490384
50,fiqa,50,fp32_reranker_cpu,0.0,0.0,test,4037,0.0,1,244555
50,fiqa,50,fp32_reranker_cpu,0.0,0.0,test,4415,0.0,1,117578
50,fiqa,50,fp32_reranker_cpu,0.0,0.0,test,4539,0.0,1,449745
50,fiqa,50,fp32_reranker_cpu,1.0,1.0,test,5155,1.0,1,462892
50,fiqa,50,fp32_reranker_cpu,1.0,0.7819835854675755,test,6002,0.9090909090909091,1,233472
50,fiqa,50,fp32_reranker_cpu,1.0,0.48471198902551854,test,6131,0.3333333333333333,1,326094
50,fiqa,50,fp32_reranker_cpu,0.16666666666666666,0.21840743681816419,test,6832,0.5,1,384251
50,fiqa,50,fp32_reranker_cpu,0.1,0.2890648263178879,test,6907,1.0,1,400738
50,fiqa,50,fp32_reranker_cpu,1.0,1.0,test,6985,1.0,1,456436
50,fiqa,50,fp32_reranker_cpu,0.3333333333333333,0.3080351663449861,test,7279,0.5,1,213373
50,fiqa,50,fp32_reranker_cpu,1.0,1.0,test,7484,1.0,1,444562
50,fiqa,50,fp32_reranker_cpu,1.0,0.46927872602275644,test,7534,0.6666666666666666,1,175821
50,fiqa,50,fp32_reranker_cpu,0.0,0.0,test,885,0.0,1,99449
50,fiqa,50,fp32_reranker_cpu,0.0,0.0,test,9275,0.0,1,23217
50,fiqa,50,fp32_reranker_cpu,0.0,0.0,test,9548,1.0,1,211525
50,fiqa,50,dynamic_int8_reranker_cpu,1.0,0.4483039899025303,test,10109,0.2857142857142857,1,28314
50,fiqa,50,dynamic_int8_reranker_cpu,0.0,0.0,test,1074,0.0,1,389516
50,fiqa,50,dynamic_int8_reranker_cpu,0.0,0.0,test,10808,0.0,1,40227
50,fiqa,50,dynamic_int8_reranker_cpu,1.0,0.9267582364714126,test,1441,1.0,1,414940
50,fiqa,50,dynamic_int8_reranker_cpu,0.0,0.0,test,2118,0.0,1,304007
50,fiqa,50,dynamic_int8_reranker_cpu,1.0,0.6131471927654584,test,2316,0.5,1,482343
50,fiqa,50,dynamic_int8_reranker_cpu,1.0,0.4555352795695787,test,2423,0.42857142857142855,1,529444
50,fiqa,50,dynamic_int8_reranker_cpu,0.1,0.13565197343244778,test,2590,0.3333333333333333,1,134972
50,fiqa,50,dynamic_int8_reranker_cpu,0.0,0.0,test,3771,0.0,1,490384
50,fiqa,50,dynamic_int8_reranker_cpu,0.0,0.0,test,4037,0.0,1,244555
50,fiqa,50,dynamic_int8_reranker_cpu,0.0,0.0,test,4415,0.0,1,117578
50,fiqa,50,dynamic_int8_reranker_cpu,0.0,0.0,test,4539,0.0,1,32744
50,fiqa,50,dynamic_int8_reranker_cpu,1.0,1.0,test,5155,1.0,1,462892
50,fiqa,50,dynamic_int8_reranker_cpu,1.0,0.7791714369672127,test,6002,0.9090909090909091,1,154181
50,fiqa,50,dynamic_int8_reranker_cpu,1.0,0.40853591842579556,test,6131,0.3333333333333333,1,326094
50,fiqa,50,dynamic_int8_reranker_cpu,0.16666666666666666,0.21840743681816419,test,6832,0.5,1,384251
50,fiqa,50,dynamic_int8_reranker_cpu,0.0,0.0,test,6907,1.0,1,400738
50,fiqa,50,dynamic_int8_reranker_cpu,1.0,1.0,test,6985,1.0,1,456436
50,fiqa,50,dynamic_int8_reranker_cpu,0.3333333333333333,0.312706129752478,test,7279,0.5,1,213373
50,fiqa,50,dynamic_int8_reranker_cpu,1.0,1.0,test,7484,1.0,1,444562
50,fiqa,50,dynamic_int8_reranker_cpu,1.0,0.46927872602275644,test,7534,0.6666666666666666,1,175821
50,fiqa,50,dynamic_int8_reranker_cpu,0.0,0.0,test,885,0.0,1,99449
50,fiqa,50,dynamic_int8_reranker_cpu,0.0,0.0,test,9275,0.0,1,23217
50,fiqa,50,dynamic_int8_reranker_cpu,0.0,0.0,test,9548,1.0,1,211525
50,fiqa,50,bm25_no_rerank,1.0,0.6105858728157117,test,10734,0.5,2,225718
50,fiqa,50,bm25_no_rerank,0.0,0.0,test,1085,0.0,2,242013
50,fiqa,50,bm25_no_rerank,0.2,0.38685280723454163,test,1310,1.0,2,101103
50,fiqa,50,bm25_no_rerank,1.0,1.0,test,1933,1.0,2,183612
50,fiqa,50,bm25_no_rerank,0.0,0.0,test,2076,0.0,2,328073
50,fiqa,50,bm25_no_rerank,0.14285714285714285,0.15642624200758548,test,2994,0.3333333333333333,2,403563
50,fiqa,50,bm25_no_rerank,0.3333333333333333,0.5,test,3103,1.0,2,229937
50,fiqa,50,bm25_no_rerank,1.0,0.46927872602275644,test,3791,0.6666666666666666,2,212222
50,fiqa,50,bm25_no_rerank,0.0,0.0,test,4394,0.0,2,322838
50,fiqa,50,bm25_no_rerank,0.0,0.0,test,4600,0.0,2,392885
50,fiqa,50,bm25_no_rerank,0.3333333333333333,0.5,test,5067,1.0,2,237760
50,fiqa,50,bm25_no_rerank,0.0,0.0,test,5710,1.0,2,581010
50,fiqa,50,bm25_no_rerank,1.0,0.3391602052736161,test,5782,0.4,2,172084
50,fiqa,50,bm25_no_rerank,0.0,0.0,test,5903,0.0,2,372233
50,fiqa,50,bm25_no_rerank,0.5,0.38685280723454163,test,6146,0.5,2,116243
50,fiqa,50,bm25_no_rerank,1.0,1.0,test,6807,1.0,2,332567
50,fiqa,50,bm25_no_rerank,0.3333333333333333,0.3065735963827292,test,6901,0.5,2,344065
50,fiqa,50,bm25_no_rerank,0.0,0.0,test,7188,1.0,2,179093
50,fiqa,50,bm25_no_rerank,0.0,0.0,test,7674,0.0,2,447886
50,fiqa,50,bm25_no_rerank,0.0,0.0,test,7758,1.0,2,351011
50,fiqa,50,bm25_no_rerank,1.0,0.46927872602275644,test,8456,0.3333333333333333,2,257853
50,fiqa,50,bm25_no_rerank,0.5,0.6309297535714575,test,904,1.0,2,460325
50,fiqa,50,bm25_no_rerank,0.5,0.6240505200038379,test,9481,1.0,2,132760
50,fiqa,50,bm25_no_rerank,0.0,0.0,test,9487,0.0,2,320472
50,fiqa,50,fp32_reranker_cpu,1.0,0.601312434202259,test,10734,0.5,2,225718
50,fiqa,50,fp32_reranker_cpu,0.0,0.0,test,1085,0.0,2,372039
50,fiqa,50,fp32_reranker_cpu,1.0,1.0,test,1310,1.0,2,535651
50,fiqa,50,fp32_reranker_cpu,1.0,1.0,test,1933,1.0,2,183612
50,fiqa,50,fp32_reranker_cpu,0.0,0.0,test,2076,0.0,2,541809
50,fiqa,50,fp32_reranker_cpu,0.25,0.20210734650054757,test,2994,0.3333333333333333,2,423625
50,fiqa,50,fp32_reranker_cpu,0.5,0.6309297535714575,test,3103,1.0,2,229937
50,fiqa,50,fp32_reranker_cpu,0.0,0.0,test,3791,0.6666666666666666,2,570466
50,fiqa,50,fp32_reranker_cpu,0.0,0.0,test,4394,0.0,2,305907
50,fiqa,50,fp32_reranker_cpu,0.0,0.0,test,4600,0.0,2,392885
50,fiqa,50,fp32_reranker_cpu,0.16666666666666666,0.3562071871080222,test,5067,1.0,2,237760
50,fiqa,50,fp32_reranker_cpu,0.0,0.0,test,5710,1.0,2,273071
50,fiqa,50,fp32_reranker_cpu,1.0,0.3391602052736161,test,5782,0.4,2,172084
50,fiqa,50,fp32_reranker_cpu,0.0,0.0,test,5903,0.0,2,408524
50,fiqa,50,fp32_reranker_cpu,1.0,0.6131471927654584,test,6146,0.5,2,160125
50,fiqa,50,fp32_reranker_cpu,1.0,1.0,test,6807,1.0,2,332567
50,fiqa,50,fp32_reranker_cpu,1.0,0.6131471927654584,test,6901,0.5,2,254474
50,fiqa,50,fp32_reranker_cpu,0.5,0.6309297535714575,test,7188,1.0,2,60166
50,fiqa,50,fp32_reranker_cpu,0.0,0.0,test,7674,0.0,2,514841
50,fiqa,50,fp32_reranker_cpu,1.0,1.0,test,7758,1.0,2,574327
50,fiqa,50,fp32_reranker_cpu,1.0,0.46927872602275644,test,8456,0.3333333333333333,2,257853
50,fiqa,50,fp32_reranker_cpu,1.0,1.0,test,904,1.0,2,415514
50,fiqa,50,fp32_reranker_cpu,0.5,0.6934264036172708,test,9481,1.0,2,132760
50,fiqa,50,fp32_reranker_cpu,0.0,0.0,test,9487,0.0,2,72846
50,fiqa,50,dynamic_int8_reranker_cpu,1.0,0.6238470455881188,test,10734,0.5,2,225718
50,fiqa,50,dynamic_int8_reranker_cpu,0.0,0.0,test,1085,0.0,2,372039
50,fiqa,50,dynamic_int8_reranker_cpu,1.0,1.0,test,1310,1.0,2,535651
50,fiqa,50,dynamic_int8_reranker_cpu,1.0,1.0,test,1933,1.0,2,183612
50,fiqa,50,dynamic_int8_reranker_cpu,0.0,0.0,test,2076,0.0,2,541809
50,fiqa,50,dynamic_int8_reranker_cpu,0.3333333333333333,0.23463936301137822,test,2994,0.3333333333333333,2,423625
50,fiqa,50,dynamic_int8_reranker_cpu,0.5,0.6309297535714575,test,3103,1.0,2,229937
50,fiqa,50,dynamic_int8_reranker_cpu,0.0,0.0,test,3791,0.6666666666666666,2,570466
50,fiqa,50,dynamic_int8_reranker_cpu,0.0,0.0,test,4394,0.0,2,322838
50,fiqa,50,dynamic_int8_reranker_cpu,0.0,0.0,test,4600,0.0,2,392885
50,fiqa,50,dynamic_int8_reranker_cpu,0.2,0.38685280723454163,test,5067,1.0,2,237760
50,fiqa,50,dynamic_int8_reranker_cpu,0.0,0.0,test,5710,1.0,2,273071
50,fiqa,50,dynamic_int8_reranker_cpu,1.0,0.3391602052736161,test,5782,0.4,2,172084
50,fiqa,50,dynamic_int8_reranker_cpu,0.0,0.0,test,5903,0.0,2,408524
50,fiqa,50,dynamic_int8_reranker_cpu,1.0,0.6131471927654584,test,6146,0.5,2,160125
50,fiqa,50,dynamic_int8_reranker_cpu,1.0,1.0,test,6807,1.0,2,332567
50,fiqa,50,dynamic_int8_reranker_cpu,0.25,0.2640681225725909,test,6901,0.5,2,213366
50,fiqa,50,dynamic_int8_reranker_cpu,0.3333333333333333,0.5,test,7188,1.0,2,60166
50,fiqa,50,dynamic_int8_reranker_cpu,0.0,0.0,test,7674,0.0,2,514841
50,fiqa,50,dynamic_int8_reranker_cpu,1.0,1.0,test,7758,1.0,2,574327
50,fiqa,50,dynamic_int8_reranker_cpu,1.0,0.46927872602275644,test,8456,0.3333333333333333,2,257853
50,fiqa,50,dynamic_int8_reranker_cpu,1.0,1.0,test,904,1.0,2,415514
50,fiqa,50,dynamic_int8_reranker_cpu,0.5,0.6934264036172708,test,9481,1.0,2,132760
50,fiqa,50,dynamic_int8_reranker_cpu,0.0,0.0,test,9487,0.0,2,72846
50,fiqa,50,bm25_no_rerank,0.125,0.1480409554829326,test,10447,0.3333333333333333,3,447482
50,fiqa,50,bm25_no_rerank,0.0,0.0,test,15,1.0,3,230003
50,fiqa,50,bm25_no_rerank,0.1111111111111111,0.09109240322345806,test,2579,0.16666666666666666,3,552290
50,fiqa,50,bm25_no_rerank,1.0,1.0,test,2880,1.0,3,533791
50,fiqa,50,bm25_no_rerank,1.0,0.27487633291429087,test,3503,0.42857142857142855,3,360621
50,fiqa,50,bm25_no_rerank,0.0,0.0,test,4084,0.5,3,53431
50,fiqa,50,bm25_no_rerank,0.0,0.0,test,4103,0.0,3,180958
50,fiqa,50,bm25_no_rerank,0.14285714285714285,0.13012668333070054,test,4142,1.0,3,87580
50,fiqa,50,bm25_no_rerank,0.0,0.0,test,4465,0.6666666666666666,3,475896
50,fiqa,50,bm25_no_rerank,1.0,0.6131471927654584,test,588,0.5,3,203710
50,fiqa,50,bm25_no_rerank,0.0,0.0,test,622,0.5,3,243571
50,fiqa,50,bm25_no_rerank,0.16666666666666666,0.3562071871080222,test,7218,1.0,3,266900
50,fiqa,50,bm25_no_rerank,0.0,0.0,test,7221,0.0,3,140266
50,fiqa,50,bm25_no_rerank,0.0,0.0,test,7311,0.0,3,125355
50,fiqa,50,bm25_no_rerank,0.0,0.0,test,7329,0.5,3,215596
50,fiqa,50,bm25_no_rerank,0.3333333333333333,0.4911492931622974,test,8296,1.0,3,432424
50,fiqa,50,bm25_no_rerank,1.0,0.46927872602275644,test,8456,0.3333333333333333,3,257853
50,fiqa,50,bm25_no_rerank,0.0,0.0,test,8513,0.0,3,321205
50,fiqa,50,bm25_no_rerank,0.16666666666666666,0.21840743681816419,test,853,0.5,3,252843
50,fiqa,50,bm25_no_rerank,0.0,0.0,test,90,0.0,3,154931
50,fiqa,50,bm25_no_rerank,0.125,0.19342640361727081,test,928,0.5,3,465905
50,fiqa,50,bm25_no_rerank,0.0,0.0,test,9403,0.0,3,105089
50,fiqa,50,bm25_no_rerank,0.5,0.6240505200038379,test,9481,1.0,3,132760
50,fiqa,50,bm25_no_rerank,0.0,0.0,test,9824,0.0,3,373170
50,fiqa,50,fp32_reranker_cpu,0.0,0.0,test,10447,0.3333333333333333,3,500175
50,fiqa,50,fp32_reranker_cpu,1.0,1.0,test,15,1.0,3,325273
50,fiqa,50,fp32_reranker_cpu,1.0,0.30260241349881345,test,2579,0.16666666666666666,3,524471
50,fiqa,50,fp32_reranker_cpu,1.0,1.0,test,2880,1.0,3,533791
50,fiqa,50,fp32_reranker_cpu,1.0,0.5666867828578932,test,3503,0.42857142857142855,3,297764
50,fiqa,50,fp32_reranker_cpu,0.5,0.38685280723454163,test,4084,0.5,3,262925
50,fiqa,50,fp32_reranker_cpu,0.0,0.0,test,4103,0.0,3,180958
50,fiqa,50,fp32_reranker_cpu,0.16666666666666666,0.2691828628414762,test,4142,1.0,3,87580
50,fiqa,50,fp32_reranker_cpu,0.0,0.0,test,4465,0.6666666666666666,3,375708
50,fiqa,50,fp32_reranker_cpu,1.0,0.6131471927654584,test,588,0.5,3,203710
50,fiqa,50,fp32_reranker_cpu,0.25,0.2640681225725909,test,622,0.5,3,243571
50,fiqa,50,fp32_reranker_cpu,0.3333333333333333,0.5,test,7218,1.0,3,94062
50,fiqa,50,fp32_reranker_cpu,0.0,0.0,test,7221,0.0,3,190619
50,fiqa,50,fp32_reranker_cpu,0.0,0.0,test,7311,0.0,3,125355
50,fiqa,50,fp32_reranker_cpu,0.25,0.2640681225725909,test,7329,0.5,3,391063
50,fiqa,50,fp32_reranker_cpu,0.5,0.6934264036172708,test,8296,1.0,3,432424
50,fiqa,50,fp32_reranker_cpu,1.0,0.46927872602275644,test,8456,0.3333333333333333,3,257853
50,fiqa,50,fp32_reranker_cpu,0.0,0.0,test,8513,0.0,3,572622
50,fiqa,50,fp32_reranker_cpu,0.125,0.19342640361727081,test,853,0.5,3,569645
50,fiqa,50,fp32_reranker_cpu,0.0,0.0,test,90,0.0,3,454537
50,fiqa,50,fp32_reranker_cpu,0.5,0.38685280723454163,test,928,0.5,3,465905
50,fiqa,50,fp32_reranker_cpu,0.0,0.0,test,9403,0.0,3,404493
50,fiqa,50,fp32_reranker_cpu,0.5,0.6934264036172708,test,9481,1.0,3,132760
50,fiqa,50,fp32_reranker_cpu,0.0,0.0,test,9824,0.0,3,570874
50,fiqa,50,dynamic_int8_reranker_cpu,0.0,0.0,test,10447,0.3333333333333333,3,500175
50,fiqa,50,dynamic_int8_reranker_cpu,1.0,1.0,test,15,1.0,3,325273
50,fiqa,50,dynamic_int8_reranker_cpu,1.0,0.30260241349881345,test,2579,0.16666666666666666,3,524471
50,fiqa,50,dynamic_int8_reranker_cpu,1.0,1.0,test,2880,1.0,3,533791
50,fiqa,50,dynamic_int8_reranker_cpu,1.0,0.5857421563596757,test,3503,0.42857142857142855,3,360621
50,fiqa,50,dynamic_int8_reranker_cpu,0.3333333333333333,0.3065735963827292,test,4084,0.5,3,262925
50,fiqa,50,dynamic_int8_reranker_cpu,0.0,0.0,test,4103,0.0,3,180958
50,fiqa,50,dynamic_int8_reranker_cpu,0.16666666666666666,0.25190132085971084,test,4142,1.0,3,87580
50,fiqa,50,dynamic_int8_reranker_cpu,0.0,0.0,test,4465,0.6666666666666666,3,475896
50,fiqa,50,dynamic_int8_reranker_cpu,1.0,0.6131471927654584,test,588,0.5,3,203710
50,fiqa,50,dynamic_int8_reranker_cpu,0.14285714285714285,0.20438239758848611,test,622,0.5,3,243571
50,fiqa,50,dynamic_int8_reranker_cpu,0.3333333333333333,0.5,test,7218,1.0,3,94062
50,fiqa,50,dynamic_int8_reranker_cpu,0.0,0.0,test,7221,0.0,3,190619
50,fiqa,50,dynamic_int8_reranker_cpu,0.0,0.0,test,7311,0.0,3,125355
50,fiqa,50,dynamic_int8_reranker_cpu,0.2,0.23719771276929622,test,7329,0.5,3,391063
50,fiqa,50,dynamic_int8_reranker_cpu,0.5,0.6934264036172708,test,8296,1.0,3,432424
50,fiqa,50,dynamic_int8_reranker_cpu,1.0,0.46927872602275644,test,8456,0.3333333333333333,3,257853
50,fiqa,50,dynamic_int8_reranker_cpu,0.0,0.0,test,8513,0.0,3,572622
50,fiqa,50,dynamic_int8_reranker_cpu,0.1111111111111111,0.18457569677956817,test,853,0.5,3,569645
50,fiqa,50,dynamic_int8_reranker_cpu,0.0,0.0,test,90,0.0,3,454537
50,fiqa,50,dynamic_int8_reranker_cpu,0.3333333333333333,0.3065735963827292,test,928,0.5,3,465905
50,fiqa,50,dynamic_int8_reranker_cpu,0.0,0.0,test,9403,0.0,3,404493
50,fiqa,50,dynamic_int8_reranker_cpu,0.5,0.6934264036172708,test,9481,1.0,3,132760
50,fiqa,50,dynamic_int8_reranker_cpu,0.0,0.0,test,9824,0.0,3,329582
50,fiqa,50,bm25_no_rerank,1.0,0.843537875344446,test,10596,1.0,4,164008
50,fiqa,50,bm25_no_rerank,0.0,0.0,test,10674,0.0,4,72860
50,fiqa,50,bm25_no_rerank,0.0,0.0,test,1391,0.0,4,267067
50,fiqa,50,bm25_no_rerank,0.1111111111111111,0.14126697285982898,test,1530,0.3333333333333333,4,356237
50,fiqa,50,bm25_no_rerank,0.0,0.0,test,2075,0.1111111111111111,4,464810
50,fiqa,50,bm25_no_rerank,0.0,0.0,test,2318,0.0,4,78632
50,fiqa,50,bm25_no_rerank,1.0,0.42257499837058643,test,2348,0.4,4,447619
50,fiqa,50,bm25_no_rerank,0.0,0.0,test,2903,0.0,4,305791
50,fiqa,50,bm25_no_rerank,1.0,0.5531464700081437,test,3148,0.4,4,584305
50,fiqa,50,bm25_no_rerank,0.0,0.0,test,3822,0.0,4,194730
50,fiqa,50,bm25_no_rerank,0.0,0.0,test,3932,0.5,4,337793
50,fiqa,50,bm25_no_rerank,1.0,0.6131471927654584,test,4116,0.5,4,109149
50,fiqa,50,bm25_no_rerank,0.0,0.0,test,4484,1.0,4,136040
50,fiqa,50,bm25_no_rerank,0.0,0.0,test,4500,0.5,4,264396
50,fiqa,50,bm25_no_rerank,0.3333333333333333,0.5,test,475,1.0,4,71338
50,fiqa,50,bm25_no_rerank,0.0,0.0,test,4846,0.0,4,3533
50,fiqa,50,bm25_no_rerank,0.0,0.0,test,504,0.0,4,77248
50,fiqa,50,bm25_no_rerank,0.0,0.0,test,570,0.0,4,79375
50,fiqa,50,bm25_no_rerank,1.0,0.9197207891481876,test,6219,1.0,4,146924
50,fiqa,50,bm25_no_rerank,0.0,0.0,test,6395,0.0,4,194730
50,fiqa,50,bm25_no_rerank,0.25,0.43067655807339306,test,7377,1.0,4,462984
50,fiqa,50,bm25_no_rerank,0.125,0.2893079283427616,test,7936,1.0,4,281533
50,fiqa,50,bm25_no_rerank,0.0,0.0,test,8230,0.5,4,347521
50,fiqa,50,bm25_no_rerank,0.0,0.0,test,8513,0.0,4,321205
50,fiqa,50,fp32_reranker_cpu,1.0,1.0,test,10596,1.0,4,208070
50,fiqa,50,fp32_reranker_cpu,0.0,0.0,test,10674,0.0,4,89460
50,fiqa,50,fp32_reranker_cpu,0.0,0.0,test,1391,0.0,4,267067
50,fiqa,50,fp32_reranker_cpu,1.0,0.46927872602275644,test,1530,0.3333333333333333,4,28764
50,fiqa,50,fp32_reranker_cpu,0.1111111111111111,0.07075576072108061,test,2075,0.1111111111111111,4,66829
50,fiqa,50,fp32_reranker_cpu,0.0,0.0,test,2318,0.0,4,78632
50,fiqa,50,fp32_reranker_cpu,1.0,0.5100691314582919,test,2348,0.4,4,447619
50,fiqa,50,fp32_reranker_cpu,0.0,0.0,test,2903,0.0,4,586026
50,fiqa,50,fp32_reranker_cpu,1.0,0.5531464700081437,test,3148,0.4,4,172855
50,fiqa,50,fp32_reranker_cpu,0.0,0.0,test,3822,0.0,4,292714
50,fiqa,50,fp32_reranker_cpu,0.5,0.38685280723454163,test,3932,0.5,4,35388
50,fiqa,50,fp32_reranker_cpu,1.0,0.6131471927654584,test,4116,0.5,4,109149
50,fiqa,50,fp32_reranker_cpu,0.3333333333333333,0.5,test,4484,1.0,4,481898
50,fiqa,50,fp32_reranker_cpu,0.0,0.0,test,4500,0.5,4,245168
50,fiqa,50,fp32_reranker_cpu,0.5,0.6309297535714575,test,475,1.0,4,431685
50,fiqa,50,fp32_reranker_cpu,0.0,0.0,test,4846,0.0,4,98096
50,fiqa,50,fp32_reranker_cpu,0.0,0.0,test,504,0.0,4,559718
50,fiqa,50,fp32_reranker_cpu,0.0,0.0,test,570,0.0,4,396968
50,fiqa,50,fp32_reranker_cpu,1.0,1.0,test,6219,1.0,4,48946
50,fiqa,50,fp32_reranker_cpu,0.0,0.0,test,6395,0.0,4,273142
50,fiqa,50,fp32_reranker_cpu,0.3333333333333333,0.5,test,7377,1.0,4,69771
50,fiqa,50,fp32_reranker_cpu,0.25,0.36926780146674987,test,7936,1.0,4,5257
50,fiqa,50,fp32_reranker_cpu,0.0,0.0,test,8230,0.5,4,347521
50,fiqa,50,fp32_reranker_cpu,0.0,0.0,test,8513,0.0,4,572622
50,fiqa,50,dynamic_int8_reranker_cpu,1.0,1.0,test,10596,1.0,4,208070
50,fiqa,50,dynamic_int8_reranker_cpu,0.0,0.0,test,10674,0.0,4,89460
50,fiqa,50,dynamic_int8_reranker_cpu,0.0,0.0,test,1391,0.0,4,267067
50,fiqa,50,dynamic_int8_reranker_cpu,1.0,0.46927872602275644,test,1530,0.3333333333333333,4,28764
50,fiqa,50,dynamic_int8_reranker_cpu,0.125,0.07414861528507455,test,2075,0.1111111111111111,4,66829
50,fiqa,50,dynamic_int8_reranker_cpu,0.0,0.0,test,2318,0.0,4,78632
50,fiqa,50,dynamic_int8_reranker_cpu,0.5,0.4288398090337664,test,2348,0.4,4,151412
50,fiqa,50,dynamic_int8_reranker_cpu,0.0,0.0,test,2903,0.0,4,586026
50,fiqa,50,dynamic_int8_reranker_cpu,1.0,0.5531464700081437,test,3148,0.4,4,172855
50,fiqa,50,dynamic_int8_reranker_cpu,0.0,0.0,test,3822,0.0,4,292714
50,fiqa,50,dynamic_int8_reranker_cpu,0.16666666666666666,0.21840743681816419,test,3932,0.5,4,35388
50,fiqa,50,dynamic_int8_reranker_cpu,1.0,0.6131471927654584,test,4116,0.5,4,109149
50,fiqa,50,dynamic_int8_reranker_cpu,0.3333333333333333,0.5,test,4484,1.0,4,481898
50,fiqa,50,dynamic_int8_reranker_cpu,0.0,0.0,test,4500,0.5,4,245168
50,fiqa,50,dynamic_int8_reranker_cpu,0.5,0.6309297535714575,test,475,1.0,4,431685
50,fiqa,50,dynamic_int8_reranker_cpu,0.0,0.0,test,4846,0.0,4,488338
50,fiqa,50,dynamic_int8_reranker_cpu,0.0,0.0,test,504,0.0,4,559718
50,fiqa,50,dynamic_int8_reranker_cpu,0.0,0.0,test,570,0.0,4,396968
50,fiqa,50,dynamic_int8_reranker_cpu,1.0,1.0,test,6219,1.0,4,48946
50,fiqa,50,dynamic_int8_reranker_cpu,0.0,0.0,test,6395,0.0,4,273142
50,fiqa,50,dynamic_int8_reranker_cpu,0.3333333333333333,0.5,test,7377,1.0,4,69771
50,fiqa,50,dynamic_int8_reranker_cpu,0.25,0.33775931993299535,test,7936,1.0,4,5257
50,fiqa,50,dynamic_int8_reranker_cpu,0.0,0.0,test,8230,0.5,4,347521
50,fiqa,50,dynamic_int8_reranker_cpu,0.0,0.0,test,8513,0.0,4,572622
50,fiqa,50,bm25_no_rerank,0.125,0.1480409554829326,test,10447,0.3333333333333333,5,447482
50,fiqa,50,bm25_no_rerank,0.0,0.0,test,1074,0.0,5,544869
50,fiqa,50,bm25_no_rerank,1.0,1.0,test,1284,1.0,5,342411
50,fiqa,50,bm25_no_rerank,1.0,0.6131471927654584,test,2316,0.5,5,482343
50,fiqa,50,bm25_no_rerank,0.0,0.0,test,2398,0.0,5,168922
50,fiqa,50,bm25_no_rerank,0.0,0.0,test,2964,0.5,5,280177
50,fiqa,50,bm25_no_rerank,0.0,0.0,test,3006,0.16666666666666666,5,34929
50,fiqa,50,bm25_no_rerank,0.0,0.0,test,3394,0.0,5,224765
50,fiqa,50,bm25_no_rerank,0.0,0.0,test,3830,1.0,5,13496
50,fiqa,50,bm25_no_rerank,0.0,0.0,test,4289,0.0,5,147551
50,fiqa,50,bm25_no_rerank,1.0,0.6366824387328317,test,4335,0.5,5,318583
50,fiqa,50,bm25_no_rerank,0.0,0.0,test,4415,0.0,5,90522
50,fiqa,50,bm25_no_rerank,0.0,0.0,test,4775,1.0,5,507151
50,fiqa,50,bm25_no_rerank,1.0,0.8503449055347546,test,5683,1.0,5,448690
50,fiqa,50,bm25_no_rerank,0.0,0.0,test,5903,0.0,5,372233
50,fiqa,50,bm25_no_rerank,0.0,0.0,test,6004,0.0,5,374797
50,fiqa,50,bm25_no_rerank,1.0,0.46927872602275644,test,6122,0.3333333333333333,5,496166
50,fiqa,50,bm25_no_rerank,1.0,0.8175295903539445,test,6479,1.0,5,404339
50,fiqa,50,bm25_no_rerank,0.0,0.0,test,7188,1.0,5,179093
50,fiqa,50,bm25_no_rerank,0.16666666666666666,0.3562071871080222,test,7218,1.0,5,266900
50,fiqa,50,bm25_no_rerank,0.5,0.2960819109658652,test,8079,0.6666666666666666,5,350607
50,fiqa,50,bm25_no_rerank,0.0,0.0,test,8378,0.3333333333333333,5,584291
50,fiqa,50,bm25_no_rerank,0.0,0.0,test,8937,0.0,5,453582
50,fiqa,50,bm25_no_rerank,0.0,0.0,test,9771,0.0,5,273718
50,fiqa,50,fp32_reranker_cpu,0.0,0.0,test,10447,0.3333333333333333,5,500175
50,fiqa,50,fp32_reranker_cpu,0.0,0.0,test,1074,0.0,5,423191
50,fiqa,50,fp32_reranker_cpu,1.0,1.0,test,1284,1.0,5,342411
50,fiqa,50,fp32_reranker_cpu,1.0,0.6131471927654584,test,2316,0.5,5,482343
50,fiqa,50,fp32_reranker_cpu,0.0,0.0,test,2398,0.0,5,44058
50,fiqa,50,fp32_reranker_cpu,0.0,0.0,test,2964,0.5,5,280177
50,fiqa,50,fp32_reranker_cpu,1.0,0.30260241349881345,test,3006,0.16666666666666666,5,127838
50,fiqa,50,fp32_reranker_cpu,0.0,0.0,test,3394,0.0,5,127566
50,fiqa,50,fp32_reranker_cpu,0.5,0.6309297535714575,test,3830,1.0,5,13496
50,fiqa,50,fp32_reranker_cpu,0.0,0.0,test,4289,0.0,5,17469
50,fiqa,50,fp32_reranker_cpu,1.0,0.5585075862632192,test,4335,0.5,5,318583
50,fiqa,50,fp32_reranker_cpu,0.0,0.0,test,4415,0.0,5,117578
50,fiqa,50,fp32_reranker_cpu,0.14285714285714285,0.3333333333333333,test,4775,1.0,5,365651
50,fiqa,50,fp32_reranker_cpu,0.5,0.6934264036172708,test,5683,1.0,5,192686
50,fiqa,50,fp32_reranker_cpu,0.0,0.0,test,5903,0.0,5,408524
50,fiqa,50,fp32_reranker_cpu,0.0,0.0,test,6004,0.0,5,345410
50,fiqa,50,fp32_reranker_cpu,1.0,0.46927872602275644,test,6122,0.3333333333333333,5,496166
50,fiqa,50,fp32_reranker_cpu,1.0,1.0,test,6479,1.0,5,404339
50,fiqa,50,fp32_reranker_cpu,0.5,0.6309297535714575,test,7188,1.0,5,60166
50,fiqa,50,fp32_reranker_cpu,0.3333333333333333,0.5,test,7218,1.0,5,94062
50,fiqa,50,fp32_reranker_cpu,1.0,0.6049306994552042,test,8079,0.6666666666666666,5,95278
50,fiqa,50,fp32_reranker_cpu,0.0,0.0,test,8378,0.3333333333333333,5,495568
50,fiqa,50,fp32_reranker_cpu,0.0,0.0,test,8937,0.0,5,271109
50,fiqa,50,fp32_reranker_cpu,0.0,0.0,test,9771,0.0,5,137898
50,fiqa,50,dynamic_int8_reranker_cpu,0.0,0.0,test,10447,0.3333333333333333,5,500175
50,fiqa,50,dynamic_int8_reranker_cpu,0.0,0.0,test,1074,0.0,5,389516
50,fiqa,50,dynamic_int8_reranker_cpu,1.0,1.0,test,1284,1.0,5,342411
50,fiqa,50,dynamic_int8_reranker_cpu,1.0,0.6131471927654584,test,2316,0.5,5,482343
50,fiqa,50,dynamic_int8_reranker_cpu,0.0,0.0,test,2398,0.0,5,44058
50,fiqa,50,dynamic_int8_reranker_cpu,0.0,0.0,test,2964,0.5,5,280177
50,fiqa,50,dynamic_int8_reranker_cpu,0.5,0.19092086617893467,test,3006,0.16666666666666666,5,490382
50,fiqa,50,dynamic_int8_reranker_cpu,0.0,0.0,test,3394,0.0,5,127566
50,fiqa,50,dynamic_int8_reranker_cpu,0.3333333333333333,0.5,test,3830,1.0,5,322838
50,fiqa,50,dynamic_int8_reranker_cpu,0.0,0.0,test,4289,0.0,5,17469
50,fiqa,50,dynamic_int8_reranker_cpu,1.0,0.5585075862632192,test,4335,0.5,5,318583
50,fiqa,50,dynamic_int8_reranker_cpu,0.0,0.0,test,4415,0.0,5,117578
50,fiqa,50,dynamic_int8_reranker_cpu,0.1111111111111111,0.3010299956639812,test,4775,1.0,5,365651
50,fiqa,50,dynamic_int8_reranker_cpu,0.5,0.6934264036172708,test,5683,1.0,5,192686
50,fiqa,50,dynamic_int8_reranker_cpu,0.0,0.0,test,5903,0.0,5,408524
50,fiqa,50,dynamic_int8_reranker_cpu,0.0,0.0,test,6004,0.0,5,345410
50,fiqa,50,dynamic_int8_reranker_cpu,1.0,0.46927872602275644,test,6122,0.3333333333333333,5,496166
50,fiqa,50,dynamic_int8_reranker_cpu,1.0,1.0,test,6479,1.0,5,404339
50,fiqa,50,dynamic_int8_reranker_cpu,0.3333333333333333,0.5,test,7188,1.0,5,60166
50,fiqa,50,dynamic_int8_reranker_cpu,0.3333333333333333,0.5,test,7218,1.0,5,94062
50,fiqa,50,dynamic_int8_reranker_cpu,1.0,0.6049306994552042,test,8079,0.6666666666666666,5,95278
50,fiqa,50,dynamic_int8_reranker_cpu,0.0,0.0,test,8378,0.3333333333333333,5,495568
50,fiqa,50,dynamic_int8_reranker_cpu,0.0,0.0,test,8937,0.0,5,271109
50,fiqa,50,dynamic_int8_reranker_cpu,0.0,0.0,test,9771,0.0,5,137898
100,fiqa,100,bm25_no_rerank,1.0,0.3932591258696538,test,10109,0.2857142857142857,1,28314
100,fiqa,100,bm25_no_rerank,0.0,0.0,test,1074,0.0,1,544869
100,fiqa,100,bm25_no_rerank,0.0,0.0,test,10808,0.3333333333333333,1,387722
100,fiqa,100,bm25_no_rerank,1.0,0.8270433092474515,test,1441,1.0,1,178
100,fiqa,100,bm25_no_rerank,0.0,0.0,test,2118,0.0,1,409562
100,fiqa,100,bm25_no_rerank,1.0,0.6131471927654584,test,2316,0.5,1,482343
100,fiqa,100,bm25_no_rerank,1.0,0.3932591258696538,test,2423,0.42857142857142855,1,529444
100,fiqa,100,bm25_no_rerank,0.1,0.13565197343244778,test,2590,0.3333333333333333,1,528880
100,fiqa,100,bm25_no_rerank,0.0,0.0,test,3771,0.0,1,490384
100,fiqa,100,bm25_no_rerank,0.0,0.0,test,4037,0.0,1,273071
100,fiqa,100,bm25_no_rerank,0.0,0.0,test,4415,0.25,1,90522
100,fiqa,100,bm25_no_rerank,0.0,0.0,test,4539,0.0,1,42475
100,fiqa,100,bm25_no_rerank,1.0,1.0,test,5155,1.0,1,462892
100,fiqa,100,bm25_no_rerank,1.0,0.5548010254700116,test,6002,1.0,1,390642
100,fiqa,100,bm25_no_rerank,1.0,0.3932783996463063,test,6131,0.4166666666666667,1,326094
100,fiqa,100,bm25_no_rerank,0.0,0.0,test,6832,1.0,1,420587
100,fiqa,100,bm25_no_rerank,0.0,0.0,test,6907,1.0,1,546548
100,fiqa,100,bm25_no_rerank,0.3333333333333333,0.5,test,6985,1.0,1,548705
100,fiqa,100,bm25_no_rerank,0.0,0.0,test,7279,0.5,1,213373
100,fiqa,100,bm25_no_rerank,0.3333333333333333,0.5,test,7484,1.0,1,76285
100,fiqa,100,bm25_no_rerank,0.5,0.2960819109658652,test,7534,0.6666666666666666,1,426157
100,fiqa,100,bm25_no_rerank,0.0,0.0,test,885,0.0,1,143596
100,fiqa,100,bm25_no_rerank,0.0,0.0,test,9275,0.0,1,537916
100,fiqa,100,bm25_no_rerank,0.0,0.0,test,9548,1.0,1,211525
100,fiqa,100,fp32_reranker_cpu,1.0,0.4483039899025303,test,10109,0.2857142857142857,1,28314
100,fiqa,100,fp32_reranker_cpu,0.0,0.0,test,1074,0.0,1,423191
100,fiqa,100,fp32_reranker_cpu,0.0,0.0,test,10808,0.3333333333333333,1,40227
100,fiqa,100,fp32_reranker_cpu,1.0,0.9267582364714126,test,1441,1.0,1,414940
100,fiqa,100,fp32_reranker_cpu,0.0,0.0,test,2118,0.0,1,304007
100,fiqa,100,fp32_reranker_cpu,1.0,0.6131471927654584,test,2316,0.5,1,482343
100,fiqa,100,fp32_reranker_cpu,1.0,0.36650177721905447,test,2423,0.42857142857142855,1,529444
100,fiqa,100,fp32_reranker_cpu,0.1,0.13565197343244778,test,2590,0.3333333333333333,1,134972
100,fiqa,100,fp32_reranker_cpu,0.0,0.0,test,3771,0.0,1,490384
100,fiqa,100,fp32_reranker_cpu,0.0,0.0,test,4037,0.0,1,244555
100,fiqa,100,fp32_reranker_cpu,0.0,0.0,test,4415,0.25,1,117578
100,fiqa,100,fp32_reranker_cpu,0.0,0.0,test,4539,0.0,1,449745
100,fiqa,100,fp32_reranker_cpu,1.0,1.0,test,5155,1.0,1,462892
100,fiqa,100,fp32_reranker_cpu,1.0,0.7819835854675755,test,6002,1.0,1,233472
100,fiqa,100,fp32_reranker_cpu,1.0,0.467122359745432,test,6131,0.4166666666666667,1,326094
100,fiqa,100,fp32_reranker_cpu,0.16666666666666666,0.21840743681816419,test,6832,1.0,1,384251
100,fiqa,100,fp32_reranker_cpu,0.0,0.0,test,6907,1.0,1,400738
100,fiqa,100,fp32_reranker_cpu,1.0,1.0,test,6985,1.0,1,456436
100,fiqa,100,fp32_reranker_cpu,0.3333333333333333,0.19519002499605084,test,7279,0.5,1,213373
100,fiqa,100,fp32_reranker_cpu,1.0,1.0,test,7484,1.0,1,444562
100,fiqa,100,fp32_reranker_cpu,1.0,0.46927872602275644,test,7534,0.6666666666666666,1,175821
100,fiqa,100,fp32_reranker_cpu,0.0,0.0,test,885,0.0,1,99449
100,fiqa,100,fp32_reranker_cpu,0.0,0.0,test,9275,0.0,1,23217
100,fiqa,100,fp32_reranker_cpu,0.0,0.0,test,9548,1.0,1,211525
100,fiqa,100,dynamic_int8_reranker_cpu,1.0,0.4483039899025303,test,10109,0.2857142857142857,1,28314
100,fiqa,100,dynamic_int8_reranker_cpu,0.0,0.0,test,1074,0.0,1,389516
100,fiqa,100,dynamic_int8_reranker_cpu,0.0,0.0,test,10808,0.3333333333333333,1,40227
100,fiqa,100,dynamic_int8_reranker_cpu,1.0,0.9267582364714126,test,1441,1.0,1,414940
100,fiqa,100,dynamic_int8_reranker_cpu,0.0,0.0,test,2118,0.0,1,304007
100,fiqa,100,dynamic_int8_reranker_cpu,1.0,0.6131471927654584,test,2316,0.5,1,482343
100,fiqa,100,dynamic_int8_reranker_cpu,1.0,0.36650177721905447,test,2423,0.42857142857142855,1,529444
100,fiqa,100,dynamic_int8_reranker_cpu,0.0,0.0,test,2590,0.3333333333333333,1,134972
100,fiqa,100,dynamic_int8_reranker_cpu,0.0,0.0,test,3771,0.0,1,490384
100,fiqa,100,dynamic_int8_reranker_cpu,0.0,0.0,test,4037,0.0,1,244555
100,fiqa,100,dynamic_int8_reranker_cpu,0.0,0.0,test,4415,0.25,1,117578
100,fiqa,100,dynamic_int8_reranker_cpu,0.0,0.0,test,4539,0.0,1,32744
100,fiqa,100,dynamic_int8_reranker_cpu,1.0,1.0,test,5155,1.0,1,462892
100,fiqa,100,dynamic_int8_reranker_cpu,1.0,0.7791714369672127,test,6002,1.0,1,154181
100,fiqa,100,dynamic_int8_reranker_cpu,1.0,0.40350157154648025,test,6131,0.4166666666666667,1,326094
100,fiqa,100,dynamic_int8_reranker_cpu,0.16666666666666666,0.21840743681816419,test,6832,1.0,1,384251
100,fiqa,100,dynamic_int8_reranker_cpu,0.0,0.0,test,6907,1.0,1,400738
100,fiqa,100,dynamic_int8_reranker_cpu,1.0,1.0,test,6985,1.0,1,456436
100,fiqa,100,dynamic_int8_reranker_cpu,0.3333333333333333,0.312706129752478,test,7279,0.5,1,213373
100,fiqa,100,dynamic_int8_reranker_cpu,1.0,1.0,test,7484,1.0,1,444562
100,fiqa,100,dynamic_int8_reranker_cpu,1.0,0.46927872602275644,test,7534,0.6666666666666666,1,175821
100,fiqa,100,dynamic_int8_reranker_cpu,0.0,0.0,test,885,0.0,1,99449
100,fiqa,100,dynamic_int8_reranker_cpu,0.0,0.0,test,9275,0.0,1,23217
100,fiqa,100,dynamic_int8_reranker_cpu,0.0,0.0,test,9548,1.0,1,211525
100,fiqa,100,bm25_no_rerank,1.0,0.6105858728157117,test,10734,0.5,2,225718
100,fiqa,100,bm25_no_rerank,0.0,0.0,test,1085,0.0,2,242013
100,fiqa,100,bm25_no_rerank,0.2,0.38685280723454163,test,1310,1.0,2,101103
100,fiqa,100,bm25_no_rerank,1.0,1.0,test,1933,1.0,2,183612
100,fiqa,100,bm25_no_rerank,0.0,0.0,test,2076,0.0,2,328073
100,fiqa,100,bm25_no_rerank,0.14285714285714285,0.15642624200758548,test,2994,0.3333333333333333,2,403563
100,fiqa,100,bm25_no_rerank,0.3333333333333333,0.5,test,3103,1.0,2,229937
100,fiqa,100,bm25_no_rerank,1.0,0.46927872602275644,test,3791,1.0,2,212222
100,fiqa,100,bm25_no_rerank,0.0,0.0,test,4394,0.0,2,322838
100,fiqa,100,bm25_no_rerank,0.0,0.0,test,4600,1.0,2,392885
100,fiqa,100,bm25_no_rerank,0.3333333333333333,0.5,test,5067,1.0,2,237760
100,fiqa,100,bm25_no_rerank,0.0,0.0,test,5710,1.0,2,581010
100,fiqa,100,bm25_no_rerank,1.0,0.3391602052736161,test,5782,0.6,2,172084
100,fiqa,100,bm25_no_rerank,0.0,0.0,test,5903,0.0,2,372233
100,fiqa,100,bm25_no_rerank,0.5,0.38685280723454163,test,6146,0.5,2,116243
100,fiqa,100,bm25_no_rerank,1.0,1.0,test,6807,1.0,2,332567
100,fiqa,100,bm25_no_rerank,0.3333333333333333,0.3065735963827292,test,6901,0.5,2,344065
100,fiqa,100,bm25_no_rerank,0.0,0.0,test,7188,1.0,2,179093
100,fiqa,100,bm25_no_rerank,0.0,0.0,test,7674,0.3333333333333333,2,447886
100,fiqa,100,bm25_no_rerank,0.0,0.0,test,7758,1.0,2,351011
100,fiqa,100,bm25_no_rerank,1.0,0.46927872602275644,test,8456,0.3333333333333333,2,257853
100,fiqa,100,bm25_no_rerank,0.5,0.6309297535714575,test,904,1.0,2,460325
100,fiqa,100,bm25_no_rerank,0.5,0.6240505200038379,test,9481,1.0,2,132760
100,fiqa,100,bm25_no_rerank,0.0,0.0,test,9487,0.0,2,320472
100,fiqa,100,fp32_reranker_cpu,1.0,0.601312434202259,test,10734,0.5,2,225718
100,fiqa,100,fp32_reranker_cpu,0.0,0.0,test,1085,0.0,2,372039
100,fiqa,100,fp32_reranker_cpu,1.0,1.0,test,1310,1.0,2,535651
100,fiqa,100,fp32_reranker_cpu,1.0,1.0,test,1933,1.0,2,183612
100,fiqa,100,fp32_reranker_cpu,0.0,0.0,test,2076,0.0,2,541809
100,fiqa,100,fp32_reranker_cpu,0.2,0.18154179253735267,test,2994,0.3333333333333333,2,423625
100,fiqa,100,fp32_reranker_cpu,0.5,0.6309297535714575,test,3103,1.0,2,229937
100,fiqa,100,fp32_reranker_cpu,0.14285714285714285,0.15642624200758548,test,3791,1.0,2,570466
100,fiqa,100,fp32_reranker_cpu,0.0,0.0,test,4394,0.0,2,93386
100,fiqa,100,fp32_reranker_cpu,0.5,0.6309297535714575,test,4600,1.0,2,392885
100,fiqa,100,fp32_reranker_cpu,0.16666666666666666,0.3562071871080222,test,5067,1.0,2,237760
100,fiqa,100,fp32_reranker_cpu,0.0,0.0,test,5710,1.0,2,227364
100,fiqa,100,fp32_reranker_cpu,1.0,0.3391602052736161,test,5782,0.6,2,172084
100,fiqa,100,fp32_reranker_cpu,0.0,0.0,test,5903,0.0,2,408524
100,fiqa,100,fp32_reranker_cpu,1.0,0.6131471927654584,test,6146,0.5,2,160125
100,fiqa,100,fp32_reranker_cpu,1.0,1.0,test,6807,1.0,2,332567
100,fiqa,100,fp32_reranker_cpu,1.0,0.6131471927654584,test,6901,0.5,2,254474
100,fiqa,100,fp32_reranker_cpu,0.3333333333333333,0.5,test,7188,1.0,2,388242
100,fiqa,100,fp32_reranker_cpu,0.0,0.0,test,7674,0.3333333333333333,2,514841
100,fiqa,100,fp32_reranker_cpu,1.0,1.0,test,7758,1.0,2,574327
100,fiqa,100,fp32_reranker_cpu,1.0,0.46927872602275644,test,8456,0.3333333333333333,2,257853
100,fiqa,100,fp32_reranker_cpu,1.0,1.0,test,904,1.0,2,415514
100,fiqa,100,fp32_reranker_cpu,0.5,0.6934264036172708,test,9481,1.0,2,132760
100,fiqa,100,fp32_reranker_cpu,0.0,0.0,test,9487,0.0,2,72846
100,fiqa,100,dynamic_int8_reranker_cpu,1.0,0.6238470455881188,test,10734,0.5,2,225718
100,fiqa,100,dynamic_int8_reranker_cpu,0.0,0.0,test,1085,0.0,2,372039
100,fiqa,100,dynamic_int8_reranker_cpu,1.0,1.0,test,1310,1.0,2,535651
100,fiqa,100,dynamic_int8_reranker_cpu,1.0,1.0,test,1933,1.0,2,183612
100,fiqa,100,dynamic_int8_reranker_cpu,0.0,0.0,test,2076,0.0,2,541809
100,fiqa,100,dynamic_int8_reranker_cpu,0.25,0.20210734650054757,test,2994,0.3333333333333333,2,423625
100,fiqa,100,dynamic_int8_reranker_cpu,0.5,0.6309297535714575,test,3103,1.0,2,229937
100,fiqa,100,dynamic_int8_reranker_cpu,0.125,0.1480409554829326,test,3791,1.0,2,570466
100,fiqa,100,dynamic_int8_reranker_cpu,0.0,0.0,test,4394,0.0,2,93386
100,fiqa,100,dynamic_int8_reranker_cpu,0.5,0.6309297535714575,test,4600,1.0,2,392885
100,fiqa,100,dynamic_int8_reranker_cpu,0.2,0.38685280723454163,test,5067,1.0,2,237760
100,fiqa,100,dynamic_int8_reranker_cpu,0.0,0.0,test,5710,1.0,2,227364
100,fiqa,100,dynamic_int8_reranker_cpu,1.0,0.3391602052736161,test,5782,0.6,2,172084
100,fiqa,100,dynamic_int8_reranker_cpu,0.0,0.0,test,5903,0.0,2,408524
100,fiqa,100,dynamic_int8_reranker_cpu,1.0,0.6131471927654584,test,6146,0.5,2,160125
100,fiqa,100,dynamic_int8_reranker_cpu,1.0,1.0,test,6807,1.0,2,332567
100,fiqa,100,dynamic_int8_reranker_cpu,0.2,0.23719771276929622,test,6901,0.5,2,213366
100,fiqa,100,dynamic_int8_reranker_cpu,0.2,0.38685280723454163,test,7188,1.0,2,60166
100,fiqa,100,dynamic_int8_reranker_cpu,0.0,0.0,test,7674,0.3333333333333333,2,514841
100,fiqa,100,dynamic_int8_reranker_cpu,1.0,1.0,test,7758,1.0,2,574327
100,fiqa,100,dynamic_int8_reranker_cpu,1.0,0.46927872602275644,test,8456,0.3333333333333333,2,257853
100,fiqa,100,dynamic_int8_reranker_cpu,1.0,1.0,test,904,1.0,2,415514
100,fiqa,100,dynamic_int8_reranker_cpu,0.5,0.6934264036172708,test,9481,1.0,2,132760
100,fiqa,100,dynamic_int8_reranker_cpu,0.0,0.0,test,9487,0.0,2,72846
100,fiqa,100,bm25_no_rerank,0.125,0.1480409554829326,test,10447,0.3333333333333333,3,447482
100,fiqa,100,bm25_no_rerank,0.0,0.0,test,15,1.0,3,230003
100,fiqa,100,bm25_no_rerank,0.1111111111111111,0.09109240322345806,test,2579,0.3333333333333333,3,552290
100,fiqa,100,bm25_no_rerank,1.0,1.0,test,2880,1.0,3,533791
100,fiqa,100,bm25_no_rerank,1.0,0.27487633291429087,test,3503,0.5714285714285714,3,360621
100,fiqa,100,bm25_no_rerank,0.0,0.0,test,4084,1.0,3,53431
100,fiqa,100,bm25_no_rerank,0.0,0.0,test,4103,0.0,3,180958
100,fiqa,100,bm25_no_rerank,0.14285714285714285,0.13012668333070054,test,4142,1.0,3,87580
100,fiqa,100,bm25_no_rerank,0.0,0.0,test,4465,0.6666666666666666,3,475896
100,fiqa,100,bm25_no_rerank,1.0,0.6131471927654584,test,588,0.5,3,203710
100,fiqa,100,bm25_no_rerank,0.0,0.0,test,622,0.5,3,243571
100,fiqa,100,bm25_no_rerank,0.16666666666666666,0.3562071871080222,test,7218,1.0,3,266900
100,fiqa,100,bm25_no_rerank,0.0,0.0,test,7221,0.0,3,140266
100,fiqa,100,bm25_no_rerank,0.0,0.0,test,7311,0.0,3,125355
100,fiqa,100,bm25_no_rerank,0.0,0.0,test,7329,0.5,3,215596
100,fiqa,100,bm25_no_rerank,0.3333333333333333,0.4911492931622974,test,8296,1.0,3,432424
100,fiqa,100,bm25_no_rerank,1.0,0.46927872602275644,test,8456,0.3333333333333333,3,257853
100,fiqa,100,bm25_no_rerank,0.0,0.0,test,8513,0.0,3,321205
100,fiqa,100,bm25_no_rerank,0.16666666666666666,0.21840743681816419,test,853,1.0,3,252843
100,fiqa,100,bm25_no_rerank,0.0,0.0,test,90,0.0,3,154931
100,fiqa,100,bm25_no_rerank,0.125,0.19342640361727081,test,928,1.0,3,465905
100,fiqa,100,bm25_no_rerank,0.0,0.0,test,9403,0.0,3,105089
100,fiqa,100,bm25_no_rerank,0.5,0.6240505200038379,test,9481,1.0,3,132760
100,fiqa,100,bm25_no_rerank,0.0,0.0,test,9824,0.0,3,373170
100,fiqa,100,fp32_reranker_cpu,0.0,0.0,test,10447,0.3333333333333333,3,259150
100,fiqa,100,fp32_reranker_cpu,1.0,1.0,test,15,1.0,3,325273
100,fiqa,100,fp32_reranker_cpu,1.0,0.30260241349881345,test,2579,0.3333333333333333,3,524471
100,fiqa,100,fp32_reranker_cpu,1.0,1.0,test,2880,1.0,3,533791
100,fiqa,100,fp32_reranker_cpu,1.0,0.5546406709327603,test,3503,0.5714285714285714,3,297764
100,fiqa,100,fp32_reranker_cpu,0.5,0.6509209298071326,test,4084,1.0,3,262925
100,fiqa,100,fp32_reranker_cpu,0.0,0.0,test,4103,0.0,3,180958
100,fiqa,100,fp32_reranker_cpu,0.14285714285714285,0.2532778777010656,test,4142,1.0,3,87580
100,fiqa,100,fp32_reranker_cpu,0.0,0.0,test,4465,0.6666666666666666,3,375708
100,fiqa,100,fp32_reranker_cpu,1.0,0.6131471927654584,test,588,0.5,3,203710
100,fiqa,100,fp32_reranker_cpu,0.2,0.23719771276929622,test,622,0.5,3,243571
100,fiqa,100,fp32_reranker_cpu,0.3333333333333333,0.5,test,7218,1.0,3,94062
100,fiqa,100,fp32_reranker_cpu,0.0,0.0,test,7221,0.0,3,190619
100,fiqa,100,fp32_reranker_cpu,0.0,0.0,test,7311,0.0,3,571001
100,fiqa,100,fp32_reranker_cpu,0.25,0.2640681225725909,test,7329,0.5,3,391063
100,fiqa,100,fp32_reranker_cpu,0.5,0.6934264036172708,test,8296,1.0,3,432424
100,fiqa,100,fp32_reranker_cpu,1.0,0.46927872602275644,test,8456,0.3333333333333333,3,257853
100,fiqa,100,fp32_reranker_cpu,0.0,0.0,test,8513,0.0,3,572622
100,fiqa,100,fp32_reranker_cpu,0.0,0.0,test,853,1.0,3,569645
100,fiqa,100,fp32_reranker_cpu,0.0,0.0,test,90,0.0,3,454537
100,fiqa,100,fp32_reranker_cpu,0.5,0.38685280723454163,test,928,1.0,3,465905
100,fiqa,100,fp32_reranker_cpu,0.0,0.0,test,9403,0.0,3,404493
100,fiqa,100,fp32_reranker_cpu,0.5,0.6934264036172708,test,9481,1.0,3,132760
100,fiqa,100,fp32_reranker_cpu,0.0,0.0,test,9824,0.0,3,522839
100,fiqa,100,dynamic_int8_reranker_cpu,0.0,0.0,test,10447,0.3333333333333333,3,259150
100,fiqa,100,dynamic_int8_reranker_cpu,1.0,1.0,test,15,1.0,3,325273
100,fiqa,100,dynamic_int8_reranker_cpu,1.0,0.30260241349881345,test,2579,0.3333333333333333,3,524471
100,fiqa,100,dynamic_int8_reranker_cpu,1.0,1.0,test,2880,1.0,3,533791
100,fiqa,100,dynamic_int8_reranker_cpu,1.0,0.5857421563596757,test,3503,0.5714285714285714,3,360621
100,fiqa,100,dynamic_int8_reranker_cpu,0.3333333333333333,0.5706417189553201,test,4084,1.0,3,262925
100,fiqa,100,dynamic_int8_reranker_cpu,0.0,0.0,test,4103,0.0,3,180958
100,fiqa,100,dynamic_int8_reranker_cpu,0.14285714285714285,0.13012668333070054,test,4142,1.0,3,87580
100,fiqa,100,dynamic_int8_reranker_cpu,0.0,0.0,test,4465,0.6666666666666666,3,475896
100,fiqa,100,dynamic_int8_reranker_cpu,1.0,0.6131471927654584,test,588,0.5,3,203710
100,fiqa,100,dynamic_int8_reranker_cpu,0.125,0.19342640361727081,test,622,0.5,3,243571
100,fiqa,100,dynamic_int8_reranker_cpu,0.3333333333333333,0.5,test,7218,1.0,3,94062
100,fiqa,100,dynamic_int8_reranker_cpu,0.0,0.0,test,7221,0.0,3,190619
100,fiqa,100,dynamic_int8_reranker_cpu,0.0,0.0,test,7311,0.0,3,125355
100,fiqa,100,dynamic_int8_reranker_cpu,0.2,0.23719771276929622,test,7329,0.5,3,391063
100,fiqa,100,dynamic_int8_reranker_cpu,0.5,0.6934264036172708,test,8296,1.0,3,432424
100,fiqa,100,dynamic_int8_reranker_cpu,1.0,0.46927872602275644,test,8456,0.3333333333333333,3,257853
100,fiqa,100,dynamic_int8_reranker_cpu,0.0,0.0,test,8513,0.0,3,572622
100,fiqa,100,dynamic_int8_reranker_cpu,0.0,0.0,test,853,1.0,3,569645
100,fiqa,100,dynamic_int8_reranker_cpu,0.0,0.0,test,90,0.0,3,454537
100,fiqa,100,dynamic_int8_reranker_cpu,0.3333333333333333,0.3065735963827292,test,928,1.0,3,465905
100,fiqa,100,dynamic_int8_reranker_cpu,0.0,0.0,test,9403,0.0,3,404493
100,fiqa,100,dynamic_int8_reranker_cpu,0.5,0.6934264036172708,test,9481,1.0,3,132760
100,fiqa,100,dynamic_int8_reranker_cpu,0.0,0.0,test,9824,0.0,3,522839
100,fiqa,100,bm25_no_rerank,1.0,0.843537875344446,test,10596,1.0,4,164008
100,fiqa,100,bm25_no_rerank,0.0,0.0,test,10674,0.0,4,72860
100,fiqa,100,bm25_no_rerank,0.0,0.0,test,1391,0.0,4,267067
100,fiqa,100,bm25_no_rerank,0.1111111111111111,0.14126697285982898,test,1530,0.3333333333333333,4,356237
100,fiqa,100,bm25_no_rerank,0.0,0.0,test,2075,0.1111111111111111,4,464810
100,fiqa,100,bm25_no_rerank,0.0,0.0,test,2318,1.0,4,78632
100,fiqa,100,bm25_no_rerank,1.0,0.42257499837058643,test,2348,0.4666666666666667,4,447619
100,fiqa,100,bm25_no_rerank,0.0,0.0,test,2903,0.0,4,305791
100,fiqa,100,bm25_no_rerank,1.0,0.5531464700081437,test,3148,0.4,4,584305
100,fiqa,100,bm25_no_rerank,0.0,0.0,test,3822,0.0,4,194730
100,fiqa,100,bm25_no_rerank,0.0,0.0,test,3932,0.5,4,337793
100,fiqa,100,bm25_no_rerank,1.0,0.6131471927654584,test,4116,0.5,4,109149
100,fiqa,100,bm25_no_rerank,0.0,0.0,test,4484,1.0,4,136040
100,fiqa,100,bm25_no_rerank,0.0,0.0,test,4500,1.0,4,264396
100,fiqa,100,bm25_no_rerank,0.3333333333333333,0.5,test,475,1.0,4,71338
100,fiqa,100,bm25_no_rerank,0.0,0.0,test,4846,0.0,4,3533
100,fiqa,100,bm25_no_rerank,0.0,0.0,test,504,0.0,4,77248
100,fiqa,100,bm25_no_rerank,0.0,0.0,test,570,0.0,4,79375
100,fiqa,100,bm25_no_rerank,1.0,0.9197207891481876,test,6219,1.0,4,146924
100,fiqa,100,bm25_no_rerank,0.0,0.0,test,6395,0.0,4,194730
100,fiqa,100,bm25_no_rerank,0.25,0.43067655807339306,test,7377,1.0,4,462984
100,fiqa,100,bm25_no_rerank,0.125,0.2893079283427616,test,7936,1.0,4,281533
100,fiqa,100,bm25_no_rerank,0.0,0.0,test,8230,0.5,4,347521
100,fiqa,100,bm25_no_rerank,0.0,0.0,test,8513,0.0,4,321205
100,fiqa,100,fp32_reranker_cpu,1.0,1.0,test,10596,1.0,4,208070
100,fiqa,100,fp32_reranker_cpu,0.0,0.0,test,10674,0.0,4,89460
100,fiqa,100,fp32_reranker_cpu,0.0,0.0,test,1391,0.0,4,267067
100,fiqa,100,fp32_reranker_cpu,0.5,0.2960819109658652,test,1530,0.3333333333333333,4,67904
100,fiqa,100,fp32_reranker_cpu,0.1,0.06794340091829075,test,2075,0.1111111111111111,4,66829
100,fiqa,100,fp32_reranker_cpu,0.14285714285714285,0.3333333333333333,test,2318,1.0,4,78632
100,fiqa,100,fp32_reranker_cpu,1.0,0.5834330535576521,test,2348,0.4666666666666667,4,447619
100,fiqa,100,fp32_reranker_cpu,0.0,0.0,test,2903,0.0,4,586026
100,fiqa,100,fp32_reranker_cpu,1.0,0.5531464700081437,test,3148,0.4,4,172855
100,fiqa,100,fp32_reranker_cpu,0.0,0.0,test,3822,0.0,4,174406
100,fiqa,100,fp32_reranker_cpu,0.5,0.38685280723454163,test,3932,0.5,4,35388
100,fiqa,100,fp32_reranker_cpu,1.0,0.6131471927654584,test,4116,0.5,4,109149
100,fiqa,100,fp32_reranker_cpu,0.3333333333333333,0.5,test,4484,1.0,4,481898
100,fiqa,100,fp32_reranker_cpu,0.0,0.0,test,4500,1.0,4,245168
100,fiqa,100,fp32_reranker_cpu,0.5,0.6309297535714575,test,475,1.0,4,431685
100,fiqa,100,fp32_reranker_cpu,0.0,0.0,test,4846,0.0,4,98096
100,fiqa,100,fp32_reranker_cpu,0.0,0.0,test,504,0.0,4,559718
100,fiqa,100,fp32_reranker_cpu,0.0,0.0,test,570,0.0,4,396968
100,fiqa,100,fp32_reranker_cpu,1.0,1.0,test,6219,1.0,4,48946
100,fiqa,100,fp32_reranker_cpu,0.0,0.0,test,6395,0.0,4,273142
100,fiqa,100,fp32_reranker_cpu,0.3333333333333333,0.5,test,7377,1.0,4,69771
100,fiqa,100,fp32_reranker_cpu,0.25,0.36926780146674987,test,7936,1.0,4,5257
100,fiqa,100,fp32_reranker_cpu,0.0,0.0,test,8230,0.5,4,347521
100,fiqa,100,fp32_reranker_cpu,0.0,0.0,test,8513,0.0,4,572622
100,fiqa,100,dynamic_int8_reranker_cpu,1.0,1.0,test,10596,1.0,4,208070
100,fiqa,100,dynamic_int8_reranker_cpu,0.0,0.0,test,10674,0.0,4,89460
100,fiqa,100,dynamic_int8_reranker_cpu,0.0,0.0,test,1391,0.0,4,267067
100,fiqa,100,dynamic_int8_reranker_cpu,0.5,0.2960819109658652,test,1530,0.3333333333333333,4,67904
100,fiqa,100,dynamic_int8_reranker_cpu,0.125,0.07414861528507455,test,2075,0.1111111111111111,4,66829
100,fiqa,100,dynamic_int8_reranker_cpu,0.125,0.31546487678572877,test,2318,1.0,4,78632
100,fiqa,100,dynamic_int8_reranker_cpu,0.5,0.5022037311331264,test,2348,0.4666666666666667,4,151412
100,fiqa,100,dynamic_int8_reranker_cpu,0.0,0.0,test,2903,0.0,4,586026
100,fiqa,100,dynamic_int8_reranker_cpu,1.0,0.5531464700081437,test,3148,0.4,4,172855
100,fiqa,100,dynamic_int8_reranker_cpu,0.0,0.0,test,3822,0.0,4,292714
100,fiqa,100,dynamic_int8_reranker_cpu,0.3333333333333333,0.3065735963827292,test,3932,0.5,4,35388
100,fiqa,100,dynamic_int8_reranker_cpu,1.0,0.6131471927654584,test,4116,0.5,4,109149
100,fiqa,100,dynamic_int8_reranker_cpu,0.3333333333333333,0.5,test,4484,1.0,4,481898
100,fiqa,100,dynamic_int8_reranker_cpu,0.0,0.0,test,4500,1.0,4,245168
100,fiqa,100,dynamic_int8_reranker_cpu,0.5,0.6309297535714575,test,475,1.0,4,431685
100,fiqa,100,dynamic_int8_reranker_cpu,0.0,0.0,test,4846,0.0,4,488338
100,fiqa,100,dynamic_int8_reranker_cpu,0.0,0.0,test,504,0.0,4,559718
100,fiqa,100,dynamic_int8_reranker_cpu,0.0,0.0,test,570,0.0,4,396968
100,fiqa,100,dynamic_int8_reranker_cpu,1.0,1.0,test,6219,1.0,4,48946
100,fiqa,100,dynamic_int8_reranker_cpu,0.0,0.0,test,6395,0.0,4,273142
100,fiqa,100,dynamic_int8_reranker_cpu,0.3333333333333333,0.5,test,7377,1.0,4,69771
100,fiqa,100,dynamic_int8_reranker_cpu,0.25,0.33775931993299535,test,7936,1.0,4,5257
100,fiqa,100,dynamic_int8_reranker_cpu,0.0,0.0,test,8230,0.5,4,347521
100,fiqa,100,dynamic_int8_reranker_cpu,0.0,0.0,test,8513,0.0,4,572622
100,fiqa,100,bm25_no_rerank,0.125,0.1480409554829326,test,10447,0.3333333333333333,5,447482
100,fiqa,100,bm25_no_rerank,0.0,0.0,test,1074,0.0,5,544869
100,fiqa,100,bm25_no_rerank,1.0,1.0,test,1284,1.0,5,342411
100,fiqa,100,bm25_no_rerank,1.0,0.6131471927654584,test,2316,0.5,5,482343
100,fiqa,100,bm25_no_rerank,0.0,0.0,test,2398,0.0,5,168922
100,fiqa,100,bm25_no_rerank,0.0,0.0,test,2964,0.5,5,280177
100,fiqa,100,bm25_no_rerank,0.0,0.0,test,3006,0.3333333333333333,5,34929
100,fiqa,100,bm25_no_rerank,0.0,0.0,test,3394,0.0,5,224765
100,fiqa,100,bm25_no_rerank,0.0,0.0,test,3830,1.0,5,13496
100,fiqa,100,bm25_no_rerank,0.0,0.0,test,4289,0.0,5,147551
100,fiqa,100,bm25_no_rerank,1.0,0.6366824387328317,test,4335,0.5,5,318583
100,fiqa,100,bm25_no_rerank,0.0,0.0,test,4415,0.25,5,90522
100,fiqa,100,bm25_no_rerank,0.0,0.0,test,4775,1.0,5,507151
100,fiqa,100,bm25_no_rerank,1.0,0.8503449055347546,test,5683,1.0,5,448690
100,fiqa,100,bm25_no_rerank,0.0,0.0,test,5903,0.0,5,372233
100,fiqa,100,bm25_no_rerank,0.0,0.0,test,6004,0.0,5,374797
100,fiqa,100,bm25_no_rerank,1.0,0.46927872602275644,test,6122,0.3333333333333333,5,496166
100,fiqa,100,bm25_no_rerank,1.0,0.8175295903539445,test,6479,1.0,5,404339
100,fiqa,100,bm25_no_rerank,0.0,0.0,test,7188,1.0,5,179093
100,fiqa,100,bm25_no_rerank,0.16666666666666666,0.3562071871080222,test,7218,1.0,5,266900
100,fiqa,100,bm25_no_rerank,0.5,0.2960819109658652,test,8079,0.6666666666666666,5,350607
100,fiqa,100,bm25_no_rerank,0.0,0.0,test,8378,0.6666666666666666,5,584291
100,fiqa,100,bm25_no_rerank,0.0,0.0,test,8937,0.0,5,453582
100,fiqa,100,bm25_no_rerank,0.0,0.0,test,9771,0.0,5,273718
100,fiqa,100,fp32_reranker_cpu,0.0,0.0,test,10447,0.3333333333333333,5,259150
100,fiqa,100,fp32_reranker_cpu,0.0,0.0,test,1074,0.0,5,423191
100,fiqa,100,fp32_reranker_cpu,1.0,1.0,test,1284,1.0,5,342411
100,fiqa,100,fp32_reranker_cpu,1.0,0.6131471927654584,test,2316,0.5,5,482343
100,fiqa,100,fp32_reranker_cpu,0.0,0.0,test,2398,0.0,5,44058
100,fiqa,100,fp32_reranker_cpu,0.0,0.0,test,2964,0.5,5,280177
100,fiqa,100,fp32_reranker_cpu,0.5,0.19092086617893467,test,3006,0.3333333333333333,5,593705
100,fiqa,100,fp32_reranker_cpu,0.0,0.0,test,3394,0.0,5,127566
100,fiqa,100,fp32_reranker_cpu,0.5,0.6309297535714575,test,3830,1.0,5,13496
100,fiqa,100,fp32_reranker_cpu,0.0,0.0,test,4289,0.0,5,17469
100,fiqa,100,fp32_reranker_cpu,1.0,0.5585075862632192,test,4335,0.5,5,318583
100,fiqa,100,fp32_reranker_cpu,0.0,0.0,test,4415,0.25,5,117578
100,fiqa,100,fp32_reranker_cpu,0.1111111111111111,0.3010299956639812,test,4775,1.0,5,365651
100,fiqa,100,fp32_reranker_cpu,0.5,0.6934264036172708,test,5683,1.0,5,192686
100,fiqa,100,fp32_reranker_cpu,0.0,0.0,test,5903,0.0,5,408524
100,fiqa,100,fp32_reranker_cpu,0.0,0.0,test,6004,0.0,5,345410
100,fiqa,100,fp32_reranker_cpu,1.0,0.46927872602275644,test,6122,0.3333333333333333,5,496166
100,fiqa,100,fp32_reranker_cpu,1.0,1.0,test,6479,1.0,5,404339
100,fiqa,100,fp32_reranker_cpu,0.3333333333333333,0.5,test,7188,1.0,5,388242
100,fiqa,100,fp32_reranker_cpu,0.3333333333333333,0.5,test,7218,1.0,5,94062
100,fiqa,100,fp32_reranker_cpu,1.0,0.6049306994552042,test,8079,0.6666666666666666,5,95278
100,fiqa,100,fp32_reranker_cpu,0.0,0.0,test,8378,0.6666666666666666,5,495568
100,fiqa,100,fp32_reranker_cpu,0.0,0.0,test,8937,0.0,5,271109
100,fiqa,100,fp32_reranker_cpu,0.0,0.0,test,9771,0.0,5,137898
100,fiqa,100,dynamic_int8_reranker_cpu,0.0,0.0,test,10447,0.3333333333333333,5,259150
100,fiqa,100,dynamic_int8_reranker_cpu,0.0,0.0,test,1074,0.0,5,389516
100,fiqa,100,dynamic_int8_reranker_cpu,1.0,1.0,test,1284,1.0,5,342411
100,fiqa,100,dynamic_int8_reranker_cpu,1.0,0.6131471927654584,test,2316,0.5,5,482343
100,fiqa,100,dynamic_int8_reranker_cpu,0.0,0.0,test,2398,0.0,5,44058
100,fiqa,100,dynamic_int8_reranker_cpu,0.0,0.0,test,2964,0.5,5,280177
100,fiqa,100,dynamic_int8_reranker_cpu,0.3333333333333333,0.15130120674940672,test,3006,0.3333333333333333,5,490382
100,fiqa,100,dynamic_int8_reranker_cpu,0.0,0.0,test,3394,0.0,5,127566
100,fiqa,100,dynamic_int8_reranker_cpu,0.3333333333333333,0.5,test,3830,1.0,5,322838
100,fiqa,100,dynamic_int8_reranker_cpu,0.0,0.0,test,4289,0.0,5,17469
100,fiqa,100,dynamic_int8_reranker_cpu,1.0,0.5585075862632192,test,4335,0.5,5,318583
100,fiqa,100,dynamic_int8_reranker_cpu,0.0,0.0,test,4415,0.25,5,117578
100,fiqa,100,dynamic_int8_reranker_cpu,0.1,0.2890648263178879,test,4775,1.0,5,365651
100,fiqa,100,dynamic_int8_reranker_cpu,0.5,0.6934264036172708,test,5683,1.0,5,192686
100,fiqa,100,dynamic_int8_reranker_cpu,0.0,0.0,test,5903,0.0,5,408524
100,fiqa,100,dynamic_int8_reranker_cpu,0.0,0.0,test,6004,0.0,5,345410
100,fiqa,100,dynamic_int8_reranker_cpu,1.0,0.46927872602275644,test,6122,0.3333333333333333,5,496166
100,fiqa,100,dynamic_int8_reranker_cpu,1.0,1.0,test,6479,1.0,5,404339
100,fiqa,100,dynamic_int8_reranker_cpu,0.2,0.38685280723454163,test,7188,1.0,5,60166
100,fiqa,100,dynamic_int8_reranker_cpu,0.3333333333333333,0.5,test,7218,1.0,5,94062
100,fiqa,100,dynamic_int8_reranker_cpu,1.0,0.46927872602275644,test,8079,0.6666666666666666,5,95278
100,fiqa,100,dynamic_int8_reranker_cpu,0.0,0.0,test,8378,0.6666666666666666,5,495568
100,fiqa,100,dynamic_int8_reranker_cpu,0.0,0.0,test,8937,0.0,5,271109
100,fiqa,100,dynamic_int8_reranker_cpu,0.0,0.0,test,9771,0.0,5,137898
20,arguana,20,bm25_no_rerank,0.5,0.6309297535714575,test,test-culture-ahrtsdlgra-pro02a,1.0,1,test-culture-ahrtsdlgra-pro02a
20,arguana,20,bm25_no_rerank,0.5,0.6309297535714575,test,test-culture-thbcsbptwhht-pro01a,1.0,1,test-culture-thbcsbptwhht-pro01a
20,arguana,20,bm25_no_rerank,0.0,0.0,test,test-digital-freedoms-piidfiphwu-pro03a,1.0,1,test-digital-freedoms-piidfiphwu-pro03a
20,arguana,20,bm25_no_rerank,0.2,0.38685280723454163,test,test-economy-egppphbcb-pro04a,1.0,1,test-economy-egppphbcb-pro04a
20,arguana,20,bm25_no_rerank,0.0,0.0,test,test-economy-epiasghbf-con01a,0.0,1,test-economy-epiasghbf-con01a
20,arguana,20,bm25_no_rerank,0.0,0.0,test,test-economy-thhghwhwift-con03a,1.0,1,test-economy-thhghwhwift-con03a
20,arguana,20,bm25_no_rerank,0.2,0.38685280723454163,test,test-education-pshhghwpba0-pro01a,1.0,1,test-education-pshhghwpba0-pro01a
20,arguana,20,bm25_no_rerank,0.2,0.38685280723454163,test,test-free-speech-debate-radhbsshr-con01a,1.0,1,test-free-speech-debate-radhbsshr-con01a
20,arguana,20,bm25_no_rerank,0.0,0.0,test,test-health-dhgsshbesbc-con03a,0.0,1,test-health-dhgsshbesbc-con03a
20,arguana,20,bm25_no_rerank,0.0,0.0,test,test-international-aahwstdrtfm-pro01a,1.0,1,test-international-aahwstdrtfm-pro01a
20,arguana,20,bm25_no_rerank,0.25,0.43067655807339306,test,test-international-aghwrem-con02a,1.0,1,test-international-aghwrem-con02a
20,arguana,20,bm25_no_rerank,0.5,0.6309297535714575,test,test-international-epvhwhranet-con01a,1.0,1,test-international-epvhwhranet-con01a
20,arguana,20,bm25_no_rerank,0.0,0.0,test,test-international-siacphbnt-pro03a,0.0,1,test-international-siacphbnt-pro03a
20,arguana,20,bm25_no_rerank,0.3333333333333333,0.5,test,test-law-cplglghwbhwd-con01a,1.0,1,test-law-cplglghwbhwd-con01a
20,arguana,20,bm25_no_rerank,0.5,0.6309297535714575,test,test-law-sdfclhrppph-pro02a,1.0,1,test-law-sdfclhrppph-pro02a
20,arguana,20,bm25_no_rerank,0.2,0.38685280723454163,test,test-law-tlcplghwfne-con01a,1.0,1,test-law-tlcplghwfne-con01a
20,arguana,20,bm25_no_rerank,0.5,0.6309297535714575,test,test-law-umtlilhotac-con03a,1.0,1,test-law-umtlilhotac-con03a
20,arguana,20,bm25_no_rerank,0.0,0.0,test,test-philosophy-npegiepp-con02a,1.0,1,test-philosophy-npegiepp-con02a
20,arguana,20,bm25_no_rerank,0.3333333333333333,0.5,test,test-philosophy-pppgshbsd-pro03a,1.0,1,test-philosophy-pppgshbsd-pro03a
20,arguana,20,bm25_no_rerank,0.125,0.31546487678572877,test,test-politics-cdfsaphgiap-pro02a,1.0,1,test-free-speech-debate-fsaphgiap-pro02a
20,arguana,20,bm25_no_rerank,0.25,0.43067655807339306,test,test-politics-oepdlhfcefp-pro04a,1.0,1,test-international-epdlhfcefp-pro04a
20,arguana,20,bm25_no_rerank,0.3333333333333333,0.5,test,test-politics-ypppgvhwmv-pro04a,1.0,1,test-politics-ypppgvhwmv-pro04a
20,arguana,20,bm25_no_rerank,0.0,0.0,test,test-religion-wcprrgrhbmi-pro01a,1.0,1,test-religion-wcprrgrhbmi-pro01a
20,arguana,20,bm25_no_rerank,0.0,0.0,test,test-society-epsihbdns-con01a,0.0,1,test-economy-epsihbdns-con01a
20,arguana,20,fp32_reranker_cpu,0.14285714285714285,0.3333333333333333,test,test-culture-ahrtsdlgra-pro02a,1.0,1,test-culture-ahrtsdlgra-pro02a
20,arguana,20,fp32_reranker_cpu,0.25,0.43067655807339306,test,test-culture-thbcsbptwhht-pro01a,1.0,1,test-culture-thbcsbptwhht-pro01a
20,arguana,20,fp32_reranker_cpu,0.16666666666666666,0.3562071871080222,test,test-digital-freedoms-piidfiphwu-pro03a,1.0,1,test-digital-freedoms-piidfiphwu-pro03a
20,arguana,20,fp32_reranker_cpu,0.5,0.6309297535714575,test,test-economy-egppphbcb-pro04a,1.0,1,test-economy-egppphbcb-pro04a
20,arguana,20,fp32_reranker_cpu,0.0,0.0,test,test-economy-epiasghbf-con01a,0.0,1,test-economy-epiasghbf-con01a
20,arguana,20,fp32_reranker_cpu,0.14285714285714285,0.3333333333333333,test,test-economy-thhghwhwift-con03a,1.0,1,test-economy-thhghwhwift-con03a
20,arguana,20,fp32_reranker_cpu,0.5,0.6309297535714575,test,test-education-pshhghwpba0-pro01a,1.0,1,test-education-pshhghwpba0-pro01a
20,arguana,20,fp32_reranker_cpu,0.25,0.43067655807339306,test,test-free-speech-debate-radhbsshr-con01a,1.0,1,test-free-speech-debate-radhbsshr-con01a
20,arguana,20,fp32_reranker_cpu,0.0,0.0,test,test-health-dhgsshbesbc-con03a,0.0,1,test-health-dhgsshbesbc-con03a
20,arguana,20,fp32_reranker_cpu,0.14285714285714285,0.3333333333333333,test,test-international-aahwstdrtfm-pro01a,1.0,1,test-international-aahwstdrtfm-pro01a
20,arguana,20,fp32_reranker_cpu,0.5,0.6309297535714575,test,test-international-aghwrem-con02a,1.0,1,test-international-aghwrem-con02a
20,arguana,20,fp32_reranker_cpu,0.5,0.6309297535714575,test,test-international-epvhwhranet-con01a,1.0,1,test-international-epvhwhranet-con01a
20,arguana,20,fp32_reranker_cpu,0.0,0.0,test,test-international-siacphbnt-pro03a,0.0,1,test-international-siacphbnt-pro03a
20,arguana,20,fp32_reranker_cpu,0.3333333333333333,0.5,test,test-law-cplglghwbhwd-con01a,1.0,1,test-law-cplglghwbhwd-con01a
20,arguana,20,fp32_reranker_cpu,0.5,0.6309297535714575,test,test-law-sdfclhrppph-pro02a,1.0,1,test-law-sdfclhrppph-pro02a
20,arguana,20,fp32_reranker_cpu,0.1,0.2890648263178879,test,test-law-tlcplghwfne-con01a,1.0,1,test-law-tlcplghwfne-con01a
20,arguana,20,fp32_reranker_cpu,0.5,0.6309297535714575,test,test-law-umtlilhotac-con03a,1.0,1,test-law-umtlilhotac-con03a
20,arguana,20,fp32_reranker_cpu,0.0,0.0,test,test-philosophy-npegiepp-con02a,1.0,1,test-philosophy-npegiepp-con02a
20,arguana,20,fp32_reranker_cpu,0.3333333333333333,0.5,test,test-philosophy-pppgshbsd-pro03a,1.0,1,test-philosophy-pppgshbsd-pro03a
20,arguana,20,fp32_reranker_cpu,0.25,0.43067655807339306,test,test-politics-cdfsaphgiap-pro02a,1.0,1,test-free-speech-debate-fsaphgiap-pro02a
20,arguana,20,fp32_reranker_cpu,0.1111111111111111,0.3010299956639812,test,test-politics-oepdlhfcefp-pro04a,1.0,1,test-international-epdlhfcefp-pro04a
20,arguana,20,fp32_reranker_cpu,0.5,0.6309297535714575,test,test-politics-ypppgvhwmv-pro04a,1.0,1,test-politics-ypppgvhwmv-pro04a
20,arguana,20,fp32_reranker_cpu,0.5,0.6309297535714575,test,test-religion-wcprrgrhbmi-pro01a,1.0,1,test-religion-wcprrgrhbmi-pro01a
20,arguana,20,fp32_reranker_cpu,0.0,0.0,test,test-society-epsihbdns-con01a,0.0,1,test-economy-epsihbdns-con01a
20,arguana,20,dynamic_int8_reranker_cpu,0.14285714285714285,0.3333333333333333,test,test-culture-ahrtsdlgra-pro02a,1.0,1,test-culture-ahrtsdlgra-pro02a
20,arguana,20,dynamic_int8_reranker_cpu,0.2,0.38685280723454163,test,test-culture-thbcsbptwhht-pro01a,1.0,1,test-culture-thbcsbptwhht-pro01a
20,arguana,20,dynamic_int8_reranker_cpu,0.16666666666666666,0.3562071871080222,test,test-digital-freedoms-piidfiphwu-pro03a,1.0,1,test-digital-freedoms-piidfiphwu-pro03a
20,arguana,20,dynamic_int8_reranker_cpu,0.5,0.6309297535714575,test,test-economy-egppphbcb-pro04a,1.0,1,test-economy-egppphbcb-pro04a
20,arguana,20,dynamic_int8_reranker_cpu,0.0,0.0,test,test-economy-epiasghbf-con01a,0.0,1,test-economy-epiasghbf-con01a
20,arguana,20,dynamic_int8_reranker_cpu,0.16666666666666666,0.3562071871080222,test,test-economy-thhghwhwift-con03a,1.0,1,test-economy-thhghwhwift-con03a
20,arguana,20,dynamic_int8_reranker_cpu,0.5,0.6309297535714575,test,test-education-pshhghwpba0-pro01a,1.0,1,test-education-pshhghwpba0-pro01a
20,arguana,20,dynamic_int8_reranker_cpu,0.3333333333333333,0.5,test,test-free-speech-debate-radhbsshr-con01a,1.0,1,test-free-speech-debate-radhbsshr-con01a
20,arguana,20,dynamic_int8_reranker_cpu,0.0,0.0,test,test-health-dhgsshbesbc-con03a,0.0,1,test-health-dhgsshbesbc-con03a
20,arguana,20,dynamic_int8_reranker_cpu,0.125,0.31546487678572877,test,test-international-aahwstdrtfm-pro01a,1.0,1,test-international-aahwstdrtfm-pro01a
20,arguana,20,dynamic_int8_reranker_cpu,0.5,0.6309297535714575,test,test-international-aghwrem-con02a,1.0,1,test-international-aghwrem-con02a
20,arguana,20,dynamic_int8_reranker_cpu,0.3333333333333333,0.5,test,test-international-epvhwhranet-con01a,1.0,1,test-international-epvhwhranet-con01a
20,arguana,20,dynamic_int8_reranker_cpu,0.0,0.0,test,test-international-siacphbnt-pro03a,0.0,1,test-international-siacphbnt-pro03a
20,arguana,20,dynamic_int8_reranker_cpu,0.3333333333333333,0.5,test,test-law-cplglghwbhwd-con01a,1.0,1,test-law-cplglghwbhwd-con01a
20,arguana,20,dynamic_int8_reranker_cpu,0.5,0.6309297535714575,test,test-law-sdfclhrppph-pro02a,1.0,1,test-law-sdfclhrppph-pro02a
20,arguana,20,dynamic_int8_reranker_cpu,0.1,0.2890648263178879,test,test-law-tlcplghwfne-con01a,1.0,1,test-law-tlcplghwfne-con01a
20,arguana,20,dynamic_int8_reranker_cpu,0.5,0.6309297535714575,test,test-law-umtlilhotac-con03a,1.0,1,test-law-umtlilhotac-con03a
20,arguana,20,dynamic_int8_reranker_cpu,0.0,0.0,test,test-philosophy-npegiepp-con02a,1.0,1,test-philosophy-npegiepp-con02a
20,arguana,20,dynamic_int8_reranker_cpu,0.3333333333333333,0.5,test,test-philosophy-pppgshbsd-pro03a,1.0,1,test-philosophy-pppgshbsd-pro03a
20,arguana,20,dynamic_int8_reranker_cpu,0.3333333333333333,0.5,test,test-politics-cdfsaphgiap-pro02a,1.0,1,test-free-speech-debate-fsaphgiap-pro02a
20,arguana,20,dynamic_int8_reranker_cpu,0.14285714285714285,0.3333333333333333,test,test-politics-oepdlhfcefp-pro04a,1.0,1,test-international-epdlhfcefp-pro04a
20,arguana,20,dynamic_int8_reranker_cpu,0.5,0.6309297535714575,test,test-politics-ypppgvhwmv-pro04a,1.0,1,test-politics-ypppgvhwmv-pro04a
20,arguana,20,dynamic_int8_reranker_cpu,0.3333333333333333,0.5,test,test-religion-wcprrgrhbmi-pro01a,1.0,1,test-religion-wcprrgrhbmi-pro01a
20,arguana,20,dynamic_int8_reranker_cpu,0.0,0.0,test,test-society-epsihbdns-con01a,0.0,1,test-economy-epsihbdns-con01a
20,arguana,20,bm25_no_rerank,0.3333333333333333,0.5,test,test-digital-freedoms-aihbiahr-pro01a,1.0,2,test-digital-freedoms-aihbiahr-pro01a
20,arguana,20,bm25_no_rerank,0.14285714285714285,0.3333333333333333,test,test-digital-freedoms-phwnaccpdt-pro01a,1.0,2,test-digital-freedoms-phwnaccpdt-pro01a
20,arguana,20,bm25_no_rerank,0.5,0.6309297535714575,test,test-economy-bhahwbsps-pro04a,1.0,2,test-economy-bhahwbsps-pro04a
20,arguana,20,bm25_no_rerank,0.0,0.0,test,test-economy-egppphbcb-con02a,0.0,2,test-economy-egppphbcb-con02a
20,arguana,20,bm25_no_rerank,0.5,0.6309297535714575,test,test-education-ughbuesbf-pro04a,1.0,2,test-education-ughbuesbf-pro04a
20,arguana,20,bm25_no_rerank,0.3333333333333333,0.5,test,test-environment-aiahwagit-con03a,1.0,2,test-environment-aiahwagit-con03a
20,arguana,20,bm25_no_rerank,0.25,0.43067655807339306,test,test-free-speech-debate-radhbsshr-pro02a,1.0,2,test-free-speech-debate-radhbsshr-pro02a
20,arguana,20,bm25_no_rerank,0.5,0.6309297535714575,test,test-health-ppelfhwbpba-pro01a,1.0,2,test-health-ppelfhwbpba-pro01a
20,arguana,20,bm25_no_rerank,0.5,0.6309297535714575,test,test-international-aghwrem-pro02a,1.0,2,test-international-aghwrem-pro02a
20,arguana,20,bm25_no_rerank,0.5,0.6309297535714575,test,test-international-emephsate-con03a,1.0,2,test-international-emephsate-con03a
20,arguana,20,bm25_no_rerank,0.3333333333333333,0.5,test,test-international-ipecfiepg-pro02a,1.0,2,test-international-ipecfiepg-pro02a
20,arguana,20,bm25_no_rerank,0.0,0.0,test,test-international-segiahbarr-pro02a,1.0,2,test-international-segiahbarr-pro02a
20,arguana,20,bm25_no_rerank,0.0,0.0,test,test-law-cplgpshwdp-con02a,0.0,2,test-law-cplgpshwdp-con02a
20,arguana,20,bm25_no_rerank,0.14285714285714285,0.3333333333333333,test,test-law-rmelhrilhbiw-pro04a,1.0,2,test-law-rmelhrilhbiw-pro04a
20,arguana,20,bm25_no_rerank,0.16666666666666666,0.3562071871080222,test,test-law-thgglcplgphw-pro03a,1.0,2,test-law-thgglcplgphw-pro03a
20,arguana,20,bm25_no_rerank,0.0,0.0,test,test-politics-cpecfiepg-con02a,1.0,2,test-international-ipecfiepg-con02a
20,arguana,20,bm25_no_rerank,0.0,0.0,test,test-politics-dhbanhrnw-con02a,0.0,2,test-politics-dhbanhrnw-con02a
20,arguana,20,bm25_no_rerank,0.5,0.6309297535714575,test,test-politics-gvhbhlsbr-con02a,1.0,2,test-politics-gvhbhlsbr-con02a
20,arguana,20,bm25_no_rerank,0.3333333333333333,0.5,test,test-politics-pgsimhwoia-con02a,1.0,2,test-politics-pgsimhwoia-con02a
20,arguana,20,bm25_no_rerank,0.5,0.6309297535714575,test,test-religion-msgfhwbamec-pro03a,1.0,2,test-religion-msgfhwbamec-pro03a
20,arguana,20,bm25_no_rerank,0.3333333333333333,0.5,test,test-religion-wcprrgrhbmi-con02a,1.0,2,test-religion-wcprrgrhbmi-con02a
20,arguana,20,bm25_no_rerank,0.5,0.6309297535714575,test,test-science-sghwbdgmo-pro02a,1.0,2,test-science-sghwbdgmo-pro02a
20,arguana,20,bm25_no_rerank,0.0,0.0,test,test-society-tsmihwurpp-con02a,0.0,2,test-society-tsmihwurpp-con02a
20,arguana,20,bm25_no_rerank,0.3333333333333333,0.5,test,test-sport-tshbmlbscac-pro01a,1.0,2,test-sport-tshbmlbscac-pro01a
20,arguana,20,fp32_reranker_cpu,0.3333333333333333,0.5,test,test-digital-freedoms-aihbiahr-pro01a,1.0,2,test-digital-freedoms-aihbiahr-pro01a
20,arguana,20,fp32_reranker_cpu,0.1111111111111111,0.3010299956639812,test,test-digital-freedoms-phwnaccpdt-pro01a,1.0,2,test-digital-freedoms-phwnaccpdt-pro01a
20,arguana,20,fp32_reranker_cpu,0.5,0.6309297535714575,test,test-economy-bhahwbsps-pro04a,1.0,2,test-economy-bhahwbsps-pro04a
20,arguana,20,fp32_reranker_cpu,0.0,0.0,test,test-economy-egppphbcb-con02a,0.0,2,test-economy-egppphbcb-con02a
20,arguana,20,fp32_reranker_cpu,0.25,0.43067655807339306,test,test-education-ughbuesbf-pro04a,1.0,2,test-education-ughbuesbf-pro04a
20,arguana,20,fp32_reranker_cpu,0.25,0.43067655807339306,test,test-environment-aiahwagit-con03a,1.0,2,test-environment-aiahwagit-con03a
20,arguana,20,fp32_reranker_cpu,0.1111111111111111,0.3010299956639812,test,test-free-speech-debate-radhbsshr-pro02a,1.0,2,test-free-speech-debate-radhbsshr-pro02a
20,arguana,20,fp32_reranker_cpu,0.2,0.38685280723454163,test,test-health-ppelfhwbpba-pro01a,1.0,2,test-health-ppelfhwbpba-pro01a
20,arguana,20,fp32_reranker_cpu,0.16666666666666666,0.3562071871080222,test,test-international-aghwrem-pro02a,1.0,2,test-international-aghwrem-pro02a
20,arguana,20,fp32_reranker_cpu,0.5,0.6309297535714575,test,test-international-emephsate-con03a,1.0,2,test-international-emephsate-con03a
20,arguana,20,fp32_reranker_cpu,0.0,0.0,test,test-international-ipecfiepg-pro02a,1.0,2,test-international-ipecfiepg-pro02a
20,arguana,20,fp32_reranker_cpu,0.5,0.6309297535714575,test,test-international-segiahbarr-pro02a,1.0,2,test-international-segiahbarr-pro02a
20,arguana,20,fp32_reranker_cpu,0.0,0.0,test,test-law-cplgpshwdp-con02a,0.0,2,test-law-cplgpshwdp-con02a
20,arguana,20,fp32_reranker_cpu,0.0,0.0,test,test-law-rmelhrilhbiw-pro04a,1.0,2,test-law-rmelhrilhbiw-pro04a
20,arguana,20,fp32_reranker_cpu,0.2,0.38685280723454163,test,test-law-thgglcplgphw-pro03a,1.0,2,test-law-thgglcplgphw-pro03a
20,arguana,20,fp32_reranker_cpu,0.0,0.0,test,test-politics-cpecfiepg-con02a,1.0,2,test-international-ipecfiepg-con02a
20,arguana,20,fp32_reranker_cpu,0.0,0.0,test,test-politics-dhbanhrnw-con02a,0.0,2,test-politics-dhbanhrnw-con02a
20,arguana,20,fp32_reranker_cpu,0.5,0.6309297535714575,test,test-politics-gvhbhlsbr-con02a,1.0,2,test-politics-gvhbhlsbr-con02a
20,arguana,20,fp32_reranker_cpu,0.25,0.43067655807339306,test,test-politics-pgsimhwoia-con02a,1.0,2,test-politics-pgsimhwoia-con02a
20,arguana,20,fp32_reranker_cpu,0.5,0.6309297535714575,test,test-religion-msgfhwbamec-pro03a,1.0,2,test-religion-msgfhwbamec-pro03a
20,arguana,20,fp32_reranker_cpu,0.3333333333333333,0.5,test,test-religion-wcprrgrhbmi-con02a,1.0,2,test-religion-wcprrgrhbmi-con02a
20,arguana,20,fp32_reranker_cpu,0.25,0.43067655807339306,test,test-science-sghwbdgmo-pro02a,1.0,2,test-science-sghwbdgmo-pro02a
20,arguana,20,fp32_reranker_cpu,0.0,0.0,test,test-society-tsmihwurpp-con02a,0.0,2,test-society-tsmihwurpp-con02a
20,arguana,20,fp32_reranker_cpu,0.5,0.6309297535714575,test,test-sport-tshbmlbscac-pro01a,1.0,2,test-sport-tshbmlbscac-pro01a
20,arguana,20,dynamic_int8_reranker_cpu,0.2,0.38685280723454163,test,test-digital-freedoms-aihbiahr-pro01a,1.0,2,test-digital-freedoms-aihbiahr-pro01a
20,arguana,20,dynamic_int8_reranker_cpu,0.125,0.31546487678572877,test,test-digital-freedoms-phwnaccpdt-pro01a,1.0,2,test-digital-freedoms-phwnaccpdt-pro01a
20,arguana,20,dynamic_int8_reranker_cpu,0.5,0.6309297535714575,test,test-economy-bhahwbsps-pro04a,1.0,2,test-economy-bhahwbsps-pro04a
20,arguana,20,dynamic_int8_reranker_cpu,0.0,0.0,test,test-economy-egppphbcb-con02a,0.0,2,test-economy-egppphbcb-con02a
20,arguana,20,dynamic_int8_reranker_cpu,0.3333333333333333,0.5,test,test-education-ughbuesbf-pro04a,1.0,2,test-education-ughbuesbf-pro04a
20,arguana,20,dynamic_int8_reranker_cpu,0.25,0.43067655807339306,test,test-environment-aiahwagit-con03a,1.0,2,test-environment-aiahwagit-con03a
20,arguana,20,dynamic_int8_reranker_cpu,0.1111111111111111,0.3010299956639812,test,test-free-speech-debate-radhbsshr-pro02a,1.0,2,test-free-speech-debate-radhbsshr-pro02a
20,arguana,20,dynamic_int8_reranker_cpu,0.2,0.38685280723454163,test,test-health-ppelfhwbpba-pro01a,1.0,2,test-health-ppelfhwbpba-pro01a
20,arguana,20,dynamic_int8_reranker_cpu,0.125,0.31546487678572877,test,test-international-aghwrem-pro02a,1.0,2,test-international-aghwrem-pro02a
20,arguana,20,dynamic_int8_reranker_cpu,0.5,0.6309297535714575,test,test-international-emephsate-con03a,1.0,2,test-international-emephsate-con03a
20,arguana,20,dynamic_int8_reranker_cpu,0.0,0.0,test,test-international-ipecfiepg-pro02a,1.0,2,test-international-ipecfiepg-pro02a
20,arguana,20,dynamic_int8_reranker_cpu,0.3333333333333333,0.5,test,test-international-segiahbarr-pro02a,1.0,2,test-international-segiahbarr-pro02a
20,arguana,20,dynamic_int8_reranker_cpu,0.0,0.0,test,test-law-cplgpshwdp-con02a,0.0,2,test-law-cplgpshwdp-con02a
20,arguana,20,dynamic_int8_reranker_cpu,0.1,0.2890648263178879,test,test-law-rmelhrilhbiw-pro04a,1.0,2,test-law-rmelhrilhbiw-pro04a
20,arguana,20,dynamic_int8_reranker_cpu,0.16666666666666666,0.3562071871080222,test,test-law-thgglcplgphw-pro03a,1.0,2,test-law-thgglcplgphw-pro03a
20,arguana,20,dynamic_int8_reranker_cpu,0.0,0.0,test,test-politics-cpecfiepg-con02a,1.0,2,test-international-ipecfiepg-con02a
20,arguana,20,dynamic_int8_reranker_cpu,0.0,0.0,test,test-politics-dhbanhrnw-con02a,0.0,2,test-politics-dhbanhrnw-con02a
20,arguana,20,dynamic_int8_reranker_cpu,0.5,0.6309297535714575,test,test-politics-gvhbhlsbr-con02a,1.0,2,test-politics-gvhbhlsbr-con02a
20,arguana,20,dynamic_int8_reranker_cpu,0.25,0.43067655807339306,test,test-politics-pgsimhwoia-con02a,1.0,2,test-politics-pgsimhwoia-con02a
20,arguana,20,dynamic_int8_reranker_cpu,0.5,0.6309297535714575,test,test-religion-msgfhwbamec-pro03a,1.0,2,test-religion-msgfhwbamec-pro03a
20,arguana,20,dynamic_int8_reranker_cpu,0.3333333333333333,0.5,test,test-religion-wcprrgrhbmi-con02a,1.0,2,test-religion-wcprrgrhbmi-con02a
20,arguana,20,dynamic_int8_reranker_cpu,0.25,0.43067655807339306,test,test-science-sghwbdgmo-pro02a,1.0,2,test-science-sghwbdgmo-pro02a
20,arguana,20,dynamic_int8_reranker_cpu,0.0,0.0,test,test-society-tsmihwurpp-con02a,0.0,2,test-society-tsmihwurpp-con02a
20,arguana,20,dynamic_int8_reranker_cpu,0.5,0.6309297535714575,test,test-sport-tshbmlbscac-pro01a,1.0,2,test-sport-tshbmlbscac-pro01a
20,arguana,20,bm25_no_rerank,0.5,0.6309297535714575,test,test-culture-mmciahbans-pro01a,1.0,3,test-culture-mmciahbans-pro01a
20,arguana,20,bm25_no_rerank,0.0,0.0,test,test-economy-beghwbh-pro01a,0.0,3,test-economy-beghwbh-pro01a
20,arguana,20,bm25_no_rerank,0.3333333333333333,0.5,test,test-education-egtuscpih-pro02a,1.0,3,test-education-egtuscpih-pro02a
20,arguana,20,bm25_no_rerank,0.5,0.6309297535714575,test,test-education-udfakusma-pro03a,1.0,3,test-education-udfakusma-pro03a
20,arguana,20,bm25_no_rerank,0.5,0.6309297535714575,test,test-free-speech-debate-fsaphgiap-con04a,1.0,3,test-free-speech-debate-fsaphgiap-con04a
20,arguana,20,bm25_no_rerank,0.0,0.0,test,test-health-dhiacihwph-pro04a,0.0,3,test-health-dhiacihwph-pro04a
20,arguana,20,bm25_no_rerank,0.5,0.6309297535714575,test,test-health-hdond-con01a,1.0,3,test-health-hdond-con01a
20,arguana,20,bm25_no_rerank,0.5,0.6309297535714575,test,test-international-aegmeppghw-pro01a,1.0,3,test-international-aegmeppghw-pro01a
20,arguana,20,bm25_no_rerank,0.0,0.0,test,test-international-segiahbarr-con02a,0.0,3,test-international-segiahbarr-con02a
20,arguana,20,bm25_no_rerank,0.125,0.31546487678572877,test,test-law-cppshbcjsfm-con01a,1.0,3,test-law-cppshbcjsfm-con01a
20,arguana,20,bm25_no_rerank,0.5,0.6309297535714575,test,test-philosophy-ippelhbcp-con02a,1.0,3,test-philosophy-ippelhbcp-con02a
20,arguana,20,bm25_no_rerank,0.0,0.0,test,test-philosophy-ippelhbcp-pro01a,0.0,3,test-philosophy-ippelhbcp-pro01a
20,arguana,20,bm25_no_rerank,0.14285714285714285,0.3333333333333333,test,test-philosophy-npegiepp-pro01a,1.0,3,test-philosophy-npegiepp-pro01a
20,arguana,20,bm25_no_rerank,0.3333333333333333,0.5,test,test-philosophy-npppmhwup-con01a,1.0,3,test-philosophy-npppmhwup-con01a
20,arguana,20,bm25_no_rerank,0.0,0.0,test,test-politics-grcrgshwbr-con04a,1.0,3,test-politics-grcrgshwbr-con04a
20,arguana,20,bm25_no_rerank,0.5,0.6309297535714575,test,test-politics-gvhbhlsbr-con02a,1.0,3,test-politics-gvhbhlsbr-con02a
20,arguana,20,bm25_no_rerank,0.5,0.6309297535714575,test,test-politics-gvhwhnerse-pro01a,1.0,3,test-politics-gvhwhnerse-pro01a
20,arguana,20,bm25_no_rerank,0.5,0.6309297535714575,test,test-politics-gvhwhnerse-pro04a,1.0,3,test-politics-gvhwhnerse-pro04a
20,arguana,20,bm25_no_rerank,0.5,0.6309297535714575,test,test-politics-pgsimhwoia-con01a,1.0,3,test-politics-pgsimhwoia-con01a
20,arguana,20,bm25_no_rerank,0.0,0.0,test,test-religion-cmrsgfhbr-con02a,1.0,3,test-religion-cmrsgfhbr-con02a
20,arguana,20,bm25_no_rerank,0.3333333333333333,0.5,test,test-religion-msgfhwbamec-con02a,1.0,3,test-religion-msgfhwbamec-con02a
20,arguana,20,bm25_no_rerank,0.5,0.6309297535714575,test,test-religion-msgfhwbamec-pro03a,1.0,3,test-religion-msgfhwbamec-pro03a
20,arguana,20,bm25_no_rerank,0.0,0.0,test,test-science-dssghsdmd-pro01a,1.0,3,test-science-dssghsdmd-pro01a
20,arguana,20,bm25_no_rerank,0.3333333333333333,0.5,test,test-science-sghwbdgmo-pro03a,1.0,3,test-science-sghwbdgmo-pro03a
20,arguana,20,fp32_reranker_cpu,0.5,0.6309297535714575,test,test-culture-mmciahbans-pro01a,1.0,3,test-culture-mmciahbans-pro01a
20,arguana,20,fp32_reranker_cpu,0.0,0.0,test,test-economy-beghwbh-pro01a,0.0,3,test-economy-beghwbh-pro01a
20,arguana,20,fp32_reranker_cpu,0.14285714285714285,0.3333333333333333,test,test-education-egtuscpih-pro02a,1.0,3,test-education-egtuscpih-pro02a
20,arguana,20,fp32_reranker_cpu,0.5,0.6309297535714575,test,test-education-udfakusma-pro03a,1.0,3,test-education-udfakusma-pro03a
20,arguana,20,fp32_reranker_cpu,0.0,0.0,test,test-free-speech-debate-fsaphgiap-con04a,1.0,3,test-free-speech-debate-fsaphgiap-con04a
20,arguana,20,fp32_reranker_cpu,0.0,0.0,test,test-health-dhiacihwph-pro04a,0.0,3,test-health-dhiacihwph-pro04a
20,arguana,20,fp32_reranker_cpu,0.3333333333333333,0.5,test,test-health-hdond-con01a,1.0,3,test-health-hdond-con01a
20,arguana,20,fp32_reranker_cpu,0.5,0.6309297535714575,test,test-international-aegmeppghw-pro01a,1.0,3,test-international-aegmeppghw-pro01a
20,arguana,20,fp32_reranker_cpu,0.0,0.0,test,test-international-segiahbarr-con02a,0.0,3,test-international-segiahbarr-con02a
20,arguana,20,fp32_reranker_cpu,0.5,0.6309297535714575,test,test-law-cppshbcjsfm-con01a,1.0,3,test-law-cppshbcjsfm-con01a
20,arguana,20,fp32_reranker_cpu,0.14285714285714285,0.3333333333333333,test,test-philosophy-ippelhbcp-con02a,1.0,3,test-philosophy-ippelhbcp-con02a
20,arguana,20,fp32_reranker_cpu,0.0,0.0,test,test-philosophy-ippelhbcp-pro01a,0.0,3,test-philosophy-ippelhbcp-pro01a
20,arguana,20,fp32_reranker_cpu,0.25,0.43067655807339306,test,test-philosophy-npegiepp-pro01a,1.0,3,test-philosophy-npegiepp-pro01a
20,arguana,20,fp32_reranker_cpu,0.1111111111111111,0.3010299956639812,test,test-philosophy-npppmhwup-con01a,1.0,3,test-philosophy-npppmhwup-con01a
20,arguana,20,fp32_reranker_cpu,0.125,0.31546487678572877,test,test-politics-grcrgshwbr-con04a,1.0,3,test-politics-grcrgshwbr-con04a
20,arguana,20,fp32_reranker_cpu,0.5,0.6309297535714575,test,test-politics-gvhbhlsbr-con02a,1.0,3,test-politics-gvhbhlsbr-con02a
20,arguana,20,fp32_reranker_cpu,0.5,0.6309297535714575,test,test-politics-gvhwhnerse-pro01a,1.0,3,test-politics-gvhwhnerse-pro01a
20,arguana,20,fp32_reranker_cpu,0.3333333333333333,0.5,test,test-politics-gvhwhnerse-pro04a,1.0,3,test-politics-gvhwhnerse-pro04a
20,arguana,20,fp32_reranker_cpu,0.2,0.38685280723454163,test,test-politics-pgsimhwoia-con01a,1.0,3,test-politics-pgsimhwoia-con01a
20,arguana,20,fp32_reranker_cpu,0.1,0.2890648263178879,test,test-religion-cmrsgfhbr-con02a,1.0,3,test-religion-cmrsgfhbr-con02a
20,arguana,20,fp32_reranker_cpu,0.1111111111111111,0.3010299956639812,test,test-religion-msgfhwbamec-con02a,1.0,3,test-religion-msgfhwbamec-con02a
20,arguana,20,fp32_reranker_cpu,0.5,0.6309297535714575,test,test-religion-msgfhwbamec-pro03a,1.0,3,test-religion-msgfhwbamec-pro03a
20,arguana,20,fp32_reranker_cpu,0.25,0.43067655807339306,test,test-science-dssghsdmd-pro01a,1.0,3,test-science-dssghsdmd-pro01a
20,arguana,20,fp32_reranker_cpu,0.2,0.38685280723454163,test,test-science-sghwbdgmo-pro03a,1.0,3,test-science-sghwbdgmo-pro03a
20,arguana,20,dynamic_int8_reranker_cpu,0.5,0.6309297535714575,test,test-culture-mmciahbans-pro01a,1.0,3,test-culture-mmciahbans-pro01a
20,arguana,20,dynamic_int8_reranker_cpu,0.0,0.0,test,test-economy-beghwbh-pro01a,0.0,3,test-economy-beghwbh-pro01a
20,arguana,20,dynamic_int8_reranker_cpu,0.1111111111111111,0.3010299956639812,test,test-education-egtuscpih-pro02a,1.0,3,test-education-egtuscpih-pro02a
20,arguana,20,dynamic_int8_reranker_cpu,0.5,0.6309297535714575,test,test-education-udfakusma-pro03a,1.0,3,test-education-udfakusma-pro03a
20,arguana,20,dynamic_int8_reranker_cpu,0.0,0.0,test,test-free-speech-debate-fsaphgiap-con04a,1.0,3,test-free-speech-debate-fsaphgiap-con04a
20,arguana,20,dynamic_int8_reranker_cpu,0.0,0.0,test,test-health-dhiacihwph-pro04a,0.0,3,test-health-dhiacihwph-pro04a
20,arguana,20,dynamic_int8_reranker_cpu,0.25,0.43067655807339306,test,test-health-hdond-con01a,1.0,3,test-health-hdond-con01a
20,arguana,20,dynamic_int8_reranker_cpu,0.5,0.6309297535714575,test,test-international-aegmeppghw-pro01a,1.0,3,test-international-aegmeppghw-pro01a
20,arguana,20,dynamic_int8_reranker_cpu,0.0,0.0,test,test-international-segiahbarr-con02a,0.0,3,test-international-segiahbarr-con02a
20,arguana,20,dynamic_int8_reranker_cpu,0.5,0.6309297535714575,test,test-law-cppshbcjsfm-con01a,1.0,3,test-law-cppshbcjsfm-con01a
20,arguana,20,dynamic_int8_reranker_cpu,0.14285714285714285,0.3333333333333333,test,test-philosophy-ippelhbcp-con02a,1.0,3,test-philosophy-ippelhbcp-con02a
20,arguana,20,dynamic_int8_reranker_cpu,0.0,0.0,test,test-philosophy-ippelhbcp-pro01a,0.0,3,test-philosophy-ippelhbcp-pro01a
20,arguana,20,dynamic_int8_reranker_cpu,0.25,0.43067655807339306,test,test-philosophy-npegiepp-pro01a,1.0,3,test-philosophy-npegiepp-pro01a
20,arguana,20,dynamic_int8_reranker_cpu,0.1111111111111111,0.3010299956639812,test,test-philosophy-npppmhwup-con01a,1.0,3,test-philosophy-npppmhwup-con01a
20,arguana,20,dynamic_int8_reranker_cpu,0.125,0.31546487678572877,test,test-politics-grcrgshwbr-con04a,1.0,3,test-politics-grcrgshwbr-con04a
20,arguana,20,dynamic_int8_reranker_cpu,0.5,0.6309297535714575,test,test-politics-gvhbhlsbr-con02a,1.0,3,test-politics-gvhbhlsbr-con02a
20,arguana,20,dynamic_int8_reranker_cpu,0.5,0.6309297535714575,test,test-politics-gvhwhnerse-pro01a,1.0,3,test-politics-gvhwhnerse-pro01a
20,arguana,20,dynamic_int8_reranker_cpu,0.3333333333333333,0.5,test,test-politics-gvhwhnerse-pro04a,1.0,3,test-politics-gvhwhnerse-pro04a
20,arguana,20,dynamic_int8_reranker_cpu,0.14285714285714285,0.3333333333333333,test,test-politics-pgsimhwoia-con01a,1.0,3,test-politics-pgsimhwoia-con01a
20,arguana,20,dynamic_int8_reranker_cpu,0.0,0.0,test,test-religion-cmrsgfhbr-con02a,1.0,3,test-religion-cmrsgfhbr-con02a
20,arguana,20,dynamic_int8_reranker_cpu,0.0,0.0,test,test-religion-msgfhwbamec-con02a,1.0,3,test-religion-msgfhwbamec-con02a
20,arguana,20,dynamic_int8_reranker_cpu,0.5,0.6309297535714575,test,test-religion-msgfhwbamec-pro03a,1.0,3,test-religion-msgfhwbamec-pro03a
20,arguana,20,dynamic_int8_reranker_cpu,0.2,0.38685280723454163,test,test-science-dssghsdmd-pro01a,1.0,3,test-science-dssghsdmd-pro01a
20,arguana,20,dynamic_int8_reranker_cpu,0.16666666666666666,0.3562071871080222,test,test-science-sghwbdgmo-pro03a,1.0,3,test-science-sghwbdgmo-pro03a
20,arguana,20,bm25_no_rerank,0.5,0.6309297535714575,test,test-culture-mmctyshwbcp-pro01a,1.0,4,test-culture-mmctyshwbcp-pro01a
20,arguana,20,bm25_no_rerank,0.5,0.6309297535714575,test,test-culture-mthbah-pro03a,1.0,4,test-culture-mthbah-pro03a
20,arguana,20,bm25_no_rerank,0.5,0.6309297535714575,test,test-digital-freedoms-piidfaihbg-con03a,1.0,4,test-digital-freedoms-piidfaihbg-con03a
20,arguana,20,bm25_no_rerank,0.125,0.31546487678572877,test,test-economy-beghwbh-pro03a,1.0,4,test-economy-beghwbh-pro03a
20,arguana,20,bm25_no_rerank,0.16666666666666666,0.3562071871080222,test,test-economy-egiahbwaka-pro02a,1.0,4,test-economy-egiahbwaka-pro02a
20,arguana,20,bm25_no_rerank,0.5,0.6309297535714575,test,test-economy-epiasghbf-con03a,1.0,4,test-economy-epiasghbf-con03a
20,arguana,20,bm25_no_rerank,0.16666666666666666,0.3562071871080222,test,test-economy-epsihbdns-con02a,1.0,4,test-economy-epsihbdns-con02a
20,arguana,20,bm25_no_rerank,0.1111111111111111,0.3010299956639812,test,test-education-ughbuesbf-con02a,1.0,4,test-education-ughbuesbf-con02a
20,arguana,20,bm25_no_rerank,0.0,0.0,test,test-environment-assgbatj-con01a,0.0,4,test-environment-assgbatj-con01a
20,arguana,20,bm25_no_rerank,0.0,0.0,test,test-free-speech-debate-yfsdfkhbwu-pro01a,0.0,4,test-free-speech-debate-yfsdfkhbwu-pro01a
20,arguana,20,bm25_no_rerank,0.25,0.43067655807339306,test,test-health-dhghhbampt-pro01a,1.0,4,test-health-dhghhbampt-pro01a
20,arguana,20,bm25_no_rerank,0.5,0.6309297535714575,test,test-health-dhpelhbass-con04a,1.0,4,test-health-dhpelhbass-con04a
20,arguana,20,bm25_no_rerank,0.0,0.0,test,test-international-aghbfcpspr-con02a,1.0,4,test-international-aghbfcpspr-con02a
20,arguana,20,bm25_no_rerank,0.0,0.0,test,test-international-amehbuaisji-pro03a,0.0,4,test-international-amehbuaisji-pro03a
20,arguana,20,bm25_no_rerank,0.125,0.31546487678572877,test,test-international-bldimehbn-con03a,1.0,4,test-international-bldimehbn-con03a
20,arguana,20,bm25_no_rerank,0.3333333333333333,0.5,test,test-international-eiahwpamu-con01a,1.0,4,test-economy-fiahwpamu-con01a
20,arguana,20,bm25_no_rerank,0.0,0.0,test,test-international-ipecfiepg-con04a,1.0,4,test-international-ipecfiepg-con04a
20,arguana,20,bm25_no_rerank,0.25,0.43067655807339306,test,test-law-cplgpshwdp-pro04a,1.0,4,test-law-cplgpshwdp-pro04a
20,arguana,20,bm25_no_rerank,0.5,0.6309297535714575,test,test-law-hrilpgwhwr-con04a,1.0,4,test-law-hrilpgwhwr-con04a
20,arguana,20,bm25_no_rerank,0.5,0.6309297535714575,test,test-philosophy-npppmhwup-pro03a,1.0,4,test-philosophy-npppmhwup-pro03a
20,arguana,20,bm25_no_rerank,0.2,0.38685280723454163,test,test-politics-eppghwgpi-con05a,1.0,4,test-politics-eppghwgpi-con05a
20,arguana,20,bm25_no_rerank,0.16666666666666666,0.3562071871080222,test,test-politics-glgvhbqssc-con01a,1.0,4,test-politics-glgvhbqssc-con01a
20,arguana,20,bm25_no_rerank,0.5,0.6309297535714575,test,test-politics-gvhwhnerse-pro01a,1.0,4,test-politics-gvhwhnerse-pro01a
20,arguana,20,bm25_no_rerank,0.2,0.38685280723454163,test,test-science-wsihwclscaaw-pro01a,1.0,4,test-science-wsihwclscaaw-pro01a
20,arguana,20,fp32_reranker_cpu,0.5,0.6309297535714575,test,test-culture-mmctyshwbcp-pro01a,1.0,4,test-culture-mmctyshwbcp-pro01a
20,arguana,20,fp32_reranker_cpu,0.3333333333333333,0.5,test,test-culture-mthbah-pro03a,1.0,4,test-culture-mthbah-pro03a
20,arguana,20,fp32_reranker_cpu,0.16666666666666666,0.3562071871080222,test,test-digital-freedoms-piidfaihbg-con03a,1.0,4,test-digital-freedoms-piidfaihbg-con03a
20,arguana,20,fp32_reranker_cpu,0.2,0.38685280723454163,test,test-economy-beghwbh-pro03a,1.0,4,test-economy-beghwbh-pro03a
20,arguana,20,fp32_reranker_cpu,0.14285714285714285,0.3333333333333333,test,test-economy-egiahbwaka-pro02a,1.0,4,test-economy-egiahbwaka-pro02a
20,arguana,20,fp32_reranker_cpu,0.25,0.43067655807339306,test,test-economy-epiasghbf-con03a,1.0,4,test-economy-epiasghbf-con03a
20,arguana,20,fp32_reranker_cpu,0.16666666666666666,0.3562071871080222,test,test-economy-epsihbdns-con02a,1.0,4,test-economy-epsihbdns-con02a
20,arguana,20,fp32_reranker_cpu,0.125,0.31546487678572877,test,test-education-ughbuesbf-con02a,1.0,4,test-education-ughbuesbf-con02a
20,arguana,20,fp32_reranker_cpu,0.0,0.0,test,test-environment-assgbatj-con01a,0.0,4,test-environment-assgbatj-con01a
20,arguana,20,fp32_reranker_cpu,0.0,0.0,test,test-free-speech-debate-yfsdfkhbwu-pro01a,0.0,4,test-free-speech-debate-yfsdfkhbwu-pro01a
20,arguana,20,fp32_reranker_cpu,0.5,0.6309297535714575,test,test-health-dhghhbampt-pro01a,1.0,4,test-health-dhghhbampt-pro01a
20,arguana,20,fp32_reranker_cpu,0.5,0.6309297535714575,test,test-health-dhpelhbass-con04a,1.0,4,test-health-dhpelhbass-con04a
20,arguana,20,fp32_reranker_cpu,0.14285714285714285,0.3333333333333333,test,test-international-aghbfcpspr-con02a,1.0,4,test-international-aghbfcpspr-con02a
20,arguana,20,fp32_reranker_cpu,0.0,0.0,test,test-international-amehbuaisji-pro03a,0.0,4,test-international-amehbuaisji-pro03a
20,arguana,20,fp32_reranker_cpu,0.5,0.6309297535714575,test,test-international-bldimehbn-con03a,1.0,4,test-international-bldimehbn-con03a
20,arguana,20,fp32_reranker_cpu,0.3333333333333333,0.5,test,test-international-eiahwpamu-con01a,1.0,4,test-economy-fiahwpamu-con01a
20,arguana,20,fp32_reranker_cpu,0.0,0.0,test,test-international-ipecfiepg-con04a,1.0,4,test-international-ipecfiepg-con04a
20,arguana,20,fp32_reranker_cpu,0.125,0.31546487678572877,test,test-law-cplgpshwdp-pro04a,1.0,4,test-law-cplgpshwdp-pro04a
20,arguana,20,fp32_reranker_cpu,0.5,0.6309297535714575,test,test-law-hrilpgwhwr-con04a,1.0,4,test-law-hrilpgwhwr-con04a
20,arguana,20,fp32_reranker_cpu,0.5,0.6309297535714575,test,test-philosophy-npppmhwup-pro03a,1.0,4,test-philosophy-npppmhwup-pro03a
20,arguana,20,fp32_reranker_cpu,0.0,0.0,test,test-politics-eppghwgpi-con05a,1.0,4,test-politics-eppghwgpi-con05a
20,arguana,20,fp32_reranker_cpu,0.5,0.6309297535714575,test,test-politics-glgvhbqssc-con01a,1.0,4,test-politics-glgvhbqssc-con01a
20,arguana,20,fp32_reranker_cpu,0.5,0.6309297535714575,test,test-politics-gvhwhnerse-pro01a,1.0,4,test-politics-gvhwhnerse-pro01a
20,arguana,20,fp32_reranker_cpu,0.16666666666666666,0.3562071871080222,test,test-science-wsihwclscaaw-pro01a,1.0,4,test-science-wsihwclscaaw-pro01a
20,arguana,20,dynamic_int8_reranker_cpu,0.5,0.6309297535714575,test,test-culture-mmctyshwbcp-pro01a,1.0,4,test-culture-mmctyshwbcp-pro01a
20,arguana,20,dynamic_int8_reranker_cpu,0.3333333333333333,0.5,test,test-culture-mthbah-pro03a,1.0,4,test-culture-mthbah-pro03a
20,arguana,20,dynamic_int8_reranker_cpu,0.14285714285714285,0.3333333333333333,test,test-digital-freedoms-piidfaihbg-con03a,1.0,4,test-digital-freedoms-piidfaihbg-con03a
20,arguana,20,dynamic_int8_reranker_cpu,0.2,0.38685280723454163,test,test-economy-beghwbh-pro03a,1.0,4,test-economy-beghwbh-pro03a
20,arguana,20,dynamic_int8_reranker_cpu,0.14285714285714285,0.3333333333333333,test,test-economy-egiahbwaka-pro02a,1.0,4,test-economy-egiahbwaka-pro02a
20,arguana,20,dynamic_int8_reranker_cpu,0.5,0.6309297535714575,test,test-economy-epiasghbf-con03a,1.0,4,test-economy-epiasghbf-con03a
20,arguana,20,dynamic_int8_reranker_cpu,0.2,0.38685280723454163,test,test-economy-epsihbdns-con02a,1.0,4,test-economy-epsihbdns-con02a
20,arguana,20,dynamic_int8_reranker_cpu,0.1,0.2890648263178879,test,test-education-ughbuesbf-con02a,1.0,4,test-education-ughbuesbf-con02a
20,arguana,20,dynamic_int8_reranker_cpu,0.0,0.0,test,test-environment-assgbatj-con01a,0.0,4,test-environment-assgbatj-con01a
20,arguana,20,dynamic_int8_reranker_cpu,0.0,0.0,test,test-free-speech-debate-yfsdfkhbwu-pro01a,0.0,4,test-free-speech-debate-yfsdfkhbwu-pro01a
20,arguana,20,dynamic_int8_reranker_cpu,0.5,0.6309297535714575,test,test-health-dhghhbampt-pro01a,1.0,4,test-health-dhghhbampt-pro01a
20,arguana,20,dynamic_int8_reranker_cpu,0.5,0.6309297535714575,test,test-health-dhpelhbass-con04a,1.0,4,test-health-dhpelhbass-con04a
20,arguana,20,dynamic_int8_reranker_cpu,0.14285714285714285,0.3333333333333333,test,test-international-aghbfcpspr-con02a,1.0,4,test-international-aghbfcpspr-con02a
20,arguana,20,dynamic_int8_reranker_cpu,0.0,0.0,test,test-international-amehbuaisji-pro03a,0.0,4,test-international-amehbuaisji-pro03a
20,arguana,20,dynamic_int8_reranker_cpu,0.5,0.6309297535714575,test,test-international-bldimehbn-con03a,1.0,4,test-international-bldimehbn-con03a
20,arguana,20,dynamic_int8_reranker_cpu,0.3333333333333333,0.5,test,test-international-eiahwpamu-con01a,1.0,4,test-economy-fiahwpamu-con01a
20,arguana,20,dynamic_int8_reranker_cpu,0.0,0.0,test,test-international-ipecfiepg-con04a,1.0,4,test-international-ipecfiepg-con04a
20,arguana,20,dynamic_int8_reranker_cpu,0.14285714285714285,0.3333333333333333,test,test-law-cplgpshwdp-pro04a,1.0,4,test-law-cplgpshwdp-pro04a
20,arguana,20,dynamic_int8_reranker_cpu,0.5,0.6309297535714575,test,test-law-hrilpgwhwr-con04a,1.0,4,test-law-hrilpgwhwr-con04a
20,arguana,20,dynamic_int8_reranker_cpu,0.5,0.6309297535714575,test,test-philosophy-npppmhwup-pro03a,1.0,4,test-philosophy-npppmhwup-pro03a
20,arguana,20,dynamic_int8_reranker_cpu,0.0,0.0,test,test-politics-eppghwgpi-con05a,1.0,4,test-politics-eppghwgpi-con05a
20,arguana,20,dynamic_int8_reranker_cpu,0.5,0.6309297535714575,test,test-politics-glgvhbqssc-con01a,1.0,4,test-politics-glgvhbqssc-con01a
20,arguana,20,dynamic_int8_reranker_cpu,0.5,0.6309297535714575,test,test-politics-gvhwhnerse-pro01a,1.0,4,test-politics-gvhwhnerse-pro01a
20,arguana,20,dynamic_int8_reranker_cpu,0.125,0.31546487678572877,test,test-science-wsihwclscaaw-pro01a,1.0,4,test-science-wsihwclscaaw-pro01a
20,arguana,20,bm25_no_rerank,0.5,0.6309297535714575,test,test-culture-mmciahbans-pro01a,1.0,5,test-culture-mmciahbans-pro01a
20,arguana,20,bm25_no_rerank,0.5,0.6309297535714575,test,test-culture-thbcsbptwhht-pro02a,1.0,5,test-culture-thbcsbptwhht-pro02a
20,arguana,20,bm25_no_rerank,0.5,0.6309297535714575,test,test-digital-freedoms-eifpgdff-con01a,1.0,5,test-digital-freedoms-eifpgdff-con01a
20,arguana,20,bm25_no_rerank,0.0,0.0,test,test-economy-epehwmrbals-pro05a,1.0,5,test-economy-epehwmrbals-pro05a
20,arguana,20,bm25_no_rerank,0.5,0.6309297535714575,test,test-economy-fiahwpamu-con01a,1.0,5,test-economy-fiahwpamu-con01a
20,arguana,20,bm25_no_rerank,0.5,0.6309297535714575,test,test-education-ughbuesbf-pro01a,1.0,5,test-education-ughbuesbf-pro01a
20,arguana,20,bm25_no_rerank,0.3333333333333333,0.5,test,test-environment-ehwsnwu-con03a,1.0,5,test-environment-ehwsnwu-con03a
20,arguana,20,bm25_no_rerank,0.0,0.0,test,test-health-ahiahbgbsp-con02a,0.0,5,test-health-ahiahbgbsp-con02a
20,arguana,20,bm25_no_rerank,0.16666666666666666,0.3562071871080222,test,test-health-hpehwadvoee-con03a,1.0,5,test-health-hpehwadvoee-con03a
20,arguana,20,bm25_no_rerank,0.2,0.38685280723454163,test,test-health-hpehwadvoee-pro04a,1.0,5,test-health-hpehwadvoee-pro04a
20,arguana,20,bm25_no_rerank,0.5,0.6309297535714575,test,test-international-aahwstdrtfm-pro02a,1.0,5,test-international-aahwstdrtfm-pro02a
20,arguana,20,bm25_no_rerank,0.0,0.0,test,test-international-appghblsba-pro03a,1.0,5,test-international-appghblsba-pro03a
20,arguana,20,bm25_no_rerank,0.3333333333333333,0.5,test,test-international-ipecfiepg-con01a,1.0,5,test-international-ipecfiepg-con01a
20,arguana,20,bm25_no_rerank,0.0,0.0,test,test-international-segiahbarr-pro02a,1.0,5,test-international-segiahbarr-pro02a
20,arguana,20,bm25_no_rerank,0.14285714285714285,0.3333333333333333,test,test-international-siacphbnt-pro05a,1.0,5,test-international-siacphbnt-pro05a
20,arguana,20,bm25_no_rerank,0.16666666666666666,0.3562071871080222,test,test-law-ilppppghb-con03a,1.0,5,test-law-ilppppghb-con03a
20,arguana,20,bm25_no_rerank,0.5,0.6309297535714575,test,test-philosophy-eppphwlrtjs-con04a,1.0,5,test-philosophy-eppphwlrtjs-con04a
20,arguana,20,bm25_no_rerank,0.5,0.6309297535714575,test,test-philosophy-ippelhbcp-con02a,1.0,5,test-philosophy-ippelhbcp-con02a
20,arguana,20,bm25_no_rerank,0.0,0.0,test,test-politics-ghbgussbsbt-con01a,1.0,5,test-politics-ghbgussbsbt-con01a
20,arguana,20,bm25_no_rerank,0.3333333333333333,0.5,test,test-politics-gvhbhlsbr-con01a,1.0,5,test-politics-gvhbhlsbr-con01a
20,arguana,20,bm25_no_rerank,0.3333333333333333,0.5,test,test-politics-oeplhbuwhmi-con02a,1.0,5,test-politics-oeplhbuwhmi-con02a
20,arguana,20,bm25_no_rerank,0.5,0.6309297535714575,test,test-science-cpisydfphwj-pro01a,1.0,5,test-science-cpisydfphwj-pro01a
20,arguana,20,bm25_no_rerank,0.3333333333333333,0.5,test,test-society-epiasghbf-con03a,1.0,5,test-economy-epiasghbf-con03a
20,arguana,20,bm25_no_rerank,0.14285714285714285,0.3333333333333333,test,test-society-epsihbdns-con02a,1.0,5,test-economy-epsihbdns-con02a
20,arguana,20,fp32_reranker_cpu,0.5,0.6309297535714575,test,test-culture-mmciahbans-pro01a,1.0,5,test-culture-mmciahbans-pro01a
20,arguana,20,fp32_reranker_cpu,0.5,0.6309297535714575,test,test-culture-thbcsbptwhht-pro02a,1.0,5,test-culture-thbcsbptwhht-pro02a
20,arguana,20,fp32_reranker_cpu,0.5,0.6309297535714575,test,test-digital-freedoms-eifpgdff-con01a,1.0,5,test-digital-freedoms-eifpgdff-con01a
20,arguana,20,fp32_reranker_cpu,0.0,0.0,test,test-economy-epehwmrbals-pro05a,1.0,5,test-economy-epehwmrbals-pro05a
20,arguana,20,fp32_reranker_cpu,0.5,0.6309297535714575,test,test-economy-fiahwpamu-con01a,1.0,5,test-economy-fiahwpamu-con01a
20,arguana,20,fp32_reranker_cpu,0.5,0.6309297535714575,test,test-education-ughbuesbf-pro01a,1.0,5,test-education-ughbuesbf-pro01a
20,arguana,20,fp32_reranker_cpu,0.2,0.38685280723454163,test,test-environment-ehwsnwu-con03a,1.0,5,test-environment-ehwsnwu-con03a
20,arguana,20,fp32_reranker_cpu,0.0,0.0,test,test-health-ahiahbgbsp-con02a,0.0,5,test-health-ahiahbgbsp-con02a
20,arguana,20,fp32_reranker_cpu,0.5,0.6309297535714575,test,test-health-hpehwadvoee-con03a,1.0,5,test-health-hpehwadvoee-con03a
20,arguana,20,fp32_reranker_cpu,0.2,0.38685280723454163,test,test-health-hpehwadvoee-pro04a,1.0,5,test-health-hpehwadvoee-pro04a
20,arguana,20,fp32_reranker_cpu,0.3333333333333333,0.5,test,test-international-aahwstdrtfm-pro02a,1.0,5,test-international-aahwstdrtfm-pro02a
20,arguana,20,fp32_reranker_cpu,0.0,0.0,test,test-international-appghblsba-pro03a,1.0,5,test-international-appghblsba-pro03a
20,arguana,20,fp32_reranker_cpu,0.14285714285714285,0.3333333333333333,test,test-international-ipecfiepg-con01a,1.0,5,test-international-ipecfiepg-con01a
20,arguana,20,fp32_reranker_cpu,0.5,0.6309297535714575,test,test-international-segiahbarr-pro02a,1.0,5,test-international-segiahbarr-pro02a
20,arguana,20,fp32_reranker_cpu,0.2,0.38685280723454163,test,test-international-siacphbnt-pro05a,1.0,5,test-international-siacphbnt-pro05a
20,arguana,20,fp32_reranker_cpu,0.14285714285714285,0.3333333333333333,test,test-law-ilppppghb-con03a,1.0,5,test-law-ilppppghb-con03a
20,arguana,20,fp32_reranker_cpu,0.5,0.6309297535714575,test,test-philosophy-eppphwlrtjs-con04a,1.0,5,test-philosophy-eppphwlrtjs-con04a
20,arguana,20,fp32_reranker_cpu,0.14285714285714285,0.3333333333333333,test,test-philosophy-ippelhbcp-con02a,1.0,5,test-philosophy-ippelhbcp-con02a
20,arguana,20,fp32_reranker_cpu,0.16666666666666666,0.3562071871080222,test,test-politics-ghbgussbsbt-con01a,1.0,5,test-politics-ghbgussbsbt-con01a
20,arguana,20,fp32_reranker_cpu,0.5,0.6309297535714575,test,test-politics-gvhbhlsbr-con01a,1.0,5,test-politics-gvhbhlsbr-con01a
20,arguana,20,fp32_reranker_cpu,0.5,0.6309297535714575,test,test-politics-oeplhbuwhmi-con02a,1.0,5,test-politics-oeplhbuwhmi-con02a
20,arguana,20,fp32_reranker_cpu,0.3333333333333333,0.5,test,test-science-cpisydfphwj-pro01a,1.0,5,test-science-cpisydfphwj-pro01a
20,arguana,20,fp32_reranker_cpu,0.2,0.38685280723454163,test,test-society-epiasghbf-con03a,1.0,5,test-economy-epiasghbf-con03a
20,arguana,20,fp32_reranker_cpu,0.14285714285714285,0.3333333333333333,test,test-society-epsihbdns-con02a,1.0,5,test-economy-epsihbdns-con02a
20,arguana,20,dynamic_int8_reranker_cpu,0.5,0.6309297535714575,test,test-culture-mmciahbans-pro01a,1.0,5,test-culture-mmciahbans-pro01a
20,arguana,20,dynamic_int8_reranker_cpu,0.5,0.6309297535714575,test,test-culture-thbcsbptwhht-pro02a,1.0,5,test-culture-thbcsbptwhht-pro02a
20,arguana,20,dynamic_int8_reranker_cpu,0.5,0.6309297535714575,test,test-digital-freedoms-eifpgdff-con01a,1.0,5,test-digital-freedoms-eifpgdff-con01a
20,arguana,20,dynamic_int8_reranker_cpu,0.0,0.0,test,test-economy-epehwmrbals-pro05a,1.0,5,test-economy-epehwmrbals-pro05a
20,arguana,20,dynamic_int8_reranker_cpu,0.5,0.6309297535714575,test,test-economy-fiahwpamu-con01a,1.0,5,test-economy-fiahwpamu-con01a
20,arguana,20,dynamic_int8_reranker_cpu,0.5,0.6309297535714575,test,test-education-ughbuesbf-pro01a,1.0,5,test-education-ughbuesbf-pro01a
20,arguana,20,dynamic_int8_reranker_cpu,0.2,0.38685280723454163,test,test-environment-ehwsnwu-con03a,1.0,5,test-environment-ehwsnwu-con03a
20,arguana,20,dynamic_int8_reranker_cpu,0.0,0.0,test,test-health-ahiahbgbsp-con02a,0.0,5,test-health-ahiahbgbsp-con02a
20,arguana,20,dynamic_int8_reranker_cpu,0.5,0.6309297535714575,test,test-health-hpehwadvoee-con03a,1.0,5,test-health-hpehwadvoee-con03a
20,arguana,20,dynamic_int8_reranker_cpu,0.16666666666666666,0.3562071871080222,test,test-health-hpehwadvoee-pro04a,1.0,5,test-health-hpehwadvoee-pro04a
20,arguana,20,dynamic_int8_reranker_cpu,0.3333333333333333,0.5,test,test-international-aahwstdrtfm-pro02a,1.0,5,test-international-aahwstdrtfm-pro02a
20,arguana,20,dynamic_int8_reranker_cpu,0.0,0.0,test,test-international-appghblsba-pro03a,1.0,5,test-international-appghblsba-pro03a
20,arguana,20,dynamic_int8_reranker_cpu,0.14285714285714285,0.3333333333333333,test,test-international-ipecfiepg-con01a,1.0,5,test-international-ipecfiepg-con01a
20,arguana,20,dynamic_int8_reranker_cpu,0.3333333333333333,0.5,test,test-international-segiahbarr-pro02a,1.0,5,test-international-segiahbarr-pro02a
20,arguana,20,dynamic_int8_reranker_cpu,0.25,0.43067655807339306,test,test-international-siacphbnt-pro05a,1.0,5,test-international-siacphbnt-pro05a
20,arguana,20,dynamic_int8_reranker_cpu,0.14285714285714285,0.3333333333333333,test,test-law-ilppppghb-con03a,1.0,5,test-law-ilppppghb-con03a
20,arguana,20,dynamic_int8_reranker_cpu,0.5,0.6309297535714575,test,test-philosophy-eppphwlrtjs-con04a,1.0,5,test-philosophy-eppphwlrtjs-con04a
20,arguana,20,dynamic_int8_reranker_cpu,0.14285714285714285,0.3333333333333333,test,test-philosophy-ippelhbcp-con02a,1.0,5,test-philosophy-ippelhbcp-con02a
20,arguana,20,dynamic_int8_reranker_cpu,0.16666666666666666,0.3562071871080222,test,test-politics-ghbgussbsbt-con01a,1.0,5,test-politics-ghbgussbsbt-con01a
20,arguana,20,dynamic_int8_reranker_cpu,0.5,0.6309297535714575,test,test-politics-gvhbhlsbr-con01a,1.0,5,test-politics-gvhbhlsbr-con01a
20,arguana,20,dynamic_int8_reranker_cpu,0.5,0.6309297535714575,test,test-politics-oeplhbuwhmi-con02a,1.0,5,test-politics-oeplhbuwhmi-con02a
20,arguana,20,dynamic_int8_reranker_cpu,0.3333333333333333,0.5,test,test-science-cpisydfphwj-pro01a,1.0,5,test-science-cpisydfphwj-pro01a
20,arguana,20,dynamic_int8_reranker_cpu,0.3333333333333333,0.5,test,test-society-epiasghbf-con03a,1.0,5,test-economy-epiasghbf-con03a
20,arguana,20,dynamic_int8_reranker_cpu,0.16666666666666666,0.3562071871080222,test,test-society-epsihbdns-con02a,1.0,5,test-economy-epsihbdns-con02a
50,arguana,50,bm25_no_rerank,0.5,0.6309297535714575,test,test-culture-ahrtsdlgra-pro02a,1.0,1,test-culture-ahrtsdlgra-pro02a
50,arguana,50,bm25_no_rerank,0.5,0.6309297535714575,test,test-culture-thbcsbptwhht-pro01a,1.0,1,test-culture-thbcsbptwhht-pro01a
50,arguana,50,bm25_no_rerank,0.0,0.0,test,test-digital-freedoms-piidfiphwu-pro03a,1.0,1,test-digital-freedoms-piidfiphwu-pro03a
50,arguana,50,bm25_no_rerank,0.2,0.38685280723454163,test,test-economy-egppphbcb-pro04a,1.0,1,test-economy-egppphbcb-pro04a
50,arguana,50,bm25_no_rerank,0.0,0.0,test,test-economy-epiasghbf-con01a,1.0,1,test-economy-epiasghbf-con01a
50,arguana,50,bm25_no_rerank,0.0,0.0,test,test-economy-thhghwhwift-con03a,1.0,1,test-economy-thhghwhwift-con03a
50,arguana,50,bm25_no_rerank,0.2,0.38685280723454163,test,test-education-pshhghwpba0-pro01a,1.0,1,test-education-pshhghwpba0-pro01a
50,arguana,50,bm25_no_rerank,0.2,0.38685280723454163,test,test-free-speech-debate-radhbsshr-con01a,1.0,1,test-free-speech-debate-radhbsshr-con01a
50,arguana,50,bm25_no_rerank,0.0,0.0,test,test-health-dhgsshbesbc-con03a,0.0,1,test-health-dhgsshbesbc-con03a
50,arguana,50,bm25_no_rerank,0.0,0.0,test,test-international-aahwstdrtfm-pro01a,1.0,1,test-international-aahwstdrtfm-pro01a
50,arguana,50,bm25_no_rerank,0.25,0.43067655807339306,test,test-international-aghwrem-con02a,1.0,1,test-international-aghwrem-con02a
50,arguana,50,bm25_no_rerank,0.5,0.6309297535714575,test,test-international-epvhwhranet-con01a,1.0,1,test-international-epvhwhranet-con01a
50,arguana,50,bm25_no_rerank,0.0,0.0,test,test-international-siacphbnt-pro03a,1.0,1,test-international-siacphbnt-pro03a
50,arguana,50,bm25_no_rerank,0.3333333333333333,0.5,test,test-law-cplglghwbhwd-con01a,1.0,1,test-law-cplglghwbhwd-con01a
50,arguana,50,bm25_no_rerank,0.5,0.6309297535714575,test,test-law-sdfclhrppph-pro02a,1.0,1,test-law-sdfclhrppph-pro02a
50,arguana,50,bm25_no_rerank,0.2,0.38685280723454163,test,test-law-tlcplghwfne-con01a,1.0,1,test-law-tlcplghwfne-con01a
50,arguana,50,bm25_no_rerank,0.5,0.6309297535714575,test,test-law-umtlilhotac-con03a,1.0,1,test-law-umtlilhotac-con03a
50,arguana,50,bm25_no_rerank,0.0,0.0,test,test-philosophy-npegiepp-con02a,1.0,1,test-philosophy-npegiepp-con02a
50,arguana,50,bm25_no_rerank,0.3333333333333333,0.5,test,test-philosophy-pppgshbsd-pro03a,1.0,1,test-philosophy-pppgshbsd-pro03a
50,arguana,50,bm25_no_rerank,0.125,0.31546487678572877,test,test-politics-cdfsaphgiap-pro02a,1.0,1,test-free-speech-debate-fsaphgiap-pro02a
50,arguana,50,bm25_no_rerank,0.25,0.43067655807339306,test,test-politics-oepdlhfcefp-pro04a,1.0,1,test-international-epdlhfcefp-pro04a
50,arguana,50,bm25_no_rerank,0.3333333333333333,0.5,test,test-politics-ypppgvhwmv-pro04a,1.0,1,test-politics-ypppgvhwmv-pro04a
50,arguana,50,bm25_no_rerank,0.0,0.0,test,test-religion-wcprrgrhbmi-pro01a,1.0,1,test-religion-wcprrgrhbmi-pro01a
50,arguana,50,bm25_no_rerank,0.0,0.0,test,test-society-epsihbdns-con01a,0.0,1,test-economy-epsihbdns-con01a
50,arguana,50,fp32_reranker_cpu,0.125,0.31546487678572877,test,test-culture-ahrtsdlgra-pro02a,1.0,1,test-culture-ahrtsdlgra-pro02a
50,arguana,50,fp32_reranker_cpu,0.25,0.43067655807339306,test,test-culture-thbcsbptwhht-pro01a,1.0,1,test-culture-thbcsbptwhht-pro01a
50,arguana,50,fp32_reranker_cpu,0.16666666666666666,0.3562071871080222,test,test-digital-freedoms-piidfiphwu-pro03a,1.0,1,test-digital-freedoms-piidfiphwu-pro03a
50,arguana,50,fp32_reranker_cpu,0.25,0.43067655807339306,test,test-economy-egppphbcb-pro04a,1.0,1,test-economy-egppphbcb-pro04a
50,arguana,50,fp32_reranker_cpu,0.16666666666666666,0.3562071871080222,test,test-economy-epiasghbf-con01a,1.0,1,test-economy-epiasghbf-con01a
50,arguana,50,fp32_reranker_cpu,0.1111111111111111,0.3010299956639812,test,test-economy-thhghwhwift-con03a,1.0,1,test-economy-thhghwhwift-con03a
50,arguana,50,fp32_reranker_cpu,0.5,0.6309297535714575,test,test-education-pshhghwpba0-pro01a,1.0,1,test-education-pshhghwpba0-pro01a
50,arguana,50,fp32_reranker_cpu,0.25,0.43067655807339306,test,test-free-speech-debate-radhbsshr-con01a,1.0,1,test-free-speech-debate-radhbsshr-con01a
50,arguana,50,fp32_reranker_cpu,0.0,0.0,test,test-health-dhgsshbesbc-con03a,0.0,1,test-health-dhgsshbesbc-con03a
50,arguana,50,fp32_reranker_cpu,0.1111111111111111,0.3010299956639812,test,test-international-aahwstdrtfm-pro01a,1.0,1,test-international-aahwstdrtfm-pro01a
50,arguana,50,fp32_reranker_cpu,0.5,0.6309297535714575,test,test-international-aghwrem-con02a,1.0,1,test-international-aghwrem-con02a
50,arguana,50,fp32_reranker_cpu,0.5,0.6309297535714575,test,test-international-epvhwhranet-con01a,1.0,1,test-international-epvhwhranet-con01a
50,arguana,50,fp32_reranker_cpu,0.25,0.43067655807339306,test,test-international-siacphbnt-pro03a,1.0,1,test-international-siacphbnt-pro03a
50,arguana,50,fp32_reranker_cpu,0.25,0.43067655807339306,test,test-law-cplglghwbhwd-con01a,1.0,1,test-law-cplglghwbhwd-con01a
50,arguana,50,fp32_reranker_cpu,0.5,0.6309297535714575,test,test-law-sdfclhrppph-pro02a,1.0,1,test-law-sdfclhrppph-pro02a
50,arguana,50,fp32_reranker_cpu,0.1,0.2890648263178879,test,test-law-tlcplghwfne-con01a,1.0,1,test-law-tlcplghwfne-con01a
50,arguana,50,fp32_reranker_cpu,0.5,0.6309297535714575,test,test-law-umtlilhotac-con03a,1.0,1,test-law-umtlilhotac-con03a
50,arguana,50,fp32_reranker_cpu,0.0,0.0,test,test-philosophy-npegiepp-con02a,1.0,1,test-philosophy-npegiepp-con02a
50,arguana,50,fp32_reranker_cpu,0.25,0.43067655807339306,test,test-philosophy-pppgshbsd-pro03a,1.0,1,test-philosophy-pppgshbsd-pro03a
50,arguana,50,fp32_reranker_cpu,0.25,0.43067655807339306,test,test-politics-cdfsaphgiap-pro02a,1.0,1,test-free-speech-debate-fsaphgiap-pro02a
50,arguana,50,fp32_reranker_cpu,0.1111111111111111,0.3010299956639812,test,test-politics-oepdlhfcefp-pro04a,1.0,1,test-international-epdlhfcefp-pro04a
50,arguana,50,fp32_reranker_cpu,0.5,0.6309297535714575,test,test-politics-ypppgvhwmv-pro04a,1.0,1,test-politics-ypppgvhwmv-pro04a
50,arguana,50,fp32_reranker_cpu,0.3333333333333333,0.5,test,test-religion-wcprrgrhbmi-pro01a,1.0,1,test-religion-wcprrgrhbmi-pro01a
50,arguana,50,fp32_reranker_cpu,0.0,0.0,test,test-society-epsihbdns-con01a,0.0,1,test-economy-epsihbdns-con01a
50,arguana,50,dynamic_int8_reranker_cpu,0.125,0.31546487678572877,test,test-culture-ahrtsdlgra-pro02a,1.0,1,test-culture-ahrtsdlgra-pro02a
50,arguana,50,dynamic_int8_reranker_cpu,0.2,0.38685280723454163,test,test-culture-thbcsbptwhht-pro01a,1.0,1,test-culture-thbcsbptwhht-pro01a
50,arguana,50,dynamic_int8_reranker_cpu,0.16666666666666666,0.3562071871080222,test,test-digital-freedoms-piidfiphwu-pro03a,1.0,1,test-digital-freedoms-piidfiphwu-pro03a
50,arguana,50,dynamic_int8_reranker_cpu,0.2,0.38685280723454163,test,test-economy-egppphbcb-pro04a,1.0,1,test-economy-egppphbcb-pro04a
50,arguana,50,dynamic_int8_reranker_cpu,0.16666666666666666,0.3562071871080222,test,test-economy-epiasghbf-con01a,1.0,1,test-economy-epiasghbf-con01a
50,arguana,50,dynamic_int8_reranker_cpu,0.125,0.31546487678572877,test,test-economy-thhghwhwift-con03a,1.0,1,test-economy-thhghwhwift-con03a
50,arguana,50,dynamic_int8_reranker_cpu,0.5,0.6309297535714575,test,test-education-pshhghwpba0-pro01a,1.0,1,test-education-pshhghwpba0-pro01a
50,arguana,50,dynamic_int8_reranker_cpu,0.3333333333333333,0.5,test,test-free-speech-debate-radhbsshr-con01a,1.0,1,test-free-speech-debate-radhbsshr-con01a
50,arguana,50,dynamic_int8_reranker_cpu,0.0,0.0,test,test-health-dhgsshbesbc-con03a,0.0,1,test-health-dhgsshbesbc-con03a
50,arguana,50,dynamic_int8_reranker_cpu,0.1,0.2890648263178879,test,test-international-aahwstdrtfm-pro01a,1.0,1,test-international-aahwstdrtfm-pro01a
50,arguana,50,dynamic_int8_reranker_cpu,0.5,0.6309297535714575,test,test-international-aghwrem-con02a,1.0,1,test-international-aghwrem-con02a
50,arguana,50,dynamic_int8_reranker_cpu,0.3333333333333333,0.5,test,test-international-epvhwhranet-con01a,1.0,1,test-international-epvhwhranet-con01a
50,arguana,50,dynamic_int8_reranker_cpu,0.25,0.43067655807339306,test,test-international-siacphbnt-pro03a,1.0,1,test-international-siacphbnt-pro03a
50,arguana,50,dynamic_int8_reranker_cpu,0.25,0.43067655807339306,test,test-law-cplglghwbhwd-con01a,1.0,1,test-law-cplglghwbhwd-con01a
50,arguana,50,dynamic_int8_reranker_cpu,0.5,0.6309297535714575,test,test-law-sdfclhrppph-pro02a,1.0,1,test-law-sdfclhrppph-pro02a
50,arguana,50,dynamic_int8_reranker_cpu,0.1,0.2890648263178879,test,test-law-tlcplghwfne-con01a,1.0,1,test-law-tlcplghwfne-con01a
50,arguana,50,dynamic_int8_reranker_cpu,0.5,0.6309297535714575,test,test-law-umtlilhotac-con03a,1.0,1,test-law-umtlilhotac-con03a
50,arguana,50,dynamic_int8_reranker_cpu,0.0,0.0,test,test-philosophy-npegiepp-con02a,1.0,1,test-philosophy-npegiepp-con02a
50,arguana,50,dynamic_int8_reranker_cpu,0.3333333333333333,0.5,test,test-philosophy-pppgshbsd-pro03a,1.0,1,test-philosophy-pppgshbsd-pro03a
50,arguana,50,dynamic_int8_reranker_cpu,0.3333333333333333,0.5,test,test-politics-cdfsaphgiap-pro02a,1.0,1,test-free-speech-debate-fsaphgiap-pro02a
50,arguana,50,dynamic_int8_reranker_cpu,0.14285714285714285,0.3333333333333333,test,test-politics-oepdlhfcefp-pro04a,1.0,1,test-international-epdlhfcefp-pro04a
50,arguana,50,dynamic_int8_reranker_cpu,0.5,0.6309297535714575,test,test-politics-ypppgvhwmv-pro04a,1.0,1,test-politics-ypppgvhwmv-pro04a
50,arguana,50,dynamic_int8_reranker_cpu,0.3333333333333333,0.5,test,test-religion-wcprrgrhbmi-pro01a,1.0,1,test-religion-wcprrgrhbmi-pro01a
50,arguana,50,dynamic_int8_reranker_cpu,0.0,0.0,test,test-society-epsihbdns-con01a,0.0,1,test-economy-epsihbdns-con01a
50,arguana,50,bm25_no_rerank,0.3333333333333333,0.5,test,test-digital-freedoms-aihbiahr-pro01a,1.0,2,test-digital-freedoms-aihbiahr-pro01a
50,arguana,50,bm25_no_rerank,0.14285714285714285,0.3333333333333333,test,test-digital-freedoms-phwnaccpdt-pro01a,1.0,2,test-digital-freedoms-phwnaccpdt-pro01a
50,arguana,50,bm25_no_rerank,0.5,0.6309297535714575,test,test-economy-bhahwbsps-pro04a,1.0,2,test-economy-bhahwbsps-pro04a
50,arguana,50,bm25_no_rerank,0.0,0.0,test,test-economy-egppphbcb-con02a,0.0,2,test-economy-egppphbcb-con02a
50,arguana,50,bm25_no_rerank,0.5,0.6309297535714575,test,test-education-ughbuesbf-pro04a,1.0,2,test-education-ughbuesbf-pro04a
50,arguana,50,bm25_no_rerank,0.3333333333333333,0.5,test,test-environment-aiahwagit-con03a,1.0,2,test-environment-aiahwagit-con03a
50,arguana,50,bm25_no_rerank,0.25,0.43067655807339306,test,test-free-speech-debate-radhbsshr-pro02a,1.0,2,test-free-speech-debate-radhbsshr-pro02a
50,arguana,50,bm25_no_rerank,0.5,0.6309297535714575,test,test-health-ppelfhwbpba-pro01a,1.0,2,test-health-ppelfhwbpba-pro01a
50,arguana,50,bm25_no_rerank,0.5,0.6309297535714575,test,test-international-aghwrem-pro02a,1.0,2,test-international-aghwrem-pro02a
50,arguana,50,bm25_no_rerank,0.5,0.6309297535714575,test,test-international-emephsate-con03a,1.0,2,test-international-emephsate-con03a
50,arguana,50,bm25_no_rerank,0.3333333333333333,0.5,test,test-international-ipecfiepg-pro02a,1.0,2,test-international-ipecfiepg-pro02a
50,arguana,50,bm25_no_rerank,0.0,0.0,test,test-international-segiahbarr-pro02a,1.0,2,test-international-segiahbarr-pro02a
50,arguana,50,bm25_no_rerank,0.0,0.0,test,test-law-cplgpshwdp-con02a,0.0,2,test-law-cplgpshwdp-con02a
50,arguana,50,bm25_no_rerank,0.14285714285714285,0.3333333333333333,test,test-law-rmelhrilhbiw-pro04a,1.0,2,test-law-rmelhrilhbiw-pro04a
50,arguana,50,bm25_no_rerank,0.16666666666666666,0.3562071871080222,test,test-law-thgglcplgphw-pro03a,1.0,2,test-law-thgglcplgphw-pro03a
50,arguana,50,bm25_no_rerank,0.0,0.0,test,test-politics-cpecfiepg-con02a,1.0,2,test-international-ipecfiepg-con02a
50,arguana,50,bm25_no_rerank,0.0,0.0,test,test-politics-dhbanhrnw-con02a,1.0,2,test-politics-dhbanhrnw-con02a
50,arguana,50,bm25_no_rerank,0.5,0.6309297535714575,test,test-politics-gvhbhlsbr-con02a,1.0,2,test-politics-gvhbhlsbr-con02a
50,arguana,50,bm25_no_rerank,0.3333333333333333,0.5,test,test-politics-pgsimhwoia-con02a,1.0,2,test-politics-pgsimhwoia-con02a
50,arguana,50,bm25_no_rerank,0.5,0.6309297535714575,test,test-religion-msgfhwbamec-pro03a,1.0,2,test-religion-msgfhwbamec-pro03a
50,arguana,50,bm25_no_rerank,0.3333333333333333,0.5,test,test-religion-wcprrgrhbmi-con02a,1.0,2,test-religion-wcprrgrhbmi-con02a
50,arguana,50,bm25_no_rerank,0.5,0.6309297535714575,test,test-science-sghwbdgmo-pro02a,1.0,2,test-science-sghwbdgmo-pro02a
50,arguana,50,bm25_no_rerank,0.0,0.0,test,test-society-tsmihwurpp-con02a,1.0,2,test-society-tsmihwurpp-con02a
50,arguana,50,bm25_no_rerank,0.3333333333333333,0.5,test,test-sport-tshbmlbscac-pro01a,1.0,2,test-sport-tshbmlbscac-pro01a
50,arguana,50,fp32_reranker_cpu,0.3333333333333333,0.5,test,test-digital-freedoms-aihbiahr-pro01a,1.0,2,test-digital-freedoms-aihbiahr-pro01a
50,arguana,50,fp32_reranker_cpu,0.1111111111111111,0.3010299956639812,test,test-digital-freedoms-phwnaccpdt-pro01a,1.0,2,test-digital-freedoms-phwnaccpdt-pro01a
50,arguana,50,fp32_reranker_cpu,0.5,0.6309297535714575,test,test-economy-bhahwbsps-pro04a,1.0,2,test-economy-bhahwbsps-pro04a
50,arguana,50,fp32_reranker_cpu,0.0,0.0,test,test-economy-egppphbcb-con02a,0.0,2,test-economy-egppphbcb-con02a
50,arguana,50,fp32_reranker_cpu,0.25,0.43067655807339306,test,test-education-ughbuesbf-pro04a,1.0,2,test-education-ughbuesbf-pro04a
50,arguana,50,fp32_reranker_cpu,0.25,0.43067655807339306,test,test-environment-aiahwagit-con03a,1.0,2,test-environment-aiahwagit-con03a
50,arguana,50,fp32_reranker_cpu,0.1111111111111111,0.3010299956639812,test,test-free-speech-debate-radhbsshr-pro02a,1.0,2,test-free-speech-debate-radhbsshr-pro02a
50,arguana,50,fp32_reranker_cpu,0.2,0.38685280723454163,test,test-health-ppelfhwbpba-pro01a,1.0,2,test-health-ppelfhwbpba-pro01a
50,arguana,50,fp32_reranker_cpu,0.16666666666666666,0.3562071871080222,test,test-international-aghwrem-pro02a,1.0,2,test-international-aghwrem-pro02a
50,arguana,50,fp32_reranker_cpu,0.5,0.6309297535714575,test,test-international-emephsate-con03a,1.0,2,test-international-emephsate-con03a
50,arguana,50,fp32_reranker_cpu,0.0,0.0,test,test-international-ipecfiepg-pro02a,1.0,2,test-international-ipecfiepg-pro02a
50,arguana,50,fp32_reranker_cpu,0.5,0.6309297535714575,test,test-international-segiahbarr-pro02a,1.0,2,test-international-segiahbarr-pro02a
50,arguana,50,fp32_reranker_cpu,0.0,0.0,test,test-law-cplgpshwdp-con02a,0.0,2,test-law-cplgpshwdp-con02a
50,arguana,50,fp32_reranker_cpu,0.0,0.0,test,test-law-rmelhrilhbiw-pro04a,1.0,2,test-law-rmelhrilhbiw-pro04a
50,arguana,50,fp32_reranker_cpu,0.2,0.38685280723454163,test,test-law-thgglcplgphw-pro03a,1.0,2,test-law-thgglcplgphw-pro03a
50,arguana,50,fp32_reranker_cpu,0.0,0.0,test,test-politics-cpecfiepg-con02a,1.0,2,test-international-ipecfiepg-con02a
50,arguana,50,fp32_reranker_cpu,0.0,0.0,test,test-politics-dhbanhrnw-con02a,1.0,2,test-politics-dhbanhrnw-con02a
50,arguana,50,fp32_reranker_cpu,0.5,0.6309297535714575,test,test-politics-gvhbhlsbr-con02a,1.0,2,test-politics-gvhbhlsbr-con02a
50,arguana,50,fp32_reranker_cpu,0.16666666666666666,0.3562071871080222,test,test-politics-pgsimhwoia-con02a,1.0,2,test-politics-pgsimhwoia-con02a
50,arguana,50,fp32_reranker_cpu,0.5,0.6309297535714575,test,test-religion-msgfhwbamec-pro03a,1.0,2,test-religion-msgfhwbamec-pro03a
50,arguana,50,fp32_reranker_cpu,0.25,0.43067655807339306,test,test-religion-wcprrgrhbmi-con02a,1.0,2,test-religion-wcprrgrhbmi-con02a
50,arguana,50,fp32_reranker_cpu,0.25,0.43067655807339306,test,test-science-sghwbdgmo-pro02a,1.0,2,test-science-sghwbdgmo-pro02a
50,arguana,50,fp32_reranker_cpu,0.25,0.43067655807339306,test,test-society-tsmihwurpp-con02a,1.0,2,test-society-tsmihwurpp-con02a
50,arguana,50,fp32_reranker_cpu,0.5,0.6309297535714575,test,test-sport-tshbmlbscac-pro01a,1.0,2,test-sport-tshbmlbscac-pro01a
50,arguana,50,dynamic_int8_reranker_cpu,0.25,0.43067655807339306,test,test-digital-freedoms-aihbiahr-pro01a,1.0,2,test-digital-freedoms-aihbiahr-pro01a
50,arguana,50,dynamic_int8_reranker_cpu,0.125,0.31546487678572877,test,test-digital-freedoms-phwnaccpdt-pro01a,1.0,2,test-digital-freedoms-phwnaccpdt-pro01a
50,arguana,50,dynamic_int8_reranker_cpu,0.5,0.6309297535714575,test,test-economy-bhahwbsps-pro04a,1.0,2,test-economy-bhahwbsps-pro04a
50,arguana,50,dynamic_int8_reranker_cpu,0.0,0.0,test,test-economy-egppphbcb-con02a,0.0,2,test-economy-egppphbcb-con02a
50,arguana,50,dynamic_int8_reranker_cpu,0.3333333333333333,0.5,test,test-education-ughbuesbf-pro04a,1.0,2,test-education-ughbuesbf-pro04a
50,arguana,50,dynamic_int8_reranker_cpu,0.25,0.43067655807339306,test,test-environment-aiahwagit-con03a,1.0,2,test-environment-aiahwagit-con03a
50,arguana,50,dynamic_int8_reranker_cpu,0.1111111111111111,0.3010299956639812,test,test-free-speech-debate-radhbsshr-pro02a,1.0,2,test-free-speech-debate-radhbsshr-pro02a
50,arguana,50,dynamic_int8_reranker_cpu,0.2,0.38685280723454163,test,test-health-ppelfhwbpba-pro01a,1.0,2,test-health-ppelfhwbpba-pro01a
50,arguana,50,dynamic_int8_reranker_cpu,0.125,0.31546487678572877,test,test-international-aghwrem-pro02a,1.0,2,test-international-aghwrem-pro02a
50,arguana,50,dynamic_int8_reranker_cpu,0.5,0.6309297535714575,test,test-international-emephsate-con03a,1.0,2,test-international-emephsate-con03a
50,arguana,50,dynamic_int8_reranker_cpu,0.0,0.0,test,test-international-ipecfiepg-pro02a,1.0,2,test-international-ipecfiepg-pro02a
50,arguana,50,dynamic_int8_reranker_cpu,0.3333333333333333,0.5,test,test-international-segiahbarr-pro02a,1.0,2,test-international-segiahbarr-pro02a
50,arguana,50,dynamic_int8_reranker_cpu,0.0,0.0,test,test-law-cplgpshwdp-con02a,0.0,2,test-law-cplgpshwdp-con02a
50,arguana,50,dynamic_int8_reranker_cpu,0.0,0.0,test,test-law-rmelhrilhbiw-pro04a,1.0,2,test-law-rmelhrilhbiw-pro04a
50,arguana,50,dynamic_int8_reranker_cpu,0.16666666666666666,0.3562071871080222,test,test-law-thgglcplgphw-pro03a,1.0,2,test-law-thgglcplgphw-pro03a
50,arguana,50,dynamic_int8_reranker_cpu,0.0,0.0,test,test-politics-cpecfiepg-con02a,1.0,2,test-international-ipecfiepg-con02a
50,arguana,50,dynamic_int8_reranker_cpu,0.0,0.0,test,test-politics-dhbanhrnw-con02a,1.0,2,test-politics-dhbanhrnw-con02a
50,arguana,50,dynamic_int8_reranker_cpu,0.5,0.6309297535714575,test,test-politics-gvhbhlsbr-con02a,1.0,2,test-politics-gvhbhlsbr-con02a
50,arguana,50,dynamic_int8_reranker_cpu,0.2,0.38685280723454163,test,test-politics-pgsimhwoia-con02a,1.0,2,test-politics-pgsimhwoia-con02a
50,arguana,50,dynamic_int8_reranker_cpu,0.5,0.6309297535714575,test,test-religion-msgfhwbamec-pro03a,1.0,2,test-religion-msgfhwbamec-pro03a
50,arguana,50,dynamic_int8_reranker_cpu,0.25,0.43067655807339306,test,test-religion-wcprrgrhbmi-con02a,1.0,2,test-religion-wcprrgrhbmi-con02a
50,arguana,50,dynamic_int8_reranker_cpu,0.25,0.43067655807339306,test,test-science-sghwbdgmo-pro02a,1.0,2,test-science-sghwbdgmo-pro02a
50,arguana,50,dynamic_int8_reranker_cpu,0.25,0.43067655807339306,test,test-society-tsmihwurpp-con02a,1.0,2,test-society-tsmihwurpp-con02a
50,arguana,50,dynamic_int8_reranker_cpu,0.5,0.6309297535714575,test,test-sport-tshbmlbscac-pro01a,1.0,2,test-sport-tshbmlbscac-pro01a
50,arguana,50,bm25_no_rerank,0.5,0.6309297535714575,test,test-culture-mmciahbans-pro01a,1.0,3,test-culture-mmciahbans-pro01a
50,arguana,50,bm25_no_rerank,0.0,0.0,test,test-economy-beghwbh-pro01a,1.0,3,test-economy-beghwbh-pro01a
50,arguana,50,bm25_no_rerank,0.3333333333333333,0.5,test,test-education-egtuscpih-pro02a,1.0,3,test-education-egtuscpih-pro02a
50,arguana,50,bm25_no_rerank,0.5,0.6309297535714575,test,test-education-udfakusma-pro03a,1.0,3,test-education-udfakusma-pro03a
50,arguana,50,bm25_no_rerank,0.5,0.6309297535714575,test,test-free-speech-debate-fsaphgiap-con04a,1.0,3,test-free-speech-debate-fsaphgiap-con04a
50,arguana,50,bm25_no_rerank,0.0,0.0,test,test-health-dhiacihwph-pro04a,1.0,3,test-health-dhiacihwph-pro04a
50,arguana,50,bm25_no_rerank,0.5,0.6309297535714575,test,test-health-hdond-con01a,1.0,3,test-health-hdond-con01a
50,arguana,50,bm25_no_rerank,0.5,0.6309297535714575,test,test-international-aegmeppghw-pro01a,1.0,3,test-international-aegmeppghw-pro01a
50,arguana,50,bm25_no_rerank,0.0,0.0,test,test-international-segiahbarr-con02a,0.0,3,test-international-segiahbarr-con02a
50,arguana,50,bm25_no_rerank,0.125,0.31546487678572877,test,test-law-cppshbcjsfm-con01a,1.0,3,test-law-cppshbcjsfm-con01a
50,arguana,50,bm25_no_rerank,0.5,0.6309297535714575,test,test-philosophy-ippelhbcp-con02a,1.0,3,test-philosophy-ippelhbcp-con02a
50,arguana,50,bm25_no_rerank,0.0,0.0,test,test-philosophy-ippelhbcp-pro01a,0.0,3,test-philosophy-ippelhbcp-pro01a
50,arguana,50,bm25_no_rerank,0.14285714285714285,0.3333333333333333,test,test-philosophy-npegiepp-pro01a,1.0,3,test-philosophy-npegiepp-pro01a
50,arguana,50,bm25_no_rerank,0.3333333333333333,0.5,test,test-philosophy-npppmhwup-con01a,1.0,3,test-philosophy-npppmhwup-con01a
50,arguana,50,bm25_no_rerank,0.0,0.0,test,test-politics-grcrgshwbr-con04a,1.0,3,test-politics-grcrgshwbr-con04a
50,arguana,50,bm25_no_rerank,0.5,0.6309297535714575,test,test-politics-gvhbhlsbr-con02a,1.0,3,test-politics-gvhbhlsbr-con02a
50,arguana,50,bm25_no_rerank,0.5,0.6309297535714575,test,test-politics-gvhwhnerse-pro01a,1.0,3,test-politics-gvhwhnerse-pro01a
50,arguana,50,bm25_no_rerank,0.5,0.6309297535714575,test,test-politics-gvhwhnerse-pro04a,1.0,3,test-politics-gvhwhnerse-pro04a
50,arguana,50,bm25_no_rerank,0.5,0.6309297535714575,test,test-politics-pgsimhwoia-con01a,1.0,3,test-politics-pgsimhwoia-con01a
50,arguana,50,bm25_no_rerank,0.0,0.0,test,test-religion-cmrsgfhbr-con02a,1.0,3,test-religion-cmrsgfhbr-con02a
50,arguana,50,bm25_no_rerank,0.3333333333333333,0.5,test,test-religion-msgfhwbamec-con02a,1.0,3,test-religion-msgfhwbamec-con02a
50,arguana,50,bm25_no_rerank,0.5,0.6309297535714575,test,test-religion-msgfhwbamec-pro03a,1.0,3,test-religion-msgfhwbamec-pro03a
50,arguana,50,bm25_no_rerank,0.0,0.0,test,test-science-dssghsdmd-pro01a,1.0,3,test-science-dssghsdmd-pro01a
50,arguana,50,bm25_no_rerank,0.3333333333333333,0.5,test,test-science-sghwbdgmo-pro03a,1.0,3,test-science-sghwbdgmo-pro03a
50,arguana,50,fp32_reranker_cpu,0.5,0.6309297535714575,test,test-culture-mmciahbans-pro01a,1.0,3,test-culture-mmciahbans-pro01a
50,arguana,50,fp32_reranker_cpu,0.16666666666666666,0.3562071871080222,test,test-economy-beghwbh-pro01a,1.0,3,test-economy-beghwbh-pro01a
50,arguana,50,fp32_reranker_cpu,0.125,0.31546487678572877,test,test-education-egtuscpih-pro02a,1.0,3,test-education-egtuscpih-pro02a
50,arguana,50,fp32_reranker_cpu,0.5,0.6309297535714575,test,test-education-udfakusma-pro03a,1.0,3,test-education-udfakusma-pro03a
50,arguana,50,fp32_reranker_cpu,0.0,0.0,test,test-free-speech-debate-fsaphgiap-con04a,1.0,3,test-free-speech-debate-fsaphgiap-con04a
50,arguana,50,fp32_reranker_cpu,0.0,0.0,test,test-health-dhiacihwph-pro04a,1.0,3,test-health-dhiacihwph-pro04a
50,arguana,50,fp32_reranker_cpu,0.3333333333333333,0.5,test,test-health-hdond-con01a,1.0,3,test-health-hdond-con01a
50,arguana,50,fp32_reranker_cpu,0.5,0.6309297535714575,test,test-international-aegmeppghw-pro01a,1.0,3,test-international-aegmeppghw-pro01a
50,arguana,50,fp32_reranker_cpu,0.0,0.0,test,test-international-segiahbarr-con02a,0.0,3,test-international-segiahbarr-con02a
50,arguana,50,fp32_reranker_cpu,0.5,0.6309297535714575,test,test-law-cppshbcjsfm-con01a,1.0,3,test-law-cppshbcjsfm-con01a
50,arguana,50,fp32_reranker_cpu,0.1111111111111111,0.3010299956639812,test,test-philosophy-ippelhbcp-con02a,1.0,3,test-philosophy-ippelhbcp-con02a
50,arguana,50,fp32_reranker_cpu,0.0,0.0,test,test-philosophy-ippelhbcp-pro01a,0.0,3,test-philosophy-ippelhbcp-pro01a
50,arguana,50,fp32_reranker_cpu,0.25,0.43067655807339306,test,test-philosophy-npegiepp-pro01a,1.0,3,test-philosophy-npegiepp-pro01a
50,arguana,50,fp32_reranker_cpu,0.1111111111111111,0.3010299956639812,test,test-philosophy-npppmhwup-con01a,1.0,3,test-philosophy-npppmhwup-con01a
50,arguana,50,fp32_reranker_cpu,0.0,0.0,test,test-politics-grcrgshwbr-con04a,1.0,3,test-politics-grcrgshwbr-con04a
50,arguana,50,fp32_reranker_cpu,0.5,0.6309297535714575,test,test-politics-gvhbhlsbr-con02a,1.0,3,test-politics-gvhbhlsbr-con02a
50,arguana,50,fp32_reranker_cpu,0.5,0.6309297535714575,test,test-politics-gvhwhnerse-pro01a,1.0,3,test-politics-gvhwhnerse-pro01a
50,arguana,50,fp32_reranker_cpu,0.2,0.38685280723454163,test,test-politics-gvhwhnerse-pro04a,1.0,3,test-politics-gvhwhnerse-pro04a
50,arguana,50,fp32_reranker_cpu,0.2,0.38685280723454163,test,test-politics-pgsimhwoia-con01a,1.0,3,test-politics-pgsimhwoia-con01a
50,arguana,50,fp32_reranker_cpu,0.0,0.0,test,test-religion-cmrsgfhbr-con02a,1.0,3,test-religion-cmrsgfhbr-con02a
50,arguana,50,fp32_reranker_cpu,0.1111111111111111,0.3010299956639812,test,test-religion-msgfhwbamec-con02a,1.0,3,test-religion-msgfhwbamec-con02a
50,arguana,50,fp32_reranker_cpu,0.5,0.6309297535714575,test,test-religion-msgfhwbamec-pro03a,1.0,3,test-religion-msgfhwbamec-pro03a
50,arguana,50,fp32_reranker_cpu,0.14285714285714285,0.3333333333333333,test,test-science-dssghsdmd-pro01a,1.0,3,test-science-dssghsdmd-pro01a
50,arguana,50,fp32_reranker_cpu,0.16666666666666666,0.3562071871080222,test,test-science-sghwbdgmo-pro03a,1.0,3,test-science-sghwbdgmo-pro03a
50,arguana,50,dynamic_int8_reranker_cpu,0.5,0.6309297535714575,test,test-culture-mmciahbans-pro01a,1.0,3,test-culture-mmciahbans-pro01a
50,arguana,50,dynamic_int8_reranker_cpu,0.16666666666666666,0.3562071871080222,test,test-economy-beghwbh-pro01a,1.0,3,test-economy-beghwbh-pro01a
50,arguana,50,dynamic_int8_reranker_cpu,0.1,0.2890648263178879,test,test-education-egtuscpih-pro02a,1.0,3,test-education-egtuscpih-pro02a
50,arguana,50,dynamic_int8_reranker_cpu,0.5,0.6309297535714575,test,test-education-udfakusma-pro03a,1.0,3,test-education-udfakusma-pro03a
50,arguana,50,dynamic_int8_reranker_cpu,0.0,0.0,test,test-free-speech-debate-fsaphgiap-con04a,1.0,3,test-free-speech-debate-fsaphgiap-con04a
50,arguana,50,dynamic_int8_reranker_cpu,0.0,0.0,test,test-health-dhiacihwph-pro04a,1.0,3,test-health-dhiacihwph-pro04a
50,arguana,50,dynamic_int8_reranker_cpu,0.25,0.43067655807339306,test,test-health-hdond-con01a,1.0,3,test-health-hdond-con01a
50,arguana,50,dynamic_int8_reranker_cpu,0.5,0.6309297535714575,test,test-international-aegmeppghw-pro01a,1.0,3,test-international-aegmeppghw-pro01a
50,arguana,50,dynamic_int8_reranker_cpu,0.0,0.0,test,test-international-segiahbarr-con02a,0.0,3,test-international-segiahbarr-con02a
50,arguana,50,dynamic_int8_reranker_cpu,0.5,0.6309297535714575,test,test-law-cppshbcjsfm-con01a,1.0,3,test-law-cppshbcjsfm-con01a
50,arguana,50,dynamic_int8_reranker_cpu,0.1111111111111111,0.3010299956639812,test,test-philosophy-ippelhbcp-con02a,1.0,3,test-philosophy-ippelhbcp-con02a
50,arguana,50,dynamic_int8_reranker_cpu,0.0,0.0,test,test-philosophy-ippelhbcp-pro01a,0.0,3,test-philosophy-ippelhbcp-pro01a
50,arguana,50,dynamic_int8_reranker_cpu,0.25,0.43067655807339306,test,test-philosophy-npegiepp-pro01a,1.0,3,test-philosophy-npegiepp-pro01a
50,arguana,50,dynamic_int8_reranker_cpu,0.1,0.2890648263178879,test,test-philosophy-npppmhwup-con01a,1.0,3,test-philosophy-npppmhwup-con01a
50,arguana,50,dynamic_int8_reranker_cpu,0.0,0.0,test,test-politics-grcrgshwbr-con04a,1.0,3,test-politics-grcrgshwbr-con04a
50,arguana,50,dynamic_int8_reranker_cpu,0.5,0.6309297535714575,test,test-politics-gvhbhlsbr-con02a,1.0,3,test-politics-gvhbhlsbr-con02a
50,arguana,50,dynamic_int8_reranker_cpu,0.5,0.6309297535714575,test,test-politics-gvhwhnerse-pro01a,1.0,3,test-politics-gvhwhnerse-pro01a
50,arguana,50,dynamic_int8_reranker_cpu,0.25,0.43067655807339306,test,test-politics-gvhwhnerse-pro04a,1.0,3,test-politics-gvhwhnerse-pro04a
50,arguana,50,dynamic_int8_reranker_cpu,0.125,0.31546487678572877,test,test-politics-pgsimhwoia-con01a,1.0,3,test-politics-pgsimhwoia-con01a
50,arguana,50,dynamic_int8_reranker_cpu,0.0,0.0,test,test-religion-cmrsgfhbr-con02a,1.0,3,test-religion-cmrsgfhbr-con02a
50,arguana,50,dynamic_int8_reranker_cpu,0.0,0.0,test,test-religion-msgfhwbamec-con02a,1.0,3,test-religion-msgfhwbamec-con02a
50,arguana,50,dynamic_int8_reranker_cpu,0.5,0.6309297535714575,test,test-religion-msgfhwbamec-pro03a,1.0,3,test-religion-msgfhwbamec-pro03a
50,arguana,50,dynamic_int8_reranker_cpu,0.14285714285714285,0.3333333333333333,test,test-science-dssghsdmd-pro01a,1.0,3,test-science-dssghsdmd-pro01a
50,arguana,50,dynamic_int8_reranker_cpu,0.16666666666666666,0.3562071871080222,test,test-science-sghwbdgmo-pro03a,1.0,3,test-science-sghwbdgmo-pro03a
50,arguana,50,bm25_no_rerank,0.5,0.6309297535714575,test,test-culture-mmctyshwbcp-pro01a,1.0,4,test-culture-mmctyshwbcp-pro01a
50,arguana,50,bm25_no_rerank,0.5,0.6309297535714575,test,test-culture-mthbah-pro03a,1.0,4,test-culture-mthbah-pro03a
50,arguana,50,bm25_no_rerank,0.5,0.6309297535714575,test,test-digital-freedoms-piidfaihbg-con03a,1.0,4,test-digital-freedoms-piidfaihbg-con03a
50,arguana,50,bm25_no_rerank,0.125,0.31546487678572877,test,test-economy-beghwbh-pro03a,1.0,4,test-economy-beghwbh-pro03a
50,arguana,50,bm25_no_rerank,0.16666666666666666,0.3562071871080222,test,test-economy-egiahbwaka-pro02a,1.0,4,test-economy-egiahbwaka-pro02a
50,arguana,50,bm25_no_rerank,0.5,0.6309297535714575,test,test-economy-epiasghbf-con03a,1.0,4,test-economy-epiasghbf-con03a
50,arguana,50,bm25_no_rerank,0.16666666666666666,0.3562071871080222,test,test-economy-epsihbdns-con02a,1.0,4,test-economy-epsihbdns-con02a
50,arguana,50,bm25_no_rerank,0.1111111111111111,0.3010299956639812,test,test-education-ughbuesbf-con02a,1.0,4,test-education-ughbuesbf-con02a
50,arguana,50,bm25_no_rerank,0.0,0.0,test,test-environment-assgbatj-con01a,1.0,4,test-environment-assgbatj-con01a
50,arguana,50,bm25_no_rerank,0.0,0.0,test,test-free-speech-debate-yfsdfkhbwu-pro01a,0.0,4,test-free-speech-debate-yfsdfkhbwu-pro01a
50,arguana,50,bm25_no_rerank,0.25,0.43067655807339306,test,test-health-dhghhbampt-pro01a,1.0,4,test-health-dhghhbampt-pro01a
50,arguana,50,bm25_no_rerank,0.5,0.6309297535714575,test,test-health-dhpelhbass-con04a,1.0,4,test-health-dhpelhbass-con04a
50,arguana,50,bm25_no_rerank,0.0,0.0,test,test-international-aghbfcpspr-con02a,1.0,4,test-international-aghbfcpspr-con02a
50,arguana,50,bm25_no_rerank,0.0,0.0,test,test-international-amehbuaisji-pro03a,0.0,4,test-international-amehbuaisji-pro03a
50,arguana,50,bm25_no_rerank,0.125,0.31546487678572877,test,test-international-bldimehbn-con03a,1.0,4,test-international-bldimehbn-con03a
50,arguana,50,bm25_no_rerank,0.3333333333333333,0.5,test,test-international-eiahwpamu-con01a,1.0,4,test-economy-fiahwpamu-con01a
50,arguana,50,bm25_no_rerank,0.0,0.0,test,test-international-ipecfiepg-con04a,1.0,4,test-international-ipecfiepg-con04a
50,arguana,50,bm25_no_rerank,0.25,0.43067655807339306,test,test-law-cplgpshwdp-pro04a,1.0,4,test-law-cplgpshwdp-pro04a
50,arguana,50,bm25_no_rerank,0.5,0.6309297535714575,test,test-law-hrilpgwhwr-con04a,1.0,4,test-law-hrilpgwhwr-con04a
50,arguana,50,bm25_no_rerank,0.5,0.6309297535714575,test,test-philosophy-npppmhwup-pro03a,1.0,4,test-philosophy-npppmhwup-pro03a
50,arguana,50,bm25_no_rerank,0.2,0.38685280723454163,test,test-politics-eppghwgpi-con05a,1.0,4,test-politics-eppghwgpi-con05a
50,arguana,50,bm25_no_rerank,0.16666666666666666,0.3562071871080222,test,test-politics-glgvhbqssc-con01a,1.0,4,test-politics-glgvhbqssc-con01a
50,arguana,50,bm25_no_rerank,0.5,0.6309297535714575,test,test-politics-gvhwhnerse-pro01a,1.0,4,test-politics-gvhwhnerse-pro01a
50,arguana,50,bm25_no_rerank,0.2,0.38685280723454163,test,test-science-wsihwclscaaw-pro01a,1.0,4,test-science-wsihwclscaaw-pro01a
50,arguana,50,fp32_reranker_cpu,0.5,0.6309297535714575,test,test-culture-mmctyshwbcp-pro01a,1.0,4,test-culture-mmctyshwbcp-pro01a
50,arguana,50,fp32_reranker_cpu,0.3333333333333333,0.5,test,test-culture-mthbah-pro03a,1.0,4,test-culture-mthbah-pro03a
50,arguana,50,fp32_reranker_cpu,0.16666666666666666,0.3562071871080222,test,test-digital-freedoms-piidfaihbg-con03a,1.0,4,test-digital-freedoms-piidfaihbg-con03a
50,arguana,50,fp32_reranker_cpu,0.2,0.38685280723454163,test,test-economy-beghwbh-pro03a,1.0,4,test-economy-beghwbh-pro03a
50,arguana,50,fp32_reranker_cpu,0.125,0.31546487678572877,test,test-economy-egiahbwaka-pro02a,1.0,4,test-economy-egiahbwaka-pro02a
50,arguana,50,fp32_reranker_cpu,0.25,0.43067655807339306,test,test-economy-epiasghbf-con03a,1.0,4,test-economy-epiasghbf-con03a
50,arguana,50,fp32_reranker_cpu,0.16666666666666666,0.3562071871080222,test,test-economy-epsihbdns-con02a,1.0,4,test-economy-epsihbdns-con02a
50,arguana,50,fp32_reranker_cpu,0.1111111111111111,0.3010299956639812,test,test-education-ughbuesbf-con02a,1.0,4,test-education-ughbuesbf-con02a
50,arguana,50,fp32_reranker_cpu,0.0,0.0,test,test-environment-assgbatj-con01a,1.0,4,test-environment-assgbatj-con01a
50,arguana,50,fp32_reranker_cpu,0.0,0.0,test,test-free-speech-debate-yfsdfkhbwu-pro01a,0.0,4,test-free-speech-debate-yfsdfkhbwu-pro01a
50,arguana,50,fp32_reranker_cpu,0.5,0.6309297535714575,test,test-health-dhghhbampt-pro01a,1.0,4,test-health-dhghhbampt-pro01a
50,arguana,50,fp32_reranker_cpu,0.5,0.6309297535714575,test,test-health-dhpelhbass-con04a,1.0,4,test-health-dhpelhbass-con04a
50,arguana,50,fp32_reranker_cpu,0.14285714285714285,0.3333333333333333,test,test-international-aghbfcpspr-con02a,1.0,4,test-international-aghbfcpspr-con02a
50,arguana,50,fp32_reranker_cpu,0.0,0.0,test,test-international-amehbuaisji-pro03a,0.0,4,test-international-amehbuaisji-pro03a
50,arguana,50,fp32_reranker_cpu,0.5,0.6309297535714575,test,test-international-bldimehbn-con03a,1.0,4,test-international-bldimehbn-con03a
50,arguana,50,fp32_reranker_cpu,0.3333333333333333,0.5,test,test-international-eiahwpamu-con01a,1.0,4,test-economy-fiahwpamu-con01a
50,arguana,50,fp32_reranker_cpu,0.0,0.0,test,test-international-ipecfiepg-con04a,1.0,4,test-international-ipecfiepg-con04a
50,arguana,50,fp32_reranker_cpu,0.125,0.31546487678572877,test,test-law-cplgpshwdp-pro04a,1.0,4,test-law-cplgpshwdp-pro04a
50,arguana,50,fp32_reranker_cpu,0.5,0.6309297535714575,test,test-law-hrilpgwhwr-con04a,1.0,4,test-law-hrilpgwhwr-con04a
50,arguana,50,fp32_reranker_cpu,0.5,0.6309297535714575,test,test-philosophy-npppmhwup-pro03a,1.0,4,test-philosophy-npppmhwup-pro03a
50,arguana,50,fp32_reranker_cpu,0.0,0.0,test,test-politics-eppghwgpi-con05a,1.0,4,test-politics-eppghwgpi-con05a
50,arguana,50,fp32_reranker_cpu,0.5,0.6309297535714575,test,test-politics-glgvhbqssc-con01a,1.0,4,test-politics-glgvhbqssc-con01a
50,arguana,50,fp32_reranker_cpu,0.5,0.6309297535714575,test,test-politics-gvhwhnerse-pro01a,1.0,4,test-politics-gvhwhnerse-pro01a
50,arguana,50,fp32_reranker_cpu,0.16666666666666666,0.3562071871080222,test,test-science-wsihwclscaaw-pro01a,1.0,4,test-science-wsihwclscaaw-pro01a
50,arguana,50,dynamic_int8_reranker_cpu,0.5,0.6309297535714575,test,test-culture-mmctyshwbcp-pro01a,1.0,4,test-culture-mmctyshwbcp-pro01a
50,arguana,50,dynamic_int8_reranker_cpu,0.3333333333333333,0.5,test,test-culture-mthbah-pro03a,1.0,4,test-culture-mthbah-pro03a
50,arguana,50,dynamic_int8_reranker_cpu,0.14285714285714285,0.3333333333333333,test,test-digital-freedoms-piidfaihbg-con03a,1.0,4,test-digital-freedoms-piidfaihbg-con03a
50,arguana,50,dynamic_int8_reranker_cpu,0.2,0.38685280723454163,test,test-economy-beghwbh-pro03a,1.0,4,test-economy-beghwbh-pro03a
50,arguana,50,dynamic_int8_reranker_cpu,0.125,0.31546487678572877,test,test-economy-egiahbwaka-pro02a,1.0,4,test-economy-egiahbwaka-pro02a
50,arguana,50,dynamic_int8_reranker_cpu,0.5,0.6309297535714575,test,test-economy-epiasghbf-con03a,1.0,4,test-economy-epiasghbf-con03a
50,arguana,50,dynamic_int8_reranker_cpu,0.2,0.38685280723454163,test,test-economy-epsihbdns-con02a,1.0,4,test-economy-epsihbdns-con02a
50,arguana,50,dynamic_int8_reranker_cpu,0.0,0.0,test,test-education-ughbuesbf-con02a,1.0,4,test-education-ughbuesbf-con02a
50,arguana,50,dynamic_int8_reranker_cpu,0.0,0.0,test,test-environment-assgbatj-con01a,1.0,4,test-environment-assgbatj-con01a
50,arguana,50,dynamic_int8_reranker_cpu,0.0,0.0,test,test-free-speech-debate-yfsdfkhbwu-pro01a,0.0,4,test-free-speech-debate-yfsdfkhbwu-pro01a
50,arguana,50,dynamic_int8_reranker_cpu,0.5,0.6309297535714575,test,test-health-dhghhbampt-pro01a,1.0,4,test-health-dhghhbampt-pro01a
50,arguana,50,dynamic_int8_reranker_cpu,0.5,0.6309297535714575,test,test-health-dhpelhbass-con04a,1.0,4,test-health-dhpelhbass-con04a
50,arguana,50,dynamic_int8_reranker_cpu,0.14285714285714285,0.3333333333333333,test,test-international-aghbfcpspr-con02a,1.0,4,test-international-aghbfcpspr-con02a
50,arguana,50,dynamic_int8_reranker_cpu,0.0,0.0,test,test-international-amehbuaisji-pro03a,0.0,4,test-international-amehbuaisji-pro03a
50,arguana,50,dynamic_int8_reranker_cpu,0.5,0.6309297535714575,test,test-international-bldimehbn-con03a,1.0,4,test-international-bldimehbn-con03a
50,arguana,50,dynamic_int8_reranker_cpu,0.3333333333333333,0.5,test,test-international-eiahwpamu-con01a,1.0,4,test-economy-fiahwpamu-con01a
50,arguana,50,dynamic_int8_reranker_cpu,0.0,0.0,test,test-international-ipecfiepg-con04a,1.0,4,test-international-ipecfiepg-con04a
50,arguana,50,dynamic_int8_reranker_cpu,0.14285714285714285,0.3333333333333333,test,test-law-cplgpshwdp-pro04a,1.0,4,test-law-cplgpshwdp-pro04a
50,arguana,50,dynamic_int8_reranker_cpu,0.5,0.6309297535714575,test,test-law-hrilpgwhwr-con04a,1.0,4,test-law-hrilpgwhwr-con04a
50,arguana,50,dynamic_int8_reranker_cpu,0.5,0.6309297535714575,test,test-philosophy-npppmhwup-pro03a,1.0,4,test-philosophy-npppmhwup-pro03a
50,arguana,50,dynamic_int8_reranker_cpu,0.0,0.0,test,test-politics-eppghwgpi-con05a,1.0,4,test-politics-eppghwgpi-con05a
50,arguana,50,dynamic_int8_reranker_cpu,0.5,0.6309297535714575,test,test-politics-glgvhbqssc-con01a,1.0,4,test-politics-glgvhbqssc-con01a
50,arguana,50,dynamic_int8_reranker_cpu,0.5,0.6309297535714575,test,test-politics-gvhwhnerse-pro01a,1.0,4,test-politics-gvhwhnerse-pro01a
50,arguana,50,dynamic_int8_reranker_cpu,0.0,0.0,test,test-science-wsihwclscaaw-pro01a,1.0,4,test-science-wsihwclscaaw-pro01a
50,arguana,50,bm25_no_rerank,0.5,0.6309297535714575,test,test-culture-mmciahbans-pro01a,1.0,5,test-culture-mmciahbans-pro01a
50,arguana,50,bm25_no_rerank,0.5,0.6309297535714575,test,test-culture-thbcsbptwhht-pro02a,1.0,5,test-culture-thbcsbptwhht-pro02a
50,arguana,50,bm25_no_rerank,0.5,0.6309297535714575,test,test-digital-freedoms-eifpgdff-con01a,1.0,5,test-digital-freedoms-eifpgdff-con01a
50,arguana,50,bm25_no_rerank,0.0,0.0,test,test-economy-epehwmrbals-pro05a,1.0,5,test-economy-epehwmrbals-pro05a
50,arguana,50,bm25_no_rerank,0.5,0.6309297535714575,test,test-economy-fiahwpamu-con01a,1.0,5,test-economy-fiahwpamu-con01a
50,arguana,50,bm25_no_rerank,0.5,0.6309297535714575,test,test-education-ughbuesbf-pro01a,1.0,5,test-education-ughbuesbf-pro01a
50,arguana,50,bm25_no_rerank,0.3333333333333333,0.5,test,test-environment-ehwsnwu-con03a,1.0,5,test-environment-ehwsnwu-con03a
50,arguana,50,bm25_no_rerank,0.0,0.0,test,test-health-ahiahbgbsp-con02a,1.0,5,test-health-ahiahbgbsp-con02a
50,arguana,50,bm25_no_rerank,0.16666666666666666,0.3562071871080222,test,test-health-hpehwadvoee-con03a,1.0,5,test-health-hpehwadvoee-con03a
50,arguana,50,bm25_no_rerank,0.2,0.38685280723454163,test,test-health-hpehwadvoee-pro04a,1.0,5,test-health-hpehwadvoee-pro04a
50,arguana,50,bm25_no_rerank,0.5,0.6309297535714575,test,test-international-aahwstdrtfm-pro02a,1.0,5,test-international-aahwstdrtfm-pro02a
50,arguana,50,bm25_no_rerank,0.0,0.0,test,test-international-appghblsba-pro03a,1.0,5,test-international-appghblsba-pro03a
50,arguana,50,bm25_no_rerank,0.3333333333333333,0.5,test,test-international-ipecfiepg-con01a,1.0,5,test-international-ipecfiepg-con01a
50,arguana,50,bm25_no_rerank,0.0,0.0,test,test-international-segiahbarr-pro02a,1.0,5,test-international-segiahbarr-pro02a
50,arguana,50,bm25_no_rerank,0.14285714285714285,0.3333333333333333,test,test-international-siacphbnt-pro05a,1.0,5,test-international-siacphbnt-pro05a
50,arguana,50,bm25_no_rerank,0.16666666666666666,0.3562071871080222,test,test-law-ilppppghb-con03a,1.0,5,test-law-ilppppghb-con03a
50,arguana,50,bm25_no_rerank,0.5,0.6309297535714575,test,test-philosophy-eppphwlrtjs-con04a,1.0,5,test-philosophy-eppphwlrtjs-con04a
50,arguana,50,bm25_no_rerank,0.5,0.6309297535714575,test,test-philosophy-ippelhbcp-con02a,1.0,5,test-philosophy-ippelhbcp-con02a
50,arguana,50,bm25_no_rerank,0.0,0.0,test,test-politics-ghbgussbsbt-con01a,1.0,5,test-politics-ghbgussbsbt-con01a
50,arguana,50,bm25_no_rerank,0.3333333333333333,0.5,test,test-politics-gvhbhlsbr-con01a,1.0,5,test-politics-gvhbhlsbr-con01a
50,arguana,50,bm25_no_rerank,0.3333333333333333,0.5,test,test-politics-oeplhbuwhmi-con02a,1.0,5,test-politics-oeplhbuwhmi-con02a
50,arguana,50,bm25_no_rerank,0.5,0.6309297535714575,test,test-science-cpisydfphwj-pro01a,1.0,5,test-science-cpisydfphwj-pro01a
50,arguana,50,bm25_no_rerank,0.3333333333333333,0.5,test,test-society-epiasghbf-con03a,1.0,5,test-economy-epiasghbf-con03a
50,arguana,50,bm25_no_rerank,0.14285714285714285,0.3333333333333333,test,test-society-epsihbdns-con02a,1.0,5,test-economy-epsihbdns-con02a
50,arguana,50,fp32_reranker_cpu,0.5,0.6309297535714575,test,test-culture-mmciahbans-pro01a,1.0,5,test-culture-mmciahbans-pro01a
50,arguana,50,fp32_reranker_cpu,0.5,0.6309297535714575,test,test-culture-thbcsbptwhht-pro02a,1.0,5,test-culture-thbcsbptwhht-pro02a
50,arguana,50,fp32_reranker_cpu,0.5,0.6309297535714575,test,test-digital-freedoms-eifpgdff-con01a,1.0,5,test-digital-freedoms-eifpgdff-con01a
50,arguana,50,fp32_reranker_cpu,0.0,0.0,test,test-economy-epehwmrbals-pro05a,1.0,5,test-economy-epehwmrbals-pro05a
50,arguana,50,fp32_reranker_cpu,0.5,0.6309297535714575,test,test-economy-fiahwpamu-con01a,1.0,5,test-economy-fiahwpamu-con01a
50,arguana,50,fp32_reranker_cpu,0.5,0.6309297535714575,test,test-education-ughbuesbf-pro01a,1.0,5,test-education-ughbuesbf-pro01a
50,arguana,50,fp32_reranker_cpu,0.2,0.38685280723454163,test,test-environment-ehwsnwu-con03a,1.0,5,test-environment-ehwsnwu-con03a
50,arguana,50,fp32_reranker_cpu,0.5,0.6309297535714575,test,test-health-ahiahbgbsp-con02a,1.0,5,test-health-ahiahbgbsp-con02a
50,arguana,50,fp32_reranker_cpu,0.5,0.6309297535714575,test,test-health-hpehwadvoee-con03a,1.0,5,test-health-hpehwadvoee-con03a
50,arguana,50,fp32_reranker_cpu,0.125,0.31546487678572877,test,test-health-hpehwadvoee-pro04a,1.0,5,test-health-hpehwadvoee-pro04a
50,arguana,50,fp32_reranker_cpu,0.3333333333333333,0.5,test,test-international-aahwstdrtfm-pro02a,1.0,5,test-international-aahwstdrtfm-pro02a
50,arguana,50,fp32_reranker_cpu,0.0,0.0,test,test-international-appghblsba-pro03a,1.0,5,test-international-appghblsba-pro03a
50,arguana,50,fp32_reranker_cpu,0.14285714285714285,0.3333333333333333,test,test-international-ipecfiepg-con01a,1.0,5,test-international-ipecfiepg-con01a
50,arguana,50,fp32_reranker_cpu,0.5,0.6309297535714575,test,test-international-segiahbarr-pro02a,1.0,5,test-international-segiahbarr-pro02a
50,arguana,50,fp32_reranker_cpu,0.16666666666666666,0.3562071871080222,test,test-international-siacphbnt-pro05a,1.0,5,test-international-siacphbnt-pro05a
50,arguana,50,fp32_reranker_cpu,0.1111111111111111,0.3010299956639812,test,test-law-ilppppghb-con03a,1.0,5,test-law-ilppppghb-con03a
50,arguana,50,fp32_reranker_cpu,0.5,0.6309297535714575,test,test-philosophy-eppphwlrtjs-con04a,1.0,5,test-philosophy-eppphwlrtjs-con04a
50,arguana,50,fp32_reranker_cpu,0.1111111111111111,0.3010299956639812,test,test-philosophy-ippelhbcp-con02a,1.0,5,test-philosophy-ippelhbcp-con02a
50,arguana,50,fp32_reranker_cpu,0.1111111111111111,0.3010299956639812,test,test-politics-ghbgussbsbt-con01a,1.0,5,test-politics-ghbgussbsbt-con01a
50,arguana,50,fp32_reranker_cpu,0.5,0.6309297535714575,test,test-politics-gvhbhlsbr-con01a,1.0,5,test-politics-gvhbhlsbr-con01a
50,arguana,50,fp32_reranker_cpu,0.5,0.6309297535714575,test,test-politics-oeplhbuwhmi-con02a,1.0,5,test-politics-oeplhbuwhmi-con02a
50,arguana,50,fp32_reranker_cpu,0.3333333333333333,0.5,test,test-science-cpisydfphwj-pro01a,1.0,5,test-science-cpisydfphwj-pro01a
50,arguana,50,fp32_reranker_cpu,0.2,0.38685280723454163,test,test-society-epiasghbf-con03a,1.0,5,test-economy-epiasghbf-con03a
50,arguana,50,fp32_reranker_cpu,0.14285714285714285,0.3333333333333333,test,test-society-epsihbdns-con02a,1.0,5,test-economy-epsihbdns-con02a
50,arguana,50,dynamic_int8_reranker_cpu,0.5,0.6309297535714575,test,test-culture-mmciahbans-pro01a,1.0,5,test-culture-mmciahbans-pro01a
50,arguana,50,dynamic_int8_reranker_cpu,0.5,0.6309297535714575,test,test-culture-thbcsbptwhht-pro02a,1.0,5,test-culture-thbcsbptwhht-pro02a
50,arguana,50,dynamic_int8_reranker_cpu,0.5,0.6309297535714575,test,test-digital-freedoms-eifpgdff-con01a,1.0,5,test-digital-freedoms-eifpgdff-con01a
50,arguana,50,dynamic_int8_reranker_cpu,0.0,0.0,test,test-economy-epehwmrbals-pro05a,1.0,5,test-economy-epehwmrbals-pro05a
50,arguana,50,dynamic_int8_reranker_cpu,0.5,0.6309297535714575,test,test-economy-fiahwpamu-con01a,1.0,5,test-economy-fiahwpamu-con01a
50,arguana,50,dynamic_int8_reranker_cpu,0.5,0.6309297535714575,test,test-education-ughbuesbf-pro01a,1.0,5,test-education-ughbuesbf-pro01a
50,arguana,50,dynamic_int8_reranker_cpu,0.2,0.38685280723454163,test,test-environment-ehwsnwu-con03a,1.0,5,test-environment-ehwsnwu-con03a
50,arguana,50,dynamic_int8_reranker_cpu,0.5,0.6309297535714575,test,test-health-ahiahbgbsp-con02a,1.0,5,test-health-ahiahbgbsp-con02a
50,arguana,50,dynamic_int8_reranker_cpu,0.5,0.6309297535714575,test,test-health-hpehwadvoee-con03a,1.0,5,test-health-hpehwadvoee-con03a
50,arguana,50,dynamic_int8_reranker_cpu,0.1111111111111111,0.3010299956639812,test,test-health-hpehwadvoee-pro04a,1.0,5,test-health-hpehwadvoee-pro04a
50,arguana,50,dynamic_int8_reranker_cpu,0.3333333333333333,0.5,test,test-international-aahwstdrtfm-pro02a,1.0,5,test-international-aahwstdrtfm-pro02a
50,arguana,50,dynamic_int8_reranker_cpu,0.0,0.0,test,test-international-appghblsba-pro03a,1.0,5,test-international-appghblsba-pro03a
50,arguana,50,dynamic_int8_reranker_cpu,0.14285714285714285,0.3333333333333333,test,test-international-ipecfiepg-con01a,1.0,5,test-international-ipecfiepg-con01a
50,arguana,50,dynamic_int8_reranker_cpu,0.3333333333333333,0.5,test,test-international-segiahbarr-pro02a,1.0,5,test-international-segiahbarr-pro02a
50,arguana,50,dynamic_int8_reranker_cpu,0.2,0.38685280723454163,test,test-international-siacphbnt-pro05a,1.0,5,test-international-siacphbnt-pro05a
50,arguana,50,dynamic_int8_reranker_cpu,0.125,0.31546487678572877,test,test-law-ilppppghb-con03a,1.0,5,test-law-ilppppghb-con03a
50,arguana,50,dynamic_int8_reranker_cpu,0.5,0.6309297535714575,test,test-philosophy-eppphwlrtjs-con04a,1.0,5,test-philosophy-eppphwlrtjs-con04a
50,arguana,50,dynamic_int8_reranker_cpu,0.1111111111111111,0.3010299956639812,test,test-philosophy-ippelhbcp-con02a,1.0,5,test-philosophy-ippelhbcp-con02a
50,arguana,50,dynamic_int8_reranker_cpu,0.125,0.31546487678572877,test,test-politics-ghbgussbsbt-con01a,1.0,5,test-politics-ghbgussbsbt-con01a
50,arguana,50,dynamic_int8_reranker_cpu,0.5,0.6309297535714575,test,test-politics-gvhbhlsbr-con01a,1.0,5,test-politics-gvhbhlsbr-con01a
50,arguana,50,dynamic_int8_reranker_cpu,0.5,0.6309297535714575,test,test-politics-oeplhbuwhmi-con02a,1.0,5,test-politics-oeplhbuwhmi-con02a
50,arguana,50,dynamic_int8_reranker_cpu,0.3333333333333333,0.5,test,test-science-cpisydfphwj-pro01a,1.0,5,test-science-cpisydfphwj-pro01a
50,arguana,50,dynamic_int8_reranker_cpu,0.3333333333333333,0.5,test,test-society-epiasghbf-con03a,1.0,5,test-economy-epiasghbf-con03a
50,arguana,50,dynamic_int8_reranker_cpu,0.16666666666666666,0.3562071871080222,test,test-society-epsihbdns-con02a,1.0,5,test-economy-epsihbdns-con02a
100,arguana,100,bm25_no_rerank,0.5,0.6309297535714575,test,test-culture-ahrtsdlgra-pro02a,1.0,1,test-culture-ahrtsdlgra-pro02a
100,arguana,100,bm25_no_rerank,0.5,0.6309297535714575,test,test-culture-thbcsbptwhht-pro01a,1.0,1,test-culture-thbcsbptwhht-pro01a
100,arguana,100,bm25_no_rerank,0.0,0.0,test,test-digital-freedoms-piidfiphwu-pro03a,1.0,1,test-digital-freedoms-piidfiphwu-pro03a
100,arguana,100,bm25_no_rerank,0.2,0.38685280723454163,test,test-economy-egppphbcb-pro04a,1.0,1,test-economy-egppphbcb-pro04a
100,arguana,100,bm25_no_rerank,0.0,0.0,test,test-economy-epiasghbf-con01a,1.0,1,test-economy-epiasghbf-con01a
100,arguana,100,bm25_no_rerank,0.0,0.0,test,test-economy-thhghwhwift-con03a,1.0,1,test-economy-thhghwhwift-con03a
100,arguana,100,bm25_no_rerank,0.2,0.38685280723454163,test,test-education-pshhghwpba0-pro01a,1.0,1,test-education-pshhghwpba0-pro01a
100,arguana,100,bm25_no_rerank,0.2,0.38685280723454163,test,test-free-speech-debate-radhbsshr-con01a,1.0,1,test-free-speech-debate-radhbsshr-con01a
100,arguana,100,bm25_no_rerank,0.0,0.0,test,test-health-dhgsshbesbc-con03a,0.0,1,test-health-dhgsshbesbc-con03a
100,arguana,100,bm25_no_rerank,0.0,0.0,test,test-international-aahwstdrtfm-pro01a,1.0,1,test-international-aahwstdrtfm-pro01a
100,arguana,100,bm25_no_rerank,0.25,0.43067655807339306,test,test-international-aghwrem-con02a,1.0,1,test-international-aghwrem-con02a
100,arguana,100,bm25_no_rerank,0.5,0.6309297535714575,test,test-international-epvhwhranet-con01a,1.0,1,test-international-epvhwhranet-con01a
100,arguana,100,bm25_no_rerank,0.0,0.0,test,test-international-siacphbnt-pro03a,1.0,1,test-international-siacphbnt-pro03a
100,arguana,100,bm25_no_rerank,0.3333333333333333,0.5,test,test-law-cplglghwbhwd-con01a,1.0,1,test-law-cplglghwbhwd-con01a
100,arguana,100,bm25_no_rerank,0.5,0.6309297535714575,test,test-law-sdfclhrppph-pro02a,1.0,1,test-law-sdfclhrppph-pro02a
100,arguana,100,bm25_no_rerank,0.2,0.38685280723454163,test,test-law-tlcplghwfne-con01a,1.0,1,test-law-tlcplghwfne-con01a
100,arguana,100,bm25_no_rerank,0.5,0.6309297535714575,test,test-law-umtlilhotac-con03a,1.0,1,test-law-umtlilhotac-con03a
100,arguana,100,bm25_no_rerank,0.0,0.0,test,test-philosophy-npegiepp-con02a,1.0,1,test-philosophy-npegiepp-con02a
100,arguana,100,bm25_no_rerank,0.3333333333333333,0.5,test,test-philosophy-pppgshbsd-pro03a,1.0,1,test-philosophy-pppgshbsd-pro03a
100,arguana,100,bm25_no_rerank,0.125,0.31546487678572877,test,test-politics-cdfsaphgiap-pro02a,1.0,1,test-free-speech-debate-fsaphgiap-pro02a
100,arguana,100,bm25_no_rerank,0.25,0.43067655807339306,test,test-politics-oepdlhfcefp-pro04a,1.0,1,test-international-epdlhfcefp-pro04a
100,arguana,100,bm25_no_rerank,0.3333333333333333,0.5,test,test-politics-ypppgvhwmv-pro04a,1.0,1,test-politics-ypppgvhwmv-pro04a
100,arguana,100,bm25_no_rerank,0.0,0.0,test,test-religion-wcprrgrhbmi-pro01a,1.0,1,test-religion-wcprrgrhbmi-pro01a
100,arguana,100,bm25_no_rerank,0.0,0.0,test,test-society-epsihbdns-con01a,1.0,1,test-economy-epsihbdns-con01a
100,arguana,100,fp32_reranker_cpu,0.1111111111111111,0.3010299956639812,test,test-culture-ahrtsdlgra-pro02a,1.0,1,test-culture-ahrtsdlgra-pro02a
100,arguana,100,fp32_reranker_cpu,0.25,0.43067655807339306,test,test-culture-thbcsbptwhht-pro01a,1.0,1,test-culture-thbcsbptwhht-pro01a
100,arguana,100,fp32_reranker_cpu,0.16666666666666666,0.3562071871080222,test,test-digital-freedoms-piidfiphwu-pro03a,1.0,1,test-digital-freedoms-piidfiphwu-pro03a
100,arguana,100,fp32_reranker_cpu,0.125,0.31546487678572877,test,test-economy-egppphbcb-pro04a,1.0,1,test-economy-egppphbcb-pro04a
100,arguana,100,fp32_reranker_cpu,0.16666666666666666,0.3562071871080222,test,test-economy-epiasghbf-con01a,1.0,1,test-economy-epiasghbf-con01a
100,arguana,100,fp32_reranker_cpu,0.1111111111111111,0.3010299956639812,test,test-economy-thhghwhwift-con03a,1.0,1,test-economy-thhghwhwift-con03a
100,arguana,100,fp32_reranker_cpu,0.5,0.6309297535714575,test,test-education-pshhghwpba0-pro01a,1.0,1,test-education-pshhghwpba0-pro01a
100,arguana,100,fp32_reranker_cpu,0.25,0.43067655807339306,test,test-free-speech-debate-radhbsshr-con01a,1.0,1,test-free-speech-debate-radhbsshr-con01a
100,arguana,100,fp32_reranker_cpu,0.0,0.0,test,test-health-dhgsshbesbc-con03a,0.0,1,test-health-dhgsshbesbc-con03a
100,arguana,100,fp32_reranker_cpu,0.0,0.0,test,test-international-aahwstdrtfm-pro01a,1.0,1,test-international-aahwstdrtfm-pro01a
100,arguana,100,fp32_reranker_cpu,0.5,0.6309297535714575,test,test-international-aghwrem-con02a,1.0,1,test-international-aghwrem-con02a
100,arguana,100,fp32_reranker_cpu,0.5,0.6309297535714575,test,test-international-epvhwhranet-con01a,1.0,1,test-international-epvhwhranet-con01a
100,arguana,100,fp32_reranker_cpu,0.2,0.38685280723454163,test,test-international-siacphbnt-pro03a,1.0,1,test-international-siacphbnt-pro03a
100,arguana,100,fp32_reranker_cpu,0.25,0.43067655807339306,test,test-law-cplglghwbhwd-con01a,1.0,1,test-law-cplglghwbhwd-con01a
100,arguana,100,fp32_reranker_cpu,0.5,0.6309297535714575,test,test-law-sdfclhrppph-pro02a,1.0,1,test-law-sdfclhrppph-pro02a
100,arguana,100,fp32_reranker_cpu,0.1,0.2890648263178879,test,test-law-tlcplghwfne-con01a,1.0,1,test-law-tlcplghwfne-con01a
100,arguana,100,fp32_reranker_cpu,0.5,0.6309297535714575,test,test-law-umtlilhotac-con03a,1.0,1,test-law-umtlilhotac-con03a
100,arguana,100,fp32_reranker_cpu,0.0,0.0,test,test-philosophy-npegiepp-con02a,1.0,1,test-philosophy-npegiepp-con02a
100,arguana,100,fp32_reranker_cpu,0.25,0.43067655807339306,test,test-philosophy-pppgshbsd-pro03a,1.0,1,test-philosophy-pppgshbsd-pro03a
100,arguana,100,fp32_reranker_cpu,0.25,0.43067655807339306,test,test-politics-cdfsaphgiap-pro02a,1.0,1,test-free-speech-debate-fsaphgiap-pro02a
100,arguana,100,fp32_reranker_cpu,0.1111111111111111,0.3010299956639812,test,test-politics-oepdlhfcefp-pro04a,1.0,1,test-international-epdlhfcefp-pro04a
100,arguana,100,fp32_reranker_cpu,0.5,0.6309297535714575,test,test-politics-ypppgvhwmv-pro04a,1.0,1,test-politics-ypppgvhwmv-pro04a
100,arguana,100,fp32_reranker_cpu,0.3333333333333333,0.5,test,test-religion-wcprrgrhbmi-pro01a,1.0,1,test-religion-wcprrgrhbmi-pro01a
100,arguana,100,fp32_reranker_cpu,0.3333333333333333,0.5,test,test-society-epsihbdns-con01a,1.0,1,test-economy-epsihbdns-con01a
100,arguana,100,dynamic_int8_reranker_cpu,0.1111111111111111,0.3010299956639812,test,test-culture-ahrtsdlgra-pro02a,1.0,1,test-culture-ahrtsdlgra-pro02a
100,arguana,100,dynamic_int8_reranker_cpu,0.2,0.38685280723454163,test,test-culture-thbcsbptwhht-pro01a,1.0,1,test-culture-thbcsbptwhht-pro01a
100,arguana,100,dynamic_int8_reranker_cpu,0.16666666666666666,0.3562071871080222,test,test-digital-freedoms-piidfiphwu-pro03a,1.0,1,test-digital-freedoms-piidfiphwu-pro03a
100,arguana,100,dynamic_int8_reranker_cpu,0.1111111111111111,0.3010299956639812,test,test-economy-egppphbcb-pro04a,1.0,1,test-economy-egppphbcb-pro04a
100,arguana,100,dynamic_int8_reranker_cpu,0.16666666666666666,0.3562071871080222,test,test-economy-epiasghbf-con01a,1.0,1,test-economy-epiasghbf-con01a
100,arguana,100,dynamic_int8_reranker_cpu,0.125,0.31546487678572877,test,test-economy-thhghwhwift-con03a,1.0,1,test-economy-thhghwhwift-con03a
100,arguana,100,dynamic_int8_reranker_cpu,0.5,0.6309297535714575,test,test-education-pshhghwpba0-pro01a,1.0,1,test-education-pshhghwpba0-pro01a
100,arguana,100,dynamic_int8_reranker_cpu,0.3333333333333333,0.5,test,test-free-speech-debate-radhbsshr-con01a,1.0,1,test-free-speech-debate-radhbsshr-con01a
100,arguana,100,dynamic_int8_reranker_cpu,0.0,0.0,test,test-health-dhgsshbesbc-con03a,0.0,1,test-health-dhgsshbesbc-con03a
100,arguana,100,dynamic_int8_reranker_cpu,0.0,0.0,test,test-international-aahwstdrtfm-pro01a,1.0,1,test-international-aahwstdrtfm-pro01a
100,arguana,100,dynamic_int8_reranker_cpu,0.5,0.6309297535714575,test,test-international-aghwrem-con02a,1.0,1,test-international-aghwrem-con02a
100,arguana,100,dynamic_int8_reranker_cpu,0.3333333333333333,0.5,test,test-international-epvhwhranet-con01a,1.0,1,test-international-epvhwhranet-con01a
100,arguana,100,dynamic_int8_reranker_cpu,0.2,0.38685280723454163,test,test-international-siacphbnt-pro03a,1.0,1,test-international-siacphbnt-pro03a
100,arguana,100,dynamic_int8_reranker_cpu,0.25,0.43067655807339306,test,test-law-cplglghwbhwd-con01a,1.0,1,test-law-cplglghwbhwd-con01a
100,arguana,100,dynamic_int8_reranker_cpu,0.5,0.6309297535714575,test,test-law-sdfclhrppph-pro02a,1.0,1,test-law-sdfclhrppph-pro02a
100,arguana,100,dynamic_int8_reranker_cpu,0.1,0.2890648263178879,test,test-law-tlcplghwfne-con01a,1.0,1,test-law-tlcplghwfne-con01a
100,arguana,100,dynamic_int8_reranker_cpu,0.5,0.6309297535714575,test,test-law-umtlilhotac-con03a,1.0,1,test-law-umtlilhotac-con03a
100,arguana,100,dynamic_int8_reranker_cpu,0.0,0.0,test,test-philosophy-npegiepp-con02a,1.0,1,test-philosophy-npegiepp-con02a
100,arguana,100,dynamic_int8_reranker_cpu,0.3333333333333333,0.5,test,test-philosophy-pppgshbsd-pro03a,1.0,1,test-philosophy-pppgshbsd-pro03a
100,arguana,100,dynamic_int8_reranker_cpu,0.3333333333333333,0.5,test,test-politics-cdfsaphgiap-pro02a,1.0,1,test-free-speech-debate-fsaphgiap-pro02a
100,arguana,100,dynamic_int8_reranker_cpu,0.14285714285714285,0.3333333333333333,test,test-politics-oepdlhfcefp-pro04a,1.0,1,test-international-epdlhfcefp-pro04a
100,arguana,100,dynamic_int8_reranker_cpu,0.5,0.6309297535714575,test,test-politics-ypppgvhwmv-pro04a,1.0,1,test-politics-ypppgvhwmv-pro04a
100,arguana,100,dynamic_int8_reranker_cpu,0.3333333333333333,0.5,test,test-religion-wcprrgrhbmi-pro01a,1.0,1,test-religion-wcprrgrhbmi-pro01a
100,arguana,100,dynamic_int8_reranker_cpu,0.3333333333333333,0.5,test,test-society-epsihbdns-con01a,1.0,1,test-economy-epsihbdns-con01a
100,arguana,100,bm25_no_rerank,0.3333333333333333,0.5,test,test-digital-freedoms-aihbiahr-pro01a,1.0,2,test-digital-freedoms-aihbiahr-pro01a
100,arguana,100,bm25_no_rerank,0.14285714285714285,0.3333333333333333,test,test-digital-freedoms-phwnaccpdt-pro01a,1.0,2,test-digital-freedoms-phwnaccpdt-pro01a
100,arguana,100,bm25_no_rerank,0.5,0.6309297535714575,test,test-economy-bhahwbsps-pro04a,1.0,2,test-economy-bhahwbsps-pro04a
100,arguana,100,bm25_no_rerank,0.0,0.0,test,test-economy-egppphbcb-con02a,0.0,2,test-economy-egppphbcb-con02a
100,arguana,100,bm25_no_rerank,0.5,0.6309297535714575,test,test-education-ughbuesbf-pro04a,1.0,2,test-education-ughbuesbf-pro04a
100,arguana,100,bm25_no_rerank,0.3333333333333333,0.5,test,test-environment-aiahwagit-con03a,1.0,2,test-environment-aiahwagit-con03a
100,arguana,100,bm25_no_rerank,0.25,0.43067655807339306,test,test-free-speech-debate-radhbsshr-pro02a,1.0,2,test-free-speech-debate-radhbsshr-pro02a
100,arguana,100,bm25_no_rerank,0.5,0.6309297535714575,test,test-health-ppelfhwbpba-pro01a,1.0,2,test-health-ppelfhwbpba-pro01a
100,arguana,100,bm25_no_rerank,0.5,0.6309297535714575,test,test-international-aghwrem-pro02a,1.0,2,test-international-aghwrem-pro02a
100,arguana,100,bm25_no_rerank,0.5,0.6309297535714575,test,test-international-emephsate-con03a,1.0,2,test-international-emephsate-con03a
100,arguana,100,bm25_no_rerank,0.3333333333333333,0.5,test,test-international-ipecfiepg-pro02a,1.0,2,test-international-ipecfiepg-pro02a
100,arguana,100,bm25_no_rerank,0.0,0.0,test,test-international-segiahbarr-pro02a,1.0,2,test-international-segiahbarr-pro02a
100,arguana,100,bm25_no_rerank,0.0,0.0,test,test-law-cplgpshwdp-con02a,0.0,2,test-law-cplgpshwdp-con02a
100,arguana,100,bm25_no_rerank,0.14285714285714285,0.3333333333333333,test,test-law-rmelhrilhbiw-pro04a,1.0,2,test-law-rmelhrilhbiw-pro04a
100,arguana,100,bm25_no_rerank,0.16666666666666666,0.3562071871080222,test,test-law-thgglcplgphw-pro03a,1.0,2,test-law-thgglcplgphw-pro03a
100,arguana,100,bm25_no_rerank,0.0,0.0,test,test-politics-cpecfiepg-con02a,1.0,2,test-international-ipecfiepg-con02a
100,arguana,100,bm25_no_rerank,0.0,0.0,test,test-politics-dhbanhrnw-con02a,1.0,2,test-politics-dhbanhrnw-con02a
100,arguana,100,bm25_no_rerank,0.5,0.6309297535714575,test,test-politics-gvhbhlsbr-con02a,1.0,2,test-politics-gvhbhlsbr-con02a
100,arguana,100,bm25_no_rerank,0.3333333333333333,0.5,test,test-politics-pgsimhwoia-con02a,1.0,2,test-politics-pgsimhwoia-con02a
100,arguana,100,bm25_no_rerank,0.5,0.6309297535714575,test,test-religion-msgfhwbamec-pro03a,1.0,2,test-religion-msgfhwbamec-pro03a
100,arguana,100,bm25_no_rerank,0.3333333333333333,0.5,test,test-religion-wcprrgrhbmi-con02a,1.0,2,test-religion-wcprrgrhbmi-con02a
100,arguana,100,bm25_no_rerank,0.5,0.6309297535714575,test,test-science-sghwbdgmo-pro02a,1.0,2,test-science-sghwbdgmo-pro02a
100,arguana,100,bm25_no_rerank,0.0,0.0,test,test-society-tsmihwurpp-con02a,1.0,2,test-society-tsmihwurpp-con02a
100,arguana,100,bm25_no_rerank,0.3333333333333333,0.5,test,test-sport-tshbmlbscac-pro01a,1.0,2,test-sport-tshbmlbscac-pro01a
100,arguana,100,fp32_reranker_cpu,0.3333333333333333,0.5,test,test-digital-freedoms-aihbiahr-pro01a,1.0,2,test-digital-freedoms-aihbiahr-pro01a
100,arguana,100,fp32_reranker_cpu,0.1111111111111111,0.3010299956639812,test,test-digital-freedoms-phwnaccpdt-pro01a,1.0,2,test-digital-freedoms-phwnaccpdt-pro01a
100,arguana,100,fp32_reranker_cpu,0.5,0.6309297535714575,test,test-economy-bhahwbsps-pro04a,1.0,2,test-economy-bhahwbsps-pro04a
100,arguana,100,fp32_reranker_cpu,0.0,0.0,test,test-economy-egppphbcb-con02a,0.0,2,test-economy-egppphbcb-con02a
100,arguana,100,fp32_reranker_cpu,0.25,0.43067655807339306,test,test-education-ughbuesbf-pro04a,1.0,2,test-education-ughbuesbf-pro04a
100,arguana,100,fp32_reranker_cpu,0.25,0.43067655807339306,test,test-environment-aiahwagit-con03a,1.0,2,test-environment-aiahwagit-con03a
100,arguana,100,fp32_reranker_cpu,0.1111111111111111,0.3010299956639812,test,test-free-speech-debate-radhbsshr-pro02a,1.0,2,test-free-speech-debate-radhbsshr-pro02a
100,arguana,100,fp32_reranker_cpu,0.2,0.38685280723454163,test,test-health-ppelfhwbpba-pro01a,1.0,2,test-health-ppelfhwbpba-pro01a
100,arguana,100,fp32_reranker_cpu,0.16666666666666666,0.3562071871080222,test,test-international-aghwrem-pro02a,1.0,2,test-international-aghwrem-pro02a
100,arguana,100,fp32_reranker_cpu,0.5,0.6309297535714575,test,test-international-emephsate-con03a,1.0,2,test-international-emephsate-con03a
100,arguana,100,fp32_reranker_cpu,0.0,0.0,test,test-international-ipecfiepg-pro02a,1.0,2,test-international-ipecfiepg-pro02a
100,arguana,100,fp32_reranker_cpu,0.5,0.6309297535714575,test,test-international-segiahbarr-pro02a,1.0,2,test-international-segiahbarr-pro02a
100,arguana,100,fp32_reranker_cpu,0.0,0.0,test,test-law-cplgpshwdp-con02a,0.0,2,test-law-cplgpshwdp-con02a
100,arguana,100,fp32_reranker_cpu,0.0,0.0,test,test-law-rmelhrilhbiw-pro04a,1.0,2,test-law-rmelhrilhbiw-pro04a
100,arguana,100,fp32_reranker_cpu,0.2,0.38685280723454163,test,test-law-thgglcplgphw-pro03a,1.0,2,test-law-thgglcplgphw-pro03a
100,arguana,100,fp32_reranker_cpu,0.0,0.0,test,test-politics-cpecfiepg-con02a,1.0,2,test-international-ipecfiepg-con02a
100,arguana,100,fp32_reranker_cpu,0.0,0.0,test,test-politics-dhbanhrnw-con02a,1.0,2,test-politics-dhbanhrnw-con02a
100,arguana,100,fp32_reranker_cpu,0.5,0.6309297535714575,test,test-politics-gvhbhlsbr-con02a,1.0,2,test-politics-gvhbhlsbr-con02a
100,arguana,100,fp32_reranker_cpu,0.0,0.0,test,test-politics-pgsimhwoia-con02a,1.0,2,test-politics-pgsimhwoia-con02a
100,arguana,100,fp32_reranker_cpu,0.5,0.6309297535714575,test,test-religion-msgfhwbamec-pro03a,1.0,2,test-religion-msgfhwbamec-pro03a
100,arguana,100,fp32_reranker_cpu,0.16666666666666666,0.3562071871080222,test,test-religion-wcprrgrhbmi-con02a,1.0,2,test-religion-wcprrgrhbmi-con02a
100,arguana,100,fp32_reranker_cpu,0.25,0.43067655807339306,test,test-science-sghwbdgmo-pro02a,1.0,2,test-science-sghwbdgmo-pro02a
100,arguana,100,fp32_reranker_cpu,0.25,0.43067655807339306,test,test-society-tsmihwurpp-con02a,1.0,2,test-society-tsmihwurpp-con02a
100,arguana,100,fp32_reranker_cpu,0.5,0.6309297535714575,test,test-sport-tshbmlbscac-pro01a,1.0,2,test-sport-tshbmlbscac-pro01a
100,arguana,100,dynamic_int8_reranker_cpu,0.25,0.43067655807339306,test,test-digital-freedoms-aihbiahr-pro01a,1.0,2,test-digital-freedoms-aihbiahr-pro01a
100,arguana,100,dynamic_int8_reranker_cpu,0.125,0.31546487678572877,test,test-digital-freedoms-phwnaccpdt-pro01a,1.0,2,test-digital-freedoms-phwnaccpdt-pro01a
100,arguana,100,dynamic_int8_reranker_cpu,0.5,0.6309297535714575,test,test-economy-bhahwbsps-pro04a,1.0,2,test-economy-bhahwbsps-pro04a
100,arguana,100,dynamic_int8_reranker_cpu,0.0,0.0,test,test-economy-egppphbcb-con02a,0.0,2,test-economy-egppphbcb-con02a
100,arguana,100,dynamic_int8_reranker_cpu,0.3333333333333333,0.5,test,test-education-ughbuesbf-pro04a,1.0,2,test-education-ughbuesbf-pro04a
100,arguana,100,dynamic_int8_reranker_cpu,0.25,0.43067655807339306,test,test-environment-aiahwagit-con03a,1.0,2,test-environment-aiahwagit-con03a
100,arguana,100,dynamic_int8_reranker_cpu,0.1111111111111111,0.3010299956639812,test,test-free-speech-debate-radhbsshr-pro02a,1.0,2,test-free-speech-debate-radhbsshr-pro02a
100,arguana,100,dynamic_int8_reranker_cpu,0.2,0.38685280723454163,test,test-health-ppelfhwbpba-pro01a,1.0,2,test-health-ppelfhwbpba-pro01a
100,arguana,100,dynamic_int8_reranker_cpu,0.125,0.31546487678572877,test,test-international-aghwrem-pro02a,1.0,2,test-international-aghwrem-pro02a
100,arguana,100,dynamic_int8_reranker_cpu,0.5,0.6309297535714575,test,test-international-emephsate-con03a,1.0,2,test-international-emephsate-con03a
100,arguana,100,dynamic_int8_reranker_cpu,0.0,0.0,test,test-international-ipecfiepg-pro02a,1.0,2,test-international-ipecfiepg-pro02a
100,arguana,100,dynamic_int8_reranker_cpu,0.3333333333333333,0.5,test,test-international-segiahbarr-pro02a,1.0,2,test-international-segiahbarr-pro02a
100,arguana,100,dynamic_int8_reranker_cpu,0.0,0.0,test,test-law-cplgpshwdp-con02a,0.0,2,test-law-cplgpshwdp-con02a
100,arguana,100,dynamic_int8_reranker_cpu,0.0,0.0,test,test-law-rmelhrilhbiw-pro04a,1.0,2,test-law-rmelhrilhbiw-pro04a
100,arguana,100,dynamic_int8_reranker_cpu,0.14285714285714285,0.3333333333333333,test,test-law-thgglcplgphw-pro03a,1.0,2,test-law-thgglcplgphw-pro03a
100,arguana,100,dynamic_int8_reranker_cpu,0.0,0.0,test,test-politics-cpecfiepg-con02a,1.0,2,test-international-ipecfiepg-con02a
100,arguana,100,dynamic_int8_reranker_cpu,0.0,0.0,test,test-politics-dhbanhrnw-con02a,1.0,2,test-politics-dhbanhrnw-con02a
100,arguana,100,dynamic_int8_reranker_cpu,0.5,0.6309297535714575,test,test-politics-gvhbhlsbr-con02a,1.0,2,test-politics-gvhbhlsbr-con02a
100,arguana,100,dynamic_int8_reranker_cpu,0.1111111111111111,0.3010299956639812,test,test-politics-pgsimhwoia-con02a,1.0,2,test-politics-pgsimhwoia-con02a
100,arguana,100,dynamic_int8_reranker_cpu,0.5,0.6309297535714575,test,test-religion-msgfhwbamec-pro03a,1.0,2,test-religion-msgfhwbamec-pro03a
100,arguana,100,dynamic_int8_reranker_cpu,0.16666666666666666,0.3562071871080222,test,test-religion-wcprrgrhbmi-con02a,1.0,2,test-religion-wcprrgrhbmi-con02a
100,arguana,100,dynamic_int8_reranker_cpu,0.25,0.43067655807339306,test,test-science-sghwbdgmo-pro02a,1.0,2,test-science-sghwbdgmo-pro02a
100,arguana,100,dynamic_int8_reranker_cpu,0.25,0.43067655807339306,test,test-society-tsmihwurpp-con02a,1.0,2,test-society-tsmihwurpp-con02a
100,arguana,100,dynamic_int8_reranker_cpu,0.5,0.6309297535714575,test,test-sport-tshbmlbscac-pro01a,1.0,2,test-sport-tshbmlbscac-pro01a
100,arguana,100,bm25_no_rerank,0.5,0.6309297535714575,test,test-culture-mmciahbans-pro01a,1.0,3,test-culture-mmciahbans-pro01a
100,arguana,100,bm25_no_rerank,0.0,0.0,test,test-economy-beghwbh-pro01a,1.0,3,test-economy-beghwbh-pro01a
100,arguana,100,bm25_no_rerank,0.3333333333333333,0.5,test,test-education-egtuscpih-pro02a,1.0,3,test-education-egtuscpih-pro02a
100,arguana,100,bm25_no_rerank,0.5,0.6309297535714575,test,test-education-udfakusma-pro03a,1.0,3,test-education-udfakusma-pro03a
100,arguana,100,bm25_no_rerank,0.5,0.6309297535714575,test,test-free-speech-debate-fsaphgiap-con04a,1.0,3,test-free-speech-debate-fsaphgiap-con04a
100,arguana,100,bm25_no_rerank,0.0,0.0,test,test-health-dhiacihwph-pro04a,1.0,3,test-health-dhiacihwph-pro04a
100,arguana,100,bm25_no_rerank,0.5,0.6309297535714575,test,test-health-hdond-con01a,1.0,3,test-health-hdond-con01a
100,arguana,100,bm25_no_rerank,0.5,0.6309297535714575,test,test-international-aegmeppghw-pro01a,1.0,3,test-international-aegmeppghw-pro01a
100,arguana,100,bm25_no_rerank,0.0,0.0,test,test-international-segiahbarr-con02a,0.0,3,test-international-segiahbarr-con02a
100,arguana,100,bm25_no_rerank,0.125,0.31546487678572877,test,test-law-cppshbcjsfm-con01a,1.0,3,test-law-cppshbcjsfm-con01a
100,arguana,100,bm25_no_rerank,0.5,0.6309297535714575,test,test-philosophy-ippelhbcp-con02a,1.0,3,test-philosophy-ippelhbcp-con02a
100,arguana,100,bm25_no_rerank,0.0,0.0,test,test-philosophy-ippelhbcp-pro01a,0.0,3,test-philosophy-ippelhbcp-pro01a
100,arguana,100,bm25_no_rerank,0.14285714285714285,0.3333333333333333,test,test-philosophy-npegiepp-pro01a,1.0,3,test-philosophy-npegiepp-pro01a
100,arguana,100,bm25_no_rerank,0.3333333333333333,0.5,test,test-philosophy-npppmhwup-con01a,1.0,3,test-philosophy-npppmhwup-con01a
100,arguana,100,bm25_no_rerank,0.0,0.0,test,test-politics-grcrgshwbr-con04a,1.0,3,test-politics-grcrgshwbr-con04a
100,arguana,100,bm25_no_rerank,0.5,0.6309297535714575,test,test-politics-gvhbhlsbr-con02a,1.0,3,test-politics-gvhbhlsbr-con02a
100,arguana,100,bm25_no_rerank,0.5,0.6309297535714575,test,test-politics-gvhwhnerse-pro01a,1.0,3,test-politics-gvhwhnerse-pro01a
100,arguana,100,bm25_no_rerank,0.5,0.6309297535714575,test,test-politics-gvhwhnerse-pro04a,1.0,3,test-politics-gvhwhnerse-pro04a
100,arguana,100,bm25_no_rerank,0.5,0.6309297535714575,test,test-politics-pgsimhwoia-con01a,1.0,3,test-politics-pgsimhwoia-con01a
100,arguana,100,bm25_no_rerank,0.0,0.0,test,test-religion-cmrsgfhbr-con02a,1.0,3,test-religion-cmrsgfhbr-con02a
100,arguana,100,bm25_no_rerank,0.3333333333333333,0.5,test,test-religion-msgfhwbamec-con02a,1.0,3,test-religion-msgfhwbamec-con02a
100,arguana,100,bm25_no_rerank,0.5,0.6309297535714575,test,test-religion-msgfhwbamec-pro03a,1.0,3,test-religion-msgfhwbamec-pro03a
100,arguana,100,bm25_no_rerank,0.0,0.0,test,test-science-dssghsdmd-pro01a,1.0,3,test-science-dssghsdmd-pro01a
100,arguana,100,bm25_no_rerank,0.3333333333333333,0.5,test,test-science-sghwbdgmo-pro03a,1.0,3,test-science-sghwbdgmo-pro03a
100,arguana,100,fp32_reranker_cpu,0.5,0.6309297535714575,test,test-culture-mmciahbans-pro01a,1.0,3,test-culture-mmciahbans-pro01a
100,arguana,100,fp32_reranker_cpu,0.16666666666666666,0.3562071871080222,test,test-economy-beghwbh-pro01a,1.0,3,test-economy-beghwbh-pro01a
100,arguana,100,fp32_reranker_cpu,0.125,0.31546487678572877,test,test-education-egtuscpih-pro02a,1.0,3,test-education-egtuscpih-pro02a
100,arguana,100,fp32_reranker_cpu,0.5,0.6309297535714575,test,test-education-udfakusma-pro03a,1.0,3,test-education-udfakusma-pro03a
100,arguana,100,fp32_reranker_cpu,0.0,0.0,test,test-free-speech-debate-fsaphgiap-con04a,1.0,3,test-free-speech-debate-fsaphgiap-con04a
100,arguana,100,fp32_reranker_cpu,0.0,0.0,test,test-health-dhiacihwph-pro04a,1.0,3,test-health-dhiacihwph-pro04a
100,arguana,100,fp32_reranker_cpu,0.3333333333333333,0.5,test,test-health-hdond-con01a,1.0,3,test-health-hdond-con01a
100,arguana,100,fp32_reranker_cpu,0.5,0.6309297535714575,test,test-international-aegmeppghw-pro01a,1.0,3,test-international-aegmeppghw-pro01a
100,arguana,100,fp32_reranker_cpu,0.0,0.0,test,test-international-segiahbarr-con02a,0.0,3,test-international-segiahbarr-con02a
100,arguana,100,fp32_reranker_cpu,0.5,0.6309297535714575,test,test-law-cppshbcjsfm-con01a,1.0,3,test-law-cppshbcjsfm-con01a
100,arguana,100,fp32_reranker_cpu,0.0,0.0,test,test-philosophy-ippelhbcp-con02a,1.0,3,test-philosophy-ippelhbcp-con02a
100,arguana,100,fp32_reranker_cpu,0.0,0.0,test,test-philosophy-ippelhbcp-pro01a,0.0,3,test-philosophy-ippelhbcp-pro01a
100,arguana,100,fp32_reranker_cpu,0.25,0.43067655807339306,test,test-philosophy-npegiepp-pro01a,1.0,3,test-philosophy-npegiepp-pro01a
100,arguana,100,fp32_reranker_cpu,0.1,0.2890648263178879,test,test-philosophy-npppmhwup-con01a,1.0,3,test-philosophy-npppmhwup-con01a
100,arguana,100,fp32_reranker_cpu,0.0,0.0,test,test-politics-grcrgshwbr-con04a,1.0,3,test-politics-grcrgshwbr-con04a
100,arguana,100,fp32_reranker_cpu,0.5,0.6309297535714575,test,test-politics-gvhbhlsbr-con02a,1.0,3,test-politics-gvhbhlsbr-con02a
100,arguana,100,fp32_reranker_cpu,0.5,0.6309297535714575,test,test-politics-gvhwhnerse-pro01a,1.0,3,test-politics-gvhwhnerse-pro01a
100,arguana,100,fp32_reranker_cpu,0.16666666666666666,0.3562071871080222,test,test-politics-gvhwhnerse-pro04a,1.0,3,test-politics-gvhwhnerse-pro04a
100,arguana,100,fp32_reranker_cpu,0.2,0.38685280723454163,test,test-politics-pgsimhwoia-con01a,1.0,3,test-politics-pgsimhwoia-con01a
100,arguana,100,fp32_reranker_cpu,0.0,0.0,test,test-religion-cmrsgfhbr-con02a,1.0,3,test-religion-cmrsgfhbr-con02a
100,arguana,100,fp32_reranker_cpu,0.1111111111111111,0.3010299956639812,test,test-religion-msgfhwbamec-con02a,1.0,3,test-religion-msgfhwbamec-con02a
100,arguana,100,fp32_reranker_cpu,0.5,0.6309297535714575,test,test-religion-msgfhwbamec-pro03a,1.0,3,test-religion-msgfhwbamec-pro03a
100,arguana,100,fp32_reranker_cpu,0.1,0.2890648263178879,test,test-science-dssghsdmd-pro01a,1.0,3,test-science-dssghsdmd-pro01a
100,arguana,100,fp32_reranker_cpu,0.16666666666666666,0.3562071871080222,test,test-science-sghwbdgmo-pro03a,1.0,3,test-science-sghwbdgmo-pro03a
100,arguana,100,dynamic_int8_reranker_cpu,0.5,0.6309297535714575,test,test-culture-mmciahbans-pro01a,1.0,3,test-culture-mmciahbans-pro01a
100,arguana,100,dynamic_int8_reranker_cpu,0.16666666666666666,0.3562071871080222,test,test-economy-beghwbh-pro01a,1.0,3,test-economy-beghwbh-pro01a
100,arguana,100,dynamic_int8_reranker_cpu,0.1,0.2890648263178879,test,test-education-egtuscpih-pro02a,1.0,3,test-education-egtuscpih-pro02a
100,arguana,100,dynamic_int8_reranker_cpu,0.5,0.6309297535714575,test,test-education-udfakusma-pro03a,1.0,3,test-education-udfakusma-pro03a
100,arguana,100,dynamic_int8_reranker_cpu,0.0,0.0,test,test-free-speech-debate-fsaphgiap-con04a,1.0,3,test-free-speech-debate-fsaphgiap-con04a
100,arguana,100,dynamic_int8_reranker_cpu,0.0,0.0,test,test-health-dhiacihwph-pro04a,1.0,3,test-health-dhiacihwph-pro04a
100,arguana,100,dynamic_int8_reranker_cpu,0.25,0.43067655807339306,test,test-health-hdond-con01a,1.0,3,test-health-hdond-con01a
100,arguana,100,dynamic_int8_reranker_cpu,0.5,0.6309297535714575,test,test-international-aegmeppghw-pro01a,1.0,3,test-international-aegmeppghw-pro01a
100,arguana,100,dynamic_int8_reranker_cpu,0.0,0.0,test,test-international-segiahbarr-con02a,0.0,3,test-international-segiahbarr-con02a
100,arguana,100,dynamic_int8_reranker_cpu,0.5,0.6309297535714575,test,test-law-cppshbcjsfm-con01a,1.0,3,test-law-cppshbcjsfm-con01a
100,arguana,100,dynamic_int8_reranker_cpu,0.1,0.2890648263178879,test,test-philosophy-ippelhbcp-con02a,1.0,3,test-philosophy-ippelhbcp-con02a
100,arguana,100,dynamic_int8_reranker_cpu,0.0,0.0,test,test-philosophy-ippelhbcp-pro01a,0.0,3,test-philosophy-ippelhbcp-pro01a
100,arguana,100,dynamic_int8_reranker_cpu,0.25,0.43067655807339306,test,test-philosophy-npegiepp-pro01a,1.0,3,test-philosophy-npegiepp-pro01a
100,arguana,100,dynamic_int8_reranker_cpu,0.0,0.0,test,test-philosophy-npppmhwup-con01a,1.0,3,test-philosophy-npppmhwup-con01a
100,arguana,100,dynamic_int8_reranker_cpu,0.0,0.0,test,test-politics-grcrgshwbr-con04a,1.0,3,test-politics-grcrgshwbr-con04a
100,arguana,100,dynamic_int8_reranker_cpu,0.5,0.6309297535714575,test,test-politics-gvhbhlsbr-con02a,1.0,3,test-politics-gvhbhlsbr-con02a
100,arguana,100,dynamic_int8_reranker_cpu,0.5,0.6309297535714575,test,test-politics-gvhwhnerse-pro01a,1.0,3,test-politics-gvhwhnerse-pro01a
100,arguana,100,dynamic_int8_reranker_cpu,0.16666666666666666,0.3562071871080222,test,test-politics-gvhwhnerse-pro04a,1.0,3,test-politics-gvhwhnerse-pro04a
100,arguana,100,dynamic_int8_reranker_cpu,0.125,0.31546487678572877,test,test-politics-pgsimhwoia-con01a,1.0,3,test-politics-pgsimhwoia-con01a
100,arguana,100,dynamic_int8_reranker_cpu,0.0,0.0,test,test-religion-cmrsgfhbr-con02a,1.0,3,test-religion-cmrsgfhbr-con02a
100,arguana,100,dynamic_int8_reranker_cpu,0.0,0.0,test,test-religion-msgfhwbamec-con02a,1.0,3,test-religion-msgfhwbamec-con02a
100,arguana,100,dynamic_int8_reranker_cpu,0.5,0.6309297535714575,test,test-religion-msgfhwbamec-pro03a,1.0,3,test-religion-msgfhwbamec-pro03a
100,arguana,100,dynamic_int8_reranker_cpu,0.14285714285714285,0.3333333333333333,test,test-science-dssghsdmd-pro01a,1.0,3,test-science-dssghsdmd-pro01a
100,arguana,100,dynamic_int8_reranker_cpu,0.14285714285714285,0.3333333333333333,test,test-science-sghwbdgmo-pro03a,1.0,3,test-science-sghwbdgmo-pro03a
100,arguana,100,bm25_no_rerank,0.5,0.6309297535714575,test,test-culture-mmctyshwbcp-pro01a,1.0,4,test-culture-mmctyshwbcp-pro01a
100,arguana,100,bm25_no_rerank,0.5,0.6309297535714575,test,test-culture-mthbah-pro03a,1.0,4,test-culture-mthbah-pro03a
100,arguana,100,bm25_no_rerank,0.5,0.6309297535714575,test,test-digital-freedoms-piidfaihbg-con03a,1.0,4,test-digital-freedoms-piidfaihbg-con03a
100,arguana,100,bm25_no_rerank,0.125,0.31546487678572877,test,test-economy-beghwbh-pro03a,1.0,4,test-economy-beghwbh-pro03a
100,arguana,100,bm25_no_rerank,0.16666666666666666,0.3562071871080222,test,test-economy-egiahbwaka-pro02a,1.0,4,test-economy-egiahbwaka-pro02a
100,arguana,100,bm25_no_rerank,0.5,0.6309297535714575,test,test-economy-epiasghbf-con03a,1.0,4,test-economy-epiasghbf-con03a
100,arguana,100,bm25_no_rerank,0.16666666666666666,0.3562071871080222,test,test-economy-epsihbdns-con02a,1.0,4,test-economy-epsihbdns-con02a
100,arguana,100,bm25_no_rerank,0.1111111111111111,0.3010299956639812,test,test-education-ughbuesbf-con02a,1.0,4,test-education-ughbuesbf-con02a
100,arguana,100,bm25_no_rerank,0.0,0.0,test,test-environment-assgbatj-con01a,1.0,4,test-environment-assgbatj-con01a
100,arguana,100,bm25_no_rerank,0.0,0.0,test,test-free-speech-debate-yfsdfkhbwu-pro01a,0.0,4,test-free-speech-debate-yfsdfkhbwu-pro01a
100,arguana,100,bm25_no_rerank,0.25,0.43067655807339306,test,test-health-dhghhbampt-pro01a,1.0,4,test-health-dhghhbampt-pro01a
100,arguana,100,bm25_no_rerank,0.5,0.6309297535714575,test,test-health-dhpelhbass-con04a,1.0,4,test-health-dhpelhbass-con04a
100,arguana,100,bm25_no_rerank,0.0,0.0,test,test-international-aghbfcpspr-con02a,1.0,4,test-international-aghbfcpspr-con02a
100,arguana,100,bm25_no_rerank,0.0,0.0,test,test-international-amehbuaisji-pro03a,0.0,4,test-international-amehbuaisji-pro03a
100,arguana,100,bm25_no_rerank,0.125,0.31546487678572877,test,test-international-bldimehbn-con03a,1.0,4,test-international-bldimehbn-con03a
100,arguana,100,bm25_no_rerank,0.3333333333333333,0.5,test,test-international-eiahwpamu-con01a,1.0,4,test-economy-fiahwpamu-con01a
100,arguana,100,bm25_no_rerank,0.0,0.0,test,test-international-ipecfiepg-con04a,1.0,4,test-international-ipecfiepg-con04a
100,arguana,100,bm25_no_rerank,0.25,0.43067655807339306,test,test-law-cplgpshwdp-pro04a,1.0,4,test-law-cplgpshwdp-pro04a
100,arguana,100,bm25_no_rerank,0.5,0.6309297535714575,test,test-law-hrilpgwhwr-con04a,1.0,4,test-law-hrilpgwhwr-con04a
100,arguana,100,bm25_no_rerank,0.5,0.6309297535714575,test,test-philosophy-npppmhwup-pro03a,1.0,4,test-philosophy-npppmhwup-pro03a
100,arguana,100,bm25_no_rerank,0.2,0.38685280723454163,test,test-politics-eppghwgpi-con05a,1.0,4,test-politics-eppghwgpi-con05a
100,arguana,100,bm25_no_rerank,0.16666666666666666,0.3562071871080222,test,test-politics-glgvhbqssc-con01a,1.0,4,test-politics-glgvhbqssc-con01a
100,arguana,100,bm25_no_rerank,0.5,0.6309297535714575,test,test-politics-gvhwhnerse-pro01a,1.0,4,test-politics-gvhwhnerse-pro01a
100,arguana,100,bm25_no_rerank,0.2,0.38685280723454163,test,test-science-wsihwclscaaw-pro01a,1.0,4,test-science-wsihwclscaaw-pro01a
100,arguana,100,fp32_reranker_cpu,0.5,0.6309297535714575,test,test-culture-mmctyshwbcp-pro01a,1.0,4,test-culture-mmctyshwbcp-pro01a
100,arguana,100,fp32_reranker_cpu,0.3333333333333333,0.5,test,test-culture-mthbah-pro03a,1.0,4,test-culture-mthbah-pro03a
100,arguana,100,fp32_reranker_cpu,0.14285714285714285,0.3333333333333333,test,test-digital-freedoms-piidfaihbg-con03a,1.0,4,test-digital-freedoms-piidfaihbg-con03a
100,arguana,100,fp32_reranker_cpu,0.2,0.38685280723454163,test,test-economy-beghwbh-pro03a,1.0,4,test-economy-beghwbh-pro03a
100,arguana,100,fp32_reranker_cpu,0.125,0.31546487678572877,test,test-economy-egiahbwaka-pro02a,1.0,4,test-economy-egiahbwaka-pro02a
100,arguana,100,fp32_reranker_cpu,0.25,0.43067655807339306,test,test-economy-epiasghbf-con03a,1.0,4,test-economy-epiasghbf-con03a
100,arguana,100,fp32_reranker_cpu,0.14285714285714285,0.3333333333333333,test,test-economy-epsihbdns-con02a,1.0,4,test-economy-epsihbdns-con02a
100,arguana,100,fp32_reranker_cpu,0.1,0.2890648263178879,test,test-education-ughbuesbf-con02a,1.0,4,test-education-ughbuesbf-con02a
100,arguana,100,fp32_reranker_cpu,0.0,0.0,test,test-environment-assgbatj-con01a,1.0,4,test-environment-assgbatj-con01a
100,arguana,100,fp32_reranker_cpu,0.0,0.0,test,test-free-speech-debate-yfsdfkhbwu-pro01a,0.0,4,test-free-speech-debate-yfsdfkhbwu-pro01a
100,arguana,100,fp32_reranker_cpu,0.5,0.6309297535714575,test,test-health-dhghhbampt-pro01a,1.0,4,test-health-dhghhbampt-pro01a
100,arguana,100,fp32_reranker_cpu,0.5,0.6309297535714575,test,test-health-dhpelhbass-con04a,1.0,4,test-health-dhpelhbass-con04a
100,arguana,100,fp32_reranker_cpu,0.14285714285714285,0.3333333333333333,test,test-international-aghbfcpspr-con02a,1.0,4,test-international-aghbfcpspr-con02a
100,arguana,100,fp32_reranker_cpu,0.0,0.0,test,test-international-amehbuaisji-pro03a,0.0,4,test-international-amehbuaisji-pro03a
100,arguana,100,fp32_reranker_cpu,0.5,0.6309297535714575,test,test-international-bldimehbn-con03a,1.0,4,test-international-bldimehbn-con03a
100,arguana,100,fp32_reranker_cpu,0.3333333333333333,0.5,test,test-international-eiahwpamu-con01a,1.0,4,test-economy-fiahwpamu-con01a
100,arguana,100,fp32_reranker_cpu,0.0,0.0,test,test-international-ipecfiepg-con04a,1.0,4,test-international-ipecfiepg-con04a
100,arguana,100,fp32_reranker_cpu,0.125,0.31546487678572877,test,test-law-cplgpshwdp-pro04a,1.0,4,test-law-cplgpshwdp-pro04a
100,arguana,100,fp32_reranker_cpu,0.5,0.6309297535714575,test,test-law-hrilpgwhwr-con04a,1.0,4,test-law-hrilpgwhwr-con04a
100,arguana,100,fp32_reranker_cpu,0.5,0.6309297535714575,test,test-philosophy-npppmhwup-pro03a,1.0,4,test-philosophy-npppmhwup-pro03a
100,arguana,100,fp32_reranker_cpu,0.0,0.0,test,test-politics-eppghwgpi-con05a,1.0,4,test-politics-eppghwgpi-con05a
100,arguana,100,fp32_reranker_cpu,0.5,0.6309297535714575,test,test-politics-glgvhbqssc-con01a,1.0,4,test-politics-glgvhbqssc-con01a
100,arguana,100,fp32_reranker_cpu,0.5,0.6309297535714575,test,test-politics-gvhwhnerse-pro01a,1.0,4,test-politics-gvhwhnerse-pro01a
100,arguana,100,fp32_reranker_cpu,0.16666666666666666,0.3562071871080222,test,test-science-wsihwclscaaw-pro01a,1.0,4,test-science-wsihwclscaaw-pro01a
100,arguana,100,dynamic_int8_reranker_cpu,0.5,0.6309297535714575,test,test-culture-mmctyshwbcp-pro01a,1.0,4,test-culture-mmctyshwbcp-pro01a
100,arguana,100,dynamic_int8_reranker_cpu,0.3333333333333333,0.5,test,test-culture-mthbah-pro03a,1.0,4,test-culture-mthbah-pro03a
100,arguana,100,dynamic_int8_reranker_cpu,0.125,0.31546487678572877,test,test-digital-freedoms-piidfaihbg-con03a,1.0,4,test-digital-freedoms-piidfaihbg-con03a
100,arguana,100,dynamic_int8_reranker_cpu,0.2,0.38685280723454163,test,test-economy-beghwbh-pro03a,1.0,4,test-economy-beghwbh-pro03a
100,arguana,100,dynamic_int8_reranker_cpu,0.125,0.31546487678572877,test,test-economy-egiahbwaka-pro02a,1.0,4,test-economy-egiahbwaka-pro02a
100,arguana,100,dynamic_int8_reranker_cpu,0.5,0.6309297535714575,test,test-economy-epiasghbf-con03a,1.0,4,test-economy-epiasghbf-con03a
100,arguana,100,dynamic_int8_reranker_cpu,0.16666666666666666,0.3562071871080222,test,test-economy-epsihbdns-con02a,1.0,4,test-economy-epsihbdns-con02a
100,arguana,100,dynamic_int8_reranker_cpu,0.0,0.0,test,test-education-ughbuesbf-con02a,1.0,4,test-education-ughbuesbf-con02a
100,arguana,100,dynamic_int8_reranker_cpu,0.0,0.0,test,test-environment-assgbatj-con01a,1.0,4,test-environment-assgbatj-con01a
100,arguana,100,dynamic_int8_reranker_cpu,0.0,0.0,test,test-free-speech-debate-yfsdfkhbwu-pro01a,0.0,4,test-free-speech-debate-yfsdfkhbwu-pro01a
100,arguana,100,dynamic_int8_reranker_cpu,0.5,0.6309297535714575,test,test-health-dhghhbampt-pro01a,1.0,4,test-health-dhghhbampt-pro01a
100,arguana,100,dynamic_int8_reranker_cpu,0.5,0.6309297535714575,test,test-health-dhpelhbass-con04a,1.0,4,test-health-dhpelhbass-con04a
100,arguana,100,dynamic_int8_reranker_cpu,0.14285714285714285,0.3333333333333333,test,test-international-aghbfcpspr-con02a,1.0,4,test-international-aghbfcpspr-con02a
100,arguana,100,dynamic_int8_reranker_cpu,0.0,0.0,test,test-international-amehbuaisji-pro03a,0.0,4,test-international-amehbuaisji-pro03a
100,arguana,100,dynamic_int8_reranker_cpu,0.5,0.6309297535714575,test,test-international-bldimehbn-con03a,1.0,4,test-international-bldimehbn-con03a
100,arguana,100,dynamic_int8_reranker_cpu,0.3333333333333333,0.5,test,test-international-eiahwpamu-con01a,1.0,4,test-economy-fiahwpamu-con01a
100,arguana,100,dynamic_int8_reranker_cpu,0.0,0.0,test,test-international-ipecfiepg-con04a,1.0,4,test-international-ipecfiepg-con04a
100,arguana,100,dynamic_int8_reranker_cpu,0.14285714285714285,0.3333333333333333,test,test-law-cplgpshwdp-pro04a,1.0,4,test-law-cplgpshwdp-pro04a
100,arguana,100,dynamic_int8_reranker_cpu,0.5,0.6309297535714575,test,test-law-hrilpgwhwr-con04a,1.0,4,test-law-hrilpgwhwr-con04a
100,arguana,100,dynamic_int8_reranker_cpu,0.5,0.6309297535714575,test,test-philosophy-npppmhwup-pro03a,1.0,4,test-philosophy-npppmhwup-pro03a
100,arguana,100,dynamic_int8_reranker_cpu,0.0,0.0,test,test-politics-eppghwgpi-con05a,1.0,4,test-politics-eppghwgpi-con05a
100,arguana,100,dynamic_int8_reranker_cpu,0.5,0.6309297535714575,test,test-politics-glgvhbqssc-con01a,1.0,4,test-politics-glgvhbqssc-con01a
100,arguana,100,dynamic_int8_reranker_cpu,0.5,0.6309297535714575,test,test-politics-gvhwhnerse-pro01a,1.0,4,test-politics-gvhwhnerse-pro01a
100,arguana,100,dynamic_int8_reranker_cpu,0.0,0.0,test,test-science-wsihwclscaaw-pro01a,1.0,4,test-science-wsihwclscaaw-pro01a
100,arguana,100,bm25_no_rerank,0.5,0.6309297535714575,test,test-culture-mmciahbans-pro01a,1.0,5,test-culture-mmciahbans-pro01a
100,arguana,100,bm25_no_rerank,0.5,0.6309297535714575,test,test-culture-thbcsbptwhht-pro02a,1.0,5,test-culture-thbcsbptwhht-pro02a
100,arguana,100,bm25_no_rerank,0.5,0.6309297535714575,test,test-digital-freedoms-eifpgdff-con01a,1.0,5,test-digital-freedoms-eifpgdff-con01a
100,arguana,100,bm25_no_rerank,0.0,0.0,test,test-economy-epehwmrbals-pro05a,1.0,5,test-economy-epehwmrbals-pro05a
100,arguana,100,bm25_no_rerank,0.5,0.6309297535714575,test,test-economy-fiahwpamu-con01a,1.0,5,test-economy-fiahwpamu-con01a
100,arguana,100,bm25_no_rerank,0.5,0.6309297535714575,test,test-education-ughbuesbf-pro01a,1.0,5,test-education-ughbuesbf-pro01a
100,arguana,100,bm25_no_rerank,0.3333333333333333,0.5,test,test-environment-ehwsnwu-con03a,1.0,5,test-environment-ehwsnwu-con03a
100,arguana,100,bm25_no_rerank,0.0,0.0,test,test-health-ahiahbgbsp-con02a,1.0,5,test-health-ahiahbgbsp-con02a
100,arguana,100,bm25_no_rerank,0.16666666666666666,0.3562071871080222,test,test-health-hpehwadvoee-con03a,1.0,5,test-health-hpehwadvoee-con03a
100,arguana,100,bm25_no_rerank,0.2,0.38685280723454163,test,test-health-hpehwadvoee-pro04a,1.0,5,test-health-hpehwadvoee-pro04a
100,arguana,100,bm25_no_rerank,0.5,0.6309297535714575,test,test-international-aahwstdrtfm-pro02a,1.0,5,test-international-aahwstdrtfm-pro02a
100,arguana,100,bm25_no_rerank,0.0,0.0,test,test-international-appghblsba-pro03a,1.0,5,test-international-appghblsba-pro03a
100,arguana,100,bm25_no_rerank,0.3333333333333333,0.5,test,test-international-ipecfiepg-con01a,1.0,5,test-international-ipecfiepg-con01a
100,arguana,100,bm25_no_rerank,0.0,0.0,test,test-international-segiahbarr-pro02a,1.0,5,test-international-segiahbarr-pro02a
100,arguana,100,bm25_no_rerank,0.14285714285714285,0.3333333333333333,test,test-international-siacphbnt-pro05a,1.0,5,test-international-siacphbnt-pro05a
100,arguana,100,bm25_no_rerank,0.16666666666666666,0.3562071871080222,test,test-law-ilppppghb-con03a,1.0,5,test-law-ilppppghb-con03a
100,arguana,100,bm25_no_rerank,0.5,0.6309297535714575,test,test-philosophy-eppphwlrtjs-con04a,1.0,5,test-philosophy-eppphwlrtjs-con04a
100,arguana,100,bm25_no_rerank,0.5,0.6309297535714575,test,test-philosophy-ippelhbcp-con02a,1.0,5,test-philosophy-ippelhbcp-con02a
100,arguana,100,bm25_no_rerank,0.0,0.0,test,test-politics-ghbgussbsbt-con01a,1.0,5,test-politics-ghbgussbsbt-con01a
100,arguana,100,bm25_no_rerank,0.3333333333333333,0.5,test,test-politics-gvhbhlsbr-con01a,1.0,5,test-politics-gvhbhlsbr-con01a
100,arguana,100,bm25_no_rerank,0.3333333333333333,0.5,test,test-politics-oeplhbuwhmi-con02a,1.0,5,test-politics-oeplhbuwhmi-con02a
100,arguana,100,bm25_no_rerank,0.5,0.6309297535714575,test,test-science-cpisydfphwj-pro01a,1.0,5,test-science-cpisydfphwj-pro01a
100,arguana,100,bm25_no_rerank,0.3333333333333333,0.5,test,test-society-epiasghbf-con03a,1.0,5,test-economy-epiasghbf-con03a
100,arguana,100,bm25_no_rerank,0.14285714285714285,0.3333333333333333,test,test-society-epsihbdns-con02a,1.0,5,test-economy-epsihbdns-con02a
100,arguana,100,fp32_reranker_cpu,0.5,0.6309297535714575,test,test-culture-mmciahbans-pro01a,1.0,5,test-culture-mmciahbans-pro01a
100,arguana,100,fp32_reranker_cpu,0.5,0.6309297535714575,test,test-culture-thbcsbptwhht-pro02a,1.0,5,test-culture-thbcsbptwhht-pro02a
100,arguana,100,fp32_reranker_cpu,0.5,0.6309297535714575,test,test-digital-freedoms-eifpgdff-con01a,1.0,5,test-digital-freedoms-eifpgdff-con01a
100,arguana,100,fp32_reranker_cpu,0.0,0.0,test,test-economy-epehwmrbals-pro05a,1.0,5,test-economy-epehwmrbals-pro05a
100,arguana,100,fp32_reranker_cpu,0.5,0.6309297535714575,test,test-economy-fiahwpamu-con01a,1.0,5,test-economy-fiahwpamu-con01a
100,arguana,100,fp32_reranker_cpu,0.5,0.6309297535714575,test,test-education-ughbuesbf-pro01a,1.0,5,test-education-ughbuesbf-pro01a
100,arguana,100,fp32_reranker_cpu,0.2,0.38685280723454163,test,test-environment-ehwsnwu-con03a,1.0,5,test-environment-ehwsnwu-con03a
100,arguana,100,fp32_reranker_cpu,0.3333333333333333,0.5,test,test-health-ahiahbgbsp-con02a,1.0,5,test-health-ahiahbgbsp-con02a
100,arguana,100,fp32_reranker_cpu,0.5,0.6309297535714575,test,test-health-hpehwadvoee-con03a,1.0,5,test-health-hpehwadvoee-con03a
100,arguana,100,fp32_reranker_cpu,0.125,0.31546487678572877,test,test-health-hpehwadvoee-pro04a,1.0,5,test-health-hpehwadvoee-pro04a
100,arguana,100,fp32_reranker_cpu,0.3333333333333333,0.5,test,test-international-aahwstdrtfm-pro02a,1.0,5,test-international-aahwstdrtfm-pro02a
100,arguana,100,fp32_reranker_cpu,0.0,0.0,test,test-international-appghblsba-pro03a,1.0,5,test-international-appghblsba-pro03a
100,arguana,100,fp32_reranker_cpu,0.14285714285714285,0.3333333333333333,test,test-international-ipecfiepg-con01a,1.0,5,test-international-ipecfiepg-con01a
100,arguana,100,fp32_reranker_cpu,0.5,0.6309297535714575,test,test-international-segiahbarr-pro02a,1.0,5,test-international-segiahbarr-pro02a
100,arguana,100,fp32_reranker_cpu,0.16666666666666666,0.3562071871080222,test,test-international-siacphbnt-pro05a,1.0,5,test-international-siacphbnt-pro05a
100,arguana,100,fp32_reranker_cpu,0.1,0.2890648263178879,test,test-law-ilppppghb-con03a,1.0,5,test-law-ilppppghb-con03a
100,arguana,100,fp32_reranker_cpu,0.5,0.6309297535714575,test,test-philosophy-eppphwlrtjs-con04a,1.0,5,test-philosophy-eppphwlrtjs-con04a
100,arguana,100,fp32_reranker_cpu,0.0,0.0,test,test-philosophy-ippelhbcp-con02a,1.0,5,test-philosophy-ippelhbcp-con02a
100,arguana,100,fp32_reranker_cpu,0.1,0.2890648263178879,test,test-politics-ghbgussbsbt-con01a,1.0,5,test-politics-ghbgussbsbt-con01a
100,arguana,100,fp32_reranker_cpu,0.5,0.6309297535714575,test,test-politics-gvhbhlsbr-con01a,1.0,5,test-politics-gvhbhlsbr-con01a
100,arguana,100,fp32_reranker_cpu,0.5,0.6309297535714575,test,test-politics-oeplhbuwhmi-con02a,1.0,5,test-politics-oeplhbuwhmi-con02a
100,arguana,100,fp32_reranker_cpu,0.25,0.43067655807339306,test,test-science-cpisydfphwj-pro01a,1.0,5,test-science-cpisydfphwj-pro01a
100,arguana,100,fp32_reranker_cpu,0.2,0.38685280723454163,test,test-society-epiasghbf-con03a,1.0,5,test-economy-epiasghbf-con03a
100,arguana,100,fp32_reranker_cpu,0.125,0.31546487678572877,test,test-society-epsihbdns-con02a,1.0,5,test-economy-epsihbdns-con02a
100,arguana,100,dynamic_int8_reranker_cpu,0.5,0.6309297535714575,test,test-culture-mmciahbans-pro01a,1.0,5,test-culture-mmciahbans-pro01a
100,arguana,100,dynamic_int8_reranker_cpu,0.5,0.6309297535714575,test,test-culture-thbcsbptwhht-pro02a,1.0,5,test-culture-thbcsbptwhht-pro02a
100,arguana,100,dynamic_int8_reranker_cpu,0.5,0.6309297535714575,test,test-digital-freedoms-eifpgdff-con01a,1.0,5,test-digital-freedoms-eifpgdff-con01a
100,arguana,100,dynamic_int8_reranker_cpu,0.0,0.0,test,test-economy-epehwmrbals-pro05a,1.0,5,test-economy-epehwmrbals-pro05a
100,arguana,100,dynamic_int8_reranker_cpu,0.5,0.6309297535714575,test,test-economy-fiahwpamu-con01a,1.0,5,test-economy-fiahwpamu-con01a
100,arguana,100,dynamic_int8_reranker_cpu,0.5,0.6309297535714575,test,test-education-ughbuesbf-pro01a,1.0,5,test-education-ughbuesbf-pro01a
100,arguana,100,dynamic_int8_reranker_cpu,0.2,0.38685280723454163,test,test-environment-ehwsnwu-con03a,1.0,5,test-environment-ehwsnwu-con03a
100,arguana,100,dynamic_int8_reranker_cpu,0.3333333333333333,0.5,test,test-health-ahiahbgbsp-con02a,1.0,5,test-health-ahiahbgbsp-con02a
100,arguana,100,dynamic_int8_reranker_cpu,0.5,0.6309297535714575,test,test-health-hpehwadvoee-con03a,1.0,5,test-health-hpehwadvoee-con03a
100,arguana,100,dynamic_int8_reranker_cpu,0.1111111111111111,0.3010299956639812,test,test-health-hpehwadvoee-pro04a,1.0,5,test-health-hpehwadvoee-pro04a
100,arguana,100,dynamic_int8_reranker_cpu,0.3333333333333333,0.5,test,test-international-aahwstdrtfm-pro02a,1.0,5,test-international-aahwstdrtfm-pro02a
100,arguana,100,dynamic_int8_reranker_cpu,0.0,0.0,test,test-international-appghblsba-pro03a,1.0,5,test-international-appghblsba-pro03a
100,arguana,100,dynamic_int8_reranker_cpu,0.14285714285714285,0.3333333333333333,test,test-international-ipecfiepg-con01a,1.0,5,test-international-ipecfiepg-con01a
100,arguana,100,dynamic_int8_reranker_cpu,0.3333333333333333,0.5,test,test-international-segiahbarr-pro02a,1.0,5,test-international-segiahbarr-pro02a
100,arguana,100,dynamic_int8_reranker_cpu,0.2,0.38685280723454163,test,test-international-siacphbnt-pro05a,1.0,5,test-international-siacphbnt-pro05a
100,arguana,100,dynamic_int8_reranker_cpu,0.1111111111111111,0.3010299956639812,test,test-law-ilppppghb-con03a,1.0,5,test-law-ilppppghb-con03a
100,arguana,100,dynamic_int8_reranker_cpu,0.5,0.6309297535714575,test,test-philosophy-eppphwlrtjs-con04a,1.0,5,test-philosophy-eppphwlrtjs-con04a
100,arguana,100,dynamic_int8_reranker_cpu,0.1,0.2890648263178879,test,test-philosophy-ippelhbcp-con02a,1.0,5,test-philosophy-ippelhbcp-con02a
100,arguana,100,dynamic_int8_reranker_cpu,0.1111111111111111,0.3010299956639812,test,test-politics-ghbgussbsbt-con01a,1.0,5,test-politics-ghbgussbsbt-con01a
100,arguana,100,dynamic_int8_reranker_cpu,0.5,0.6309297535714575,test,test-politics-gvhbhlsbr-con01a,1.0,5,test-politics-gvhbhlsbr-con01a
100,arguana,100,dynamic_int8_reranker_cpu,0.5,0.6309297535714575,test,test-politics-oeplhbuwhmi-con02a,1.0,5,test-politics-oeplhbuwhmi-con02a
100,arguana,100,dynamic_int8_reranker_cpu,0.25,0.43067655807339306,test,test-science-cpisydfphwj-pro01a,1.0,5,test-science-cpisydfphwj-pro01a
100,arguana,100,dynamic_int8_reranker_cpu,0.3333333333333333,0.5,test,test-society-epiasghbf-con03a,1.0,5,test-economy-epiasghbf-con03a
100,arguana,100,dynamic_int8_reranker_cpu,0.14285714285714285,0.3333333333333333,test,test-society-epsihbdns-con02a,1.0,5,test-economy-epsihbdns-con02a
